**
**   Template:  Wave 2D Solver
**
*NODE
         1,  1000.0         ,  -2.27373675E-13,  0.0            
         2,  999.2093972273 ,  39.756515096926,  0.0            
         3,  996.8388390147 ,  79.450166971714,  0.0            
         4,  992.89207370197,  119.0181918019 ,  0.0            
         5,  987.37534193633,  158.39802440722,  0.0            
         6,  980.29736680464,  197.52739717795,  0.0            
         7,  971.66934004041,  236.3444385329 ,  0.0            
         8,  961.50490432742,  274.78777075102,  0.0            
         9,  949.82013172778,  312.79660702223,  0.0            
        10,  936.63349826873,  350.31084756382,  0.0            
        11,  921.96585472821,  387.27117465064,  0.0            
        12,  905.84039366552,  423.61914640853,  0.0            
        13,  888.28261274913,  459.29728922298,  0.0            
        14,  869.32027443958,  494.24918861672,  0.0            
        15,  848.98336209136,  528.41957845262,  0.0            
        16,  827.30403254306,  561.75442832077,  0.0            
        17,  804.31656527076,  594.20102897171,  0.0            
        18,  780.05730818521,  625.70807566056,  0.0            
        19,  754.56462015823,  656.22574927038,  0.0            
        20,  727.87881036949,  685.70579508641,  0.0            
        21,  700.04207456942,  714.10159909675,  0.0            
        22,  671.09842835904,  741.36826169862,  0.0            
        23,  641.09363759222,  767.46266869391,  0.0            
        24,  610.07514601052,  792.34355946157,  0.0            
        25,  578.09200022485,  815.97159219916,  0.0            
        26,  545.19477216267,  838.30940613028,  0.0            
        27,  511.43547910342,  859.32168057966,  0.0            
        28,  476.86750142851,  878.97519082243,  0.0            
        29,  441.54549821591,  897.23886061921,  0.0            
        30,  405.52532081299,  914.08381135404,  0.0            
        31,  368.86392452401,  929.48340769739,  0.0            
        32,  331.61927855207,  943.41329972214,  0.0            
        33,  293.85027433792,  955.85146140576,  0.0            
        34,  255.61663244048,  966.77822545804,  0.0            
        35,  216.97880810632,  976.17631441905,  0.0            
        36,  177.99789567755,  984.03086797842,  0.0            
        37,  138.73553198907,  990.3294664725 ,  0.0            
        38,  99.253798908062,  995.06215052243,  0.0            
        39,  59.61512516982 ,  998.22143678193,  0.0            
        40,  19.88218766507 ,  999.80232977007,  0.0            
        41,  -19.88218766507,  999.80232977007,  0.0            
        42,  -59.61512516982,  998.22143678193,  0.0            
        43,  -99.25379890806,  995.06215052243,  0.0            
        44,  -138.7355319891,  990.3294664725 ,  0.0            
        45,  -177.9978956776,  984.03086797842,  0.0            
        46,  -216.9788081063,  976.17631441905,  0.0            
        47,  -255.6166324405,  966.77822545804,  0.0            
        48,  -293.8502743379,  955.85146140576,  0.0            
        49,  -331.6192785521,  943.41329972214,  0.0            
        50,  -368.863924524 ,  929.48340769739,  0.0            
        51,  -405.525320813 ,  914.08381135404,  0.0            
        52,  -441.5454982159,  897.23886061921,  0.0            
        53,  -476.8675014285,  878.97519082243,  0.0            
        54,  -511.4354791034,  859.32168057966,  0.0            
        55,  -545.1947721627,  838.30940613028,  0.0            
        56,  -578.0920002248,  815.97159219916,  0.0            
        57,  -610.0751460105,  792.34355946158,  0.0            
        58,  -641.0936375922,  767.46266869391,  0.0            
        59,  -671.098428359 ,  741.36826169862,  0.0            
        60,  -700.0420745694,  714.10159909675,  0.0            
        61,  -727.8788103695,  685.70579508641,  0.0            
        62,  -754.5646201582,  656.22574927038,  0.0            
        63,  -780.0573081852,  625.70807566056,  0.0            
        64,  -804.3165652708,  594.20102897171,  0.0            
        65,  -827.304032543 ,  561.75442832077,  0.0            
        66,  -848.9833620914,  528.41957845262,  0.0            
        67,  -869.3202744396,  494.24918861672,  0.0            
        68,  -888.2826127491,  459.29728922298,  0.0            
        69,  -905.8403936655,  423.61914640853,  0.0            
        70,  -921.9658547282,  387.27117465064,  0.0            
        71,  -936.6334982687,  350.31084756382,  0.0            
        72,  -949.8201317278,  312.79660702223,  0.0            
        73,  -961.5049043274,  274.78777075103,  0.0            
        74,  -971.6693400404,  236.3444385329 ,  0.0            
        75,  -980.2973668046,  197.52739717795,  0.0            
        76,  -987.3753419363,  158.39802440722,  0.0            
        77,  -992.892073702 ,  119.0181918019 ,  0.0            
        78,  -996.8388390147,  79.450166971715,  0.0            
        79,  -999.2093972273,  39.756515096926,  0.0            
        80,  -1000.0        ,  0.0            ,  0.0            
        81,  -999.2093972273,  -39.75651509692,  0.0            
        82,  -996.8388390147,  -79.45016697171,  0.0            
        83,  -992.892073702 ,  -119.0181918019,  0.0            
        84,  -987.3753419363,  -158.3980244072,  0.0            
        85,  -980.2973668046,  -197.527397178 ,  0.0            
        86,  -971.6693400404,  -236.3444385329,  0.0            
        87,  -961.5049043274,  -274.787770751 ,  0.0            
        88,  -949.8201317278,  -312.7966070222,  0.0            
        89,  -936.6334982687,  -350.3108475638,  0.0            
        90,  -921.9658547282,  -387.2711746506,  0.0            
        91,  -905.8403936655,  -423.6191464085,  0.0            
        92,  -888.2826127491,  -459.297289223 ,  0.0            
        93,  -869.3202744396,  -494.2491886167,  0.0            
        94,  -848.9833620914,  -528.4195784526,  0.0            
        95,  -827.304032543 ,  -561.7544283208,  0.0            
        96,  -804.3165652708,  -594.2010289717,  0.0            
        97,  -780.0573081852,  -625.7080756606,  0.0            
        98,  -754.5646201582,  -656.2257492704,  0.0            
        99,  -727.8788103695,  -685.7057950864,  0.0            
       100,  -700.0420745694,  -714.1015990968,  0.0            
       101,  -671.098428359 ,  -741.3682616986,  0.0            
       102,  -641.0936375922,  -767.4626686939,  0.0            
       103,  -610.0751460105,  -792.3435594616,  0.0            
       104,  -578.0920002248,  -815.9715921992,  0.0            
       105,  -545.1947721627,  -838.3094061303,  0.0            
       106,  -511.4354791034,  -859.3216805797,  0.0            
       107,  -476.8675014285,  -878.9751908224,  0.0            
       108,  -441.5454982159,  -897.2388606192,  0.0            
       109,  -405.525320813 ,  -914.083811354 ,  0.0            
       110,  -368.863924524 ,  -929.4834076974,  0.0            
       111,  -331.6192785521,  -943.4132997221,  0.0            
       112,  -293.8502743379,  -955.8514614058,  0.0            
       113,  -255.6166324405,  -966.778225458 ,  0.0            
       114,  -216.9788081063,  -976.176314419 ,  0.0            
       115,  -177.9978956776,  -984.0308679784,  0.0            
       116,  -138.7355319891,  -990.3294664725,  0.0            
       117,  -99.25379890806,  -995.0621505224,  0.0            
       118,  -59.61512516982,  -998.2214367819,  0.0            
       119,  -19.88218766507,  -999.8023297701,  0.0            
       120,  19.88218766507 ,  -999.8023297701,  0.0            
       121,  59.61512516982 ,  -998.2214367819,  0.0            
       122,  99.253798908061,  -995.0621505224,  0.0            
       123,  138.73553198907,  -990.3294664725,  0.0            
       124,  177.99789567755,  -984.0308679784,  0.0            
       125,  216.97880810632,  -976.176314419 ,  0.0            
       126,  255.61663244048,  -966.778225458 ,  0.0            
       127,  293.85027433792,  -955.8514614058,  0.0            
       128,  331.61927855207,  -943.4132997221,  0.0            
       129,  368.86392452401,  -929.4834076974,  0.0            
       130,  405.52532081299,  -914.083811354 ,  0.0            
       131,  441.54549821591,  -897.2388606192,  0.0            
       132,  476.86750142851,  -878.9751908224,  0.0            
       133,  511.43547910342,  -859.3216805797,  0.0            
       134,  545.19477216267,  -838.3094061303,  0.0            
       135,  578.09200022485,  -815.9715921992,  0.0            
       136,  610.07514601052,  -792.3435594616,  0.0            
       137,  641.09363759222,  -767.4626686939,  0.0            
       138,  671.09842835904,  -741.3682616986,  0.0            
       139,  700.04207456942,  -714.1015990968,  0.0            
       140,  727.87881036949,  -685.7057950864,  0.0            
       141,  754.56462015823,  -656.2257492704,  0.0            
       142,  780.05730818521,  -625.7080756606,  0.0            
       143,  804.31656527076,  -594.2010289717,  0.0            
       144,  827.30403254306,  -561.7544283208,  0.0            
       145,  848.98336209136,  -528.4195784526,  0.0            
       146,  869.32027443958,  -494.2491886167,  0.0            
       147,  888.28261274913,  -459.297289223 ,  0.0            
       148,  905.84039366552,  -423.6191464085,  0.0            
       149,  921.96585472821,  -387.2711746506,  0.0            
       150,  936.63349826873,  -350.3108475638,  0.0            
       151,  949.82013172778,  -312.7966070222,  0.0            
       152,  961.50490432742,  -274.787770751 ,  0.0            
       153,  971.66934004041,  -236.3444385329,  0.0            
       154,  980.29736680464,  -197.527397178 ,  0.0            
       155,  987.37534193633,  -158.3980244072,  0.0            
       156,  992.89207370197,  -119.0181918019,  0.0            
       157,  996.8388390147 ,  -79.45016697171,  0.0            
       158,  999.2093972273 ,  -39.75651509693,  0.0            
       159,  716.81806954559,  -4.074278007121,  0.0            
       160,  10.178438736768,  716.75738151289,  0.0            
       161,  -716.8180695456,  4.0742780071205,  0.0            
       162,  -10.17843873677,  -716.7573815129,  0.0            
       163,  30.537204900938,  701.9481883887 ,  0.0            
       164,  50.841876768246,  686.76561210591,  0.0            
       165,  71.128865120453,  671.46097625111,  0.0            
       166,  91.334718757744,  655.7587716456 ,  0.0            
       167,  111.52421286634,  639.97640360585,  0.0            
       168,  131.6016314366 ,  623.77575205577,  0.0            
       169,  151.66806902839,  607.53411776949,  0.0            
       170,  171.58766617519,  590.8571052005 ,  0.0            
       171,  191.49389603417,  574.14686861864,  0.0            
       172,  211.23835219484,  557.0449740852 ,  0.0            
       173,  230.95374860574,  539.88454965085,  0.0            
       174,  250.49978897093,  522.38302136505,  0.0            
       175,  269.99565794181,  504.79633303559,  0.0            
       176,  289.31873767095,  486.91635528157,  0.0            
       177,  308.56678467419,  468.92809768412,  0.0            
       178,  327.64271147329,  450.69145315241,  0.0            
       179,  346.61509223952,  432.32704719888,  0.0            
       180,  365.42006461418,  413.7560825435 ,  0.0            
       181,  384.08943512189,  395.04162975286,  0.0            
       182,  402.60008001234,  376.15922025667,  0.0            
       183,  420.93964558477,  357.12145586529,  0.0            
       184,  439.13305532351,  337.95096926944,  0.0            
       185,  457.11661874584,  318.61721421256,  0.0            
       186,  474.97038727933,  299.18247376733,  0.0            
       187,  492.57239585106,  279.58058561665,  0.0            
       188,  510.06465416833,  259.90583241197,  0.0            
       189,  527.26024560748,  240.06415535622,  0.0            
       190,  544.36969631952,  220.17400999152,  0.0            
       191,  561.13474343749,  200.12132394855,  0.0            
       192,  577.84069445278,  180.04074760252,  0.0            
       193,  594.15184852056,  159.80621655292,  0.0            
       194,  610.42951937196,  139.55898142389,  0.0            
       195,  626.26897849268,  119.17359114856,  0.0            
       196,  642.06724465241,  98.778036891835,  0.0            
       197,  657.44508167711,  78.278745642012,  0.0            
       198,  672.74244585028,  57.764691921734,  0.0            
       199,  687.6407067246 ,  37.177424060968,  0.0            
       200,  702.41658056751,  16.574902991924,  0.0            
       201,  -702.4422262804,  24.165022264449,  0.0            
       202,  -687.6704122698,  44.209511958733,  0.0            
       203,  -672.7560399981,  64.229205360459,  0.0            
       204,  -657.4975423269,  84.189042293627,  0.0            
       205,  -642.0649710311,  104.10790576411,  0.0            
       206,  -626.3378815176,  123.9574455146 ,  0.0            
       207,  -610.4083792305,  143.74588362909,  0.0            
       208,  -594.2315306328,  163.45965617785,  0.0            
       209,  -577.8272652211,  183.08831030871,  0.0            
       210,  -561.220201459 ,  202.64106031255,  0.0            
       211,  -544.3642008039,  222.08086135273,  0.0            
       212,  -527.347146056 ,  241.4475880782 ,  0.0            
       213,  -510.0632567011,  260.66980864867,  0.0            
       214,  -492.6570834258,  279.82580550335,  0.0            
       215,  -474.9699277659,  298.80211155195,  0.0            
       216,  -457.1961236979,  317.72300515066,  0.0            
       217,  -439.1310557833,  336.42550685111,  0.0            
       218,  -421.0116899573,  355.08729555526,  0.0            
       219,  -402.5947499928,  373.4885974162 ,  0.0            
       220,  -384.1524378477,  391.86768928528,  0.0            
       221,  -365.4103054669,  409.94093938058,  0.0            
       222,  -346.646471939 ,  427.98838072751,  0.0            
       223,  -327.6281194832,  445.73312770904,  0.0            
       224,  -308.5701416401,  463.42277804897,  0.0            
       225,  -289.2996060307,  480.81688000769,  0.0            
       226,  -269.9753916848,  498.12324896537,  0.0            
       227,  -250.4771085969,  515.14511843408,  0.0            
       228,  -230.9150461554,  532.04341148181,  0.0            
       229,  -211.2138113793,  548.67204956939,  0.0            
       230,  -191.4427188407,  565.13821252256,  0.0            
       231,  -171.5636490752,  581.35324211754,  0.0            
       232,  -151.6127222615,  597.36400430929,  0.0            
       233,  -131.581215399 ,  613.14570230023,  0.0            
       234,  -111.4799755158,  628.67861835871,  0.0            
       235,  -91.32167048323,  644.00794682051,  0.0            
       236,  -71.09991110041,  659.04143697474,  0.0            
       237,  -50.84064731862,  673.90007327152,  0.0            
       238,  -30.52838086587,  688.41346211466,  0.0            
       239,  -10.19415739216,  702.78382787158,  0.0            
       240,  -30.53720490094,  -701.9481883887,  0.0            
       241,  -50.84187676824,  -686.7656121059,  0.0            
       242,  -71.12886512045,  -671.4609762511,  0.0            
       243,  -91.33471875774,  -655.7587716456,  0.0            
       244,  -111.5242128663,  -639.9764036058,  0.0            
       245,  -131.6016314366,  -623.7757520558,  0.0            
       246,  -151.6680690284,  -607.5341177695,  0.0            
       247,  -171.5876661752,  -590.8571052005,  0.0            
       248,  -191.4938960342,  -574.1468686186,  0.0            
       249,  -211.2383521948,  -557.0449740852,  0.0            
       250,  -230.9537486057,  -539.8845496508,  0.0            
       251,  -250.4997889709,  -522.383021365 ,  0.0            
       252,  -269.9956579418,  -504.7963330356,  0.0            
       253,  -289.3187376709,  -486.9163552816,  0.0            
       254,  -308.5667846742,  -468.9280976841,  0.0            
       255,  -327.6427114733,  -450.6914531524,  0.0            
       256,  -346.6150922395,  -432.3270471989,  0.0            
       257,  -365.4200646142,  -413.7560825435,  0.0            
       258,  -384.0894351219,  -395.0416297528,  0.0            
       259,  -402.6000800123,  -376.1592202567,  0.0            
       260,  -420.9396455848,  -357.1214558653,  0.0            
       261,  -439.1330553235,  -337.9509692694,  0.0            
       262,  -457.1166187458,  -318.6172142126,  0.0            
       263,  -474.9703872793,  -299.1824737673,  0.0            
       264,  -492.572395851 ,  -279.5805856166,  0.0            
       265,  -510.0646541683,  -259.905832412 ,  0.0            
       266,  -527.2602456075,  -240.0641553562,  0.0            
       267,  -544.3696963195,  -220.1740099915,  0.0            
       268,  -561.1347434375,  -200.1213239485,  0.0            
       269,  -577.8406944528,  -180.0407476025,  0.0            
       270,  -594.1518485206,  -159.8062165529,  0.0            
       271,  -610.4295193719,  -139.5589814239,  0.0            
       272,  -626.2689784927,  -119.1735911486,  0.0            
       273,  -642.0672446524,  -98.77803689183,  0.0            
       274,  -657.4450816771,  -78.27874564201,  0.0            
       275,  -672.7424458503,  -57.76469192173,  0.0            
       276,  -687.6407067246,  -37.17742406097,  0.0            
       277,  -702.4165805675,  -16.57490299192,  0.0            
       278,  702.44222628038,  -24.16502226445,  0.0            
       279,  687.67041226984,  -44.20951195873,  0.0            
       280,  672.75603999808,  -64.22920536046,  0.0            
       281,  657.49754232689,  -84.18904229363,  0.0            
       282,  642.06497103115,  -104.1079057641,  0.0            
       283,  626.33788151756,  -123.9574455146,  0.0            
       284,  610.40837923052,  -143.7458836291,  0.0            
       285,  594.23153063279,  -163.4596561778,  0.0            
       286,  577.82726522108,  -183.0883103087,  0.0            
       287,  561.22020145904,  -202.6410603125,  0.0            
       288,  544.3642008039 ,  -222.0808613527,  0.0            
       289,  527.34714605598,  -241.4475880782,  0.0            
       290,  510.06325670115,  -260.6698086487,  0.0            
       291,  492.65708342579,  -279.8258055033,  0.0            
       292,  474.96992776593,  -298.8021115519,  0.0            
       293,  457.19612369795,  -317.7230051506,  0.0            
       294,  439.13105578328,  -336.4255068511,  0.0            
       295,  421.01168995736,  -355.0872955552,  0.0            
       296,  402.59474999279,  -373.4885974162,  0.0            
       297,  384.15243784775,  -391.8676892853,  0.0            
       298,  365.41030546694,  -409.9409393806,  0.0            
       299,  346.64647193898,  -427.9883807275,  0.0            
       300,  327.62811948317,  -445.733127709 ,  0.0            
       301,  308.57014164007,  -463.422778049 ,  0.0            
       302,  289.29960603075,  -480.8168800077,  0.0            
       303,  269.97539168484,  -498.1232489654,  0.0            
       304,  250.47710859687,  -515.1451184341,  0.0            
       305,  230.91504615542,  -532.0434114818,  0.0            
       306,  211.21381137928,  -548.6720495694,  0.0            
       307,  191.44271884072,  -565.1382125226,  0.0            
       308,  171.56364907519,  -581.3532421175,  0.0            
       309,  151.61272226149,  -597.3640043093,  0.0            
       310,  131.58121539903,  -613.1457023002,  0.0            
       311,  111.47997551577,  -628.6786183587,  0.0            
       312,  91.321670483235,  -644.0079468205,  0.0            
       313,  71.099911100414,  -659.0414369747,  0.0            
       314,  50.840647318616,  -673.9000732715,  0.0            
       315,  30.528380865874,  -688.4134621146,  0.0            
       316,  10.194157392165,  -702.7838278716,  0.0            
       317,  970.64312165875,  -0.422371878006,  0.0            
       318,  942.00885661386,  -0.834347162359,  0.0            
       319,  914.09720486531,  -1.235925853058,  0.0            
       320,  886.90816641312,  -1.627107950103,  0.0            
       321,  860.44174125728,  -2.007893453496,  0.0            
       322,  834.69792939778,  -2.378282363234,  0.0            
       323,  809.67673083464,  -2.738274679318,  0.0            
       324,  785.37814556785,  -3.08787040175 ,  0.0            
       325,  761.80217359741,  -3.427069530527,  0.0            
       326,  738.94881492332,  -3.755872065651,  0.0            
       327,  18.876220312969,  970.45965208665,  0.0            
       328,  17.895014632591,  941.83923815343,  0.0            
       329,  16.938570623938,  913.94108797039,  0.0            
       330,  16.006888287008,  886.76520153755,  0.0            
       331,  15.099967621802,  860.31157885489,  0.0            
       332,  14.21780862832 ,  834.58021992242,  0.0            
       333,  13.360411306562,  809.57112474014,  0.0            
       334,  12.527775656528,  785.28429330804,  0.0            
       335,  11.719901678217,  761.71972562614,  0.0            
       336,  10.93678937163 ,  738.87742169442,  0.0            
       337,  -970.6431216588,  0.4223718780063,  0.0            
       338,  -942.0088566138,  0.8343471623589,  0.0            
       339,  -914.0972048653,  1.2359258530578,  0.0            
       340,  -886.9081664131,  1.6271079501034,  0.0            
       341,  -860.4417412573,  2.0078934534954,  0.0            
       342,  -834.6979293978,  2.3782823632332,  0.0            
       343,  -809.6767308346,  2.738274679318 ,  0.0            
       344,  -785.3781455678,  3.0878704017489,  0.0            
       345,  -761.8021735974,  3.4270695305265,  0.0            
       346,  -738.9488149233,  3.7558720656502,  0.0            
       347,  -18.87622031297,  -970.4596520866,  0.0            
       348,  -17.89501463259,  -941.8392381534,  0.0            
       349,  -16.93857062394,  -913.9410879704,  0.0            
       350,  -16.00688828701,  -886.7652015375,  0.0            
       351,  -15.0999676218 ,  -860.3115788549,  0.0            
       352,  -14.21780862832,  -834.5802199224,  0.0            
       353,  -13.36041130656,  -809.5711247401,  0.0            
       354,  -12.52777565653,  -785.284293308 ,  0.0            
       355,  -11.71990167822,  -761.7197256261,  0.0            
       356,  -10.93678937163,  -738.8774216944,  0.0            
       357,  696.39484520197,  655.77917902505,  0.0            
       358,  665.29351433419,  626.2097666336 ,  0.0            
       359,  634.57481776614,  596.99755791206,  0.0            
       360,  604.23875549784,  568.14255286044,  0.0            
       361,  574.28532752927,  539.64475147873,  0.0            
       362,  544.71453386044,  511.50415376693,  0.0            
       363,  515.52637449134,  483.72075972505,  0.0            
       364,  486.72084942199,  456.29456935308,  0.0            
       365,  458.29795865237,  429.22558265103,  0.0            
       366,  430.25770218249,  402.5137996189 ,  0.0            
       367,  901.20811758037,  333.95837941846,  0.0            
       368,  866.34430750576,  317.78058490287,  0.0            
       369,  832.04206804489,  301.77746401705,  0.0            
       370,  798.30139919777,  285.94901676102,  0.0            
       371,  765.12230096439,  270.29524313476,  0.0            
       372,  732.50477334476,  254.81614313828,  0.0            
       373,  700.44881633888,  239.51171677157,  0.0            
       374,  668.95442994673,  224.38196403464,  0.0            
       375,  638.02161416833,  209.42688492749,  0.0            
       376,  607.65036900368,  194.64647945012,  0.0            
       377,  779.46076659277,  240.90921105882,  0.0            
       378,  792.96481574492,  211.24762491245,  0.0            
       379,  805.44040308133,  181.28624318308,  0.0            
       380,  817.05922509978,  151.11640011479,  0.0            
       381,  827.64146025728,  120.72904127741,  0.0            
       382,  837.33552955533,  90.198357770951,  0.0            
       383,  845.99184292504,  59.531744805252,  0.0            
       384,  853.73277649859,  28.789674720551,  0.0            
       385,  848.44056316205,  160.19527629998,  0.0            
       386,  880.45504636368,  169.37581409889,  0.0            
       387,  913.10267470465,  178.65801351152,  0.0            
       388,  946.38344818497,  188.04187453788,  0.0            
       389,  870.08622334112,  202.9497774698 ,  0.0            
       390,  858.58877754829,  236.24918038263,  0.0            
       391,  845.86611991134,  269.19490756689,  0.0            
       392,  825.47811770833,  223.67931883666,  0.0            
       393,  837.45568745725,  192.05805301757,  0.0            
       394,  812.37371112948,  254.97384899998,  0.0            
       395,  926.60217085783,  261.80340633981,  0.0            
       396,  892.29679526478,  248.95720955034,  0.0            
       397,  937.1930496327 ,  225.09297022747,  0.0            
       398,  903.33201073294,  213.96141653976,  0.0            
       399,  914.58933021049,  298.10628657802,  0.0            
       400,  879.93799293834,  283.57238675958,  0.0            
       401,  867.10897358036,  95.832013365754,  0.0            
       402,  897.55135000754,  101.53082456625,  0.0            
       403,  928.66265883687,  107.29479137244,  0.0            
       404,  960.44290006834,  113.12391378432,  0.0            
       405,  889.58189661666,  135.5464087002 ,  0.0            
       406,  858.28615905159,  128.09602068395,  0.0            
       407,  921.52867295246,  143.08020532617,  0.0            
       408,  954.12648805903,  150.69741056184,  0.0            
       409,  909.80926579522,  33.0904620781  ,  0.0            
       410,  904.27016326026,  67.358405866792,  0.0            
       411,  881.41866131444,  30.925743600492,  0.0            
       412,  874.78759007588,  63.421624035181,  0.0            
       413,  968.70463375166,  37.505847826316,  0.0            
       414,  938.90458994097,  35.283830153374,  0.0            
       415,  965.29578772967,  75.37267733506 ,  0.0            
       416,  934.43956247819,  71.342090300086,  0.0            
       417,  669.6497118786 ,  107.24694339469,  0.0            
       418,  697.86532424414,  115.81751151127,  0.0            
       419,  726.71408174902,  124.48974124157,  0.0            
       420,  756.19598439326,  133.26363258559,  0.0            
       421,  786.31103217684,  142.13918554333,  0.0            
       422,  713.08605900125,  149.69030138601,  0.0            
       423,  699.00905711399,  174.78154887029,  0.0            
       424,  684.19871845351,  199.65382098994,  0.0            
       425,  668.88518665676,  162.90252543308,  0.0            
       426,  639.35867407609,  151.16166961761,  0.0            
       427,  683.53178065711,  139.39815002246,  0.0            
       428,  654.59275382092,  129.22591327664,  0.0            
       429,  653.60363089738,  186.21486555184,  0.0            
       430,  623.5880075864 ,  172.9323307395 ,  0.0            
       431,  761.04887165806,  198.95409860998,  0.0            
       432,  729.73028544775,  186.79873992926,  0.0            
       433,  774.04037021336,  170.63434796632,  0.0            
       434,  743.25558885333,  160.1023673673 ,  0.0            
       435,  747.1272863012 ,  227.00099374343,  0.0            
       436,  715.37327025478,  213.2491970538 ,  0.0            
       437,  774.90344004077,  22.553365666737,  0.0            
       438,  763.72555767385,  48.143522725545,  0.0            
       439,  752.02879189313,  73.688324620718,  0.0            
       440,  739.61359649883,  99.12855471602 ,  0.0            
       441,  737.67711465722,  44.441253902337,  0.0            
       442,  712.31549767414,  40.785887680814,  0.0            
       443,  750.03643388473,  20.531895177464,  0.0            
       444,  725.87414739364,  18.53907428586 ,  0.0            
       445,  711.57305278751,  92.095209748309,  0.0            
       446,  724.9310774767 ,  68.315291448696,  0.0            
       447,  684.18354784693,  85.145273390307,  0.0            
       448,  698.50229546241,  63.007413882369,  0.0            
       449,  817.88292180776,  55.688768177002,  0.0            
       450,  790.46082672403,  51.892694150433,  0.0            
       451,  826.7516113477 ,  26.682255438278,  0.0            
       452,  800.47516586176,  24.603485753673,  0.0            
       453,  808.23101793245,  84.629857781846,  0.0            
       454,  779.79543871172,  79.126513398435,  0.0            
       455,  797.64780023371,  113.44547048057,  0.0            
       456,  768.3051789809 ,  106.24530829344,  0.0            
       457,  596.90898547594,  515.18499227956,  0.0            
       458,  618.81541526453,  490.09892600902,  0.0            
       459,  639.95367985034,  464.39898875854,  0.0            
       460,  660.33924322489,  438.1406650795 ,  0.0            
       461,  679.89684058556,  411.32186559768,  0.0            
       462,  698.67232390324,  384.01419656345,  0.0            
       463,  716.56319098252,  356.20437511082,  0.0            
       464,  733.64878097137,  327.97638983373,  0.0            
       465,  749.79655849726,  299.30916118828,  0.0            
       466,  712.76993997324,  434.20953086897,  0.0            
       467,  746.11514181766,  457.36313479012,  0.0            
       468,  779.93244611882,  480.7826773611 ,  0.0            
       469,  814.22185287672,  504.46815858194,  0.0            
       470,  725.76253247614,  486.73359541443,  0.0            
       471,  704.38988843669,  515.41247087019,  0.0            
       472,  682.05690774519,  543.38049288398,  0.0            
       473,  658.76965555544,  570.58444307818,  0.0            
       474,  671.95362654654,  489.75450748543,  0.0            
       475,  692.82378343784,  462.29503442004,  0.0            
       476,  650.22695072359,  516.57936061556,  0.0            
       477,  627.63905655012,  542.71524234592,  0.0            
       478,  770.5713577988 ,  567.63573161333,  0.0            
       479,  737.26246552078,  541.37287891282,  0.0            
       480,  793.00265702874,  536.4632923648 ,  0.0            
       481,  759.15549033977,  511.45634806268,  0.0            
       482,  722.2324373595 ,  627.33969654041,  0.0            
       483,  746.972086476  ,  597.94485040648,  0.0            
       484,  690.3007824919 ,  598.79259447635,  0.0            
       485,  714.30528632932,  570.50232281429,  0.0            
       486,  817.03324604261,  333.91518667185,  0.0            
       487,  800.9480759962 ,  365.59995355024,  0.0            
       488,  783.72729053053,  396.75324283023,  0.0            
       489,  765.46151585335,  427.36513644726,  0.0            
       490,  767.03553680831,  346.68258187308,  0.0            
       491,  783.14306377876,  316.51571061317,  0.0            
       492,  749.89129589675,  376.36409264961,  0.0            
       493,  731.82192183423,  405.56582368244,  0.0            
       494,  870.3505044248 ,  404.06823581796,  0.0            
       495,  835.38639853503,  384.7285048652 ,  0.0            
       496,  886.44464151733,  369.29291869059,  0.0            
       497,  851.4671052888 ,  351.50758936433,  0.0            
       498,  834.21069215603,  471.7068189144 ,  0.0            
       499,  852.92294895672,  438.21984111691,  0.0            
       500,  799.59110596062,  449.41213485792,  0.0            
       501,  818.07117488386,  417.37182565266,  0.0            
       502,  522.61288049829,  300.87261898887,  0.0            
       503,  553.12546760226,  322.43059101094,  0.0            
       504,  584.11015716297,  344.25450168286,  0.0            
       505,  615.56694918043,  366.34435100462,  0.0            
       506,  647.49584365462,  388.70013897622,  0.0            
       507,  565.61087553808,  367.38270698105,  0.0            
       508,  546.57173092536,  390.14710052512,  0.0            
       509,  527.0913382626 ,  412.58180816074,  0.0            
       510,  507.12193984024,  434.62794607587,  0.0            
       511,  516.31704500491,  366.00136042973,  0.0            
       512,  486.49867427841,  342.1580649922 ,  0.0            
       513,  534.94317062649,  344.36510425595,  0.0            
       514,  504.72967454024,  321.63169318471,  0.0            
       515,  477.99398049061,  408.45349867311,  0.0            
       516,  497.35348905369,  387.38416420176,  0.0            
       517,  449.26654907212,  382.61800193625,  0.0            
       518,  468.03406140733,  362.50721790466,  0.0            
       519,  608.39004834807,  439.34591468953,  0.0            
       520,  577.26273203975,  414.59528527839,  0.0            
       521,  628.30891183728,  414.27048739282,  0.0            
       522,  596.73278927501,  390.68450136001,  0.0            
       523,  566.5794423329 ,  487.99369287909,  0.0            
       524,  587.82230136801,  463.93918906438,  0.0            
       525,  536.650427121  ,  461.14134414453,  0.0            
       526,  557.24760903404,  438.10014978162,  0.0            
       527,  653.01910454682,  248.84707271636,  0.0            
       528,  636.64321356619,  273.1248915425 ,  0.0            
       529,  619.62621455706,  297.10181834534,  0.0            
       530,  602.16350663915,  320.84542908146,  0.0            
       531,  605.35959113302,  255.26341805437,  0.0            
       532,  574.6017520508 ,  237.61312420404,  0.0            
       533,  621.8473071947 ,  232.41222982663,  0.0            
       534,  591.21918682492,  216.1703135707 ,  0.0            
       535,  570.97389306073,  300.2845445458 ,  0.0            
       536,  588.32966852099,  277.85983137381,  0.0            
       537,  540.27427557046,  279.97134565597,  0.0            
       538,  557.54101220446,  258.84727704411,  0.0            
       539,  700.78780848537,  309.48137743218,  0.0            
       540,  668.45261935031,  291.19754466844,  0.0            
       541,  716.9937301981 ,  282.29553839718,  0.0            
       542,  684.73457888129,  265.47484223988,  0.0            
       543,  666.0127220604 ,  362.71025509029,  0.0            
       544,  683.74297578782,  336.27409021384,  0.0            
       545,  633.8431163057 ,  341.65399926296,  0.0            
       546,  651.43065031267,  316.57323795868,  0.0            
       547,  386.84437919178,  878.92706668843,  0.0            
       548,  368.36713555629,  844.31005573288,  0.0            
       549,  350.09358990654,  810.23277848737,  0.0            
       550,  332.02374224252,  776.69523495192,  0.0            
       551,  314.15759256424,  743.69742512652,  0.0            
       552,  296.49514087168,  711.23934901117,  0.0            
       553,  279.03638716485,  679.32100660587,  0.0            
       554,  261.78133144375,  647.94239791063,  0.0            
       555,  244.72997370838,  617.10352292543,  0.0            
       556,  227.88231395875,  586.80438165029,  0.0            
       557,  342.49810140886,  726.98287231576,  0.0            
       558,  370.38080794708,  709.33942553872,  0.0            
       559,  397.82942264915,  690.8991748622 ,  0.0            
       560,  424.75839608734,  671.58446669819,  0.0            
       561,  451.1830464699 ,  651.49751888804,  0.0            
       562,  477.03087006339,  630.59391221333,  0.0            
       563,  502.30545225796,  608.94885505775,  0.0            
       564,  526.95101201187,  586.5479896408 ,  0.0            
       565,  550.95612843185,  563.44249019516,  0.0            
       566,  475.97850493542,  683.4953961703 ,  0.0            
       567,  501.06712954368,  715.94174214254,  0.0            
       568,  526.44892029467,  748.83655680477,  0.0            
       569,  552.12387718839,  782.17984015697,  0.0            
       570,  472.10712898347,  736.87427738903,  0.0            
       571,  442.49970859105,  756.81325305516,  0.0            
       572,  412.25702959406,  775.68404854613,  0.0            
       573,  381.45228528028,  793.52082551902,  0.0            
       574,  420.03587618014,  723.61372660967,  0.0            
       575,  448.29512627974,  703.99601119661,  0.0            
       576,  391.1991761463 ,  742.26012319141,  0.0            
       577,  361.864397536  ,  759.99110856437,  0.0            
       578,  488.1995100527 ,  824.66723004015,  0.0            
       579,  465.22091988192,  790.49775419865,  0.0            
       580,  520.55695192494,  804.03097485586,  0.0            
       581,  496.19440419853,  770.21926527545,  0.0            
       582,  421.29283562023,  862.14470154645,  0.0            
       583,  455.09119223516,  844.04158236164,  0.0            
       584,  401.2617646417 ,  827.57202317972,  0.0            
       585,  433.55436829033,  809.61120160288,  0.0            
       586,  609.49628488187,  622.57976373401,  0.0            
       587,  583.56943743993,  647.29496943011,  0.0            
       588,  556.83386617506,  671.11849246635,  0.0            
       589,  529.31540111984,  694.00312405472,  0.0            
       590,  555.08680120743,  616.72462469648,  0.0            
       591,  580.04383632269,  592.82339862762,  0.0            
       592,  529.40518251374,  639.82769242107,  0.0            
       593,  503.01760570455,  662.08341029104,  0.0            
       594,  641.57525101573,  709.61678793117,  0.0            
       595,  612.39892070936,  678.25902384167,  0.0            
       596,  669.49540400524,  683.21886396858,  0.0            
       597,  639.31347410938,  652.71158551433,  0.0            
       598,  582.84417127282,  759.13319863999,  0.0            
       599,  612.6780937143 ,  734.93598060277,  0.0            
       600,  555.92425630927,  726.35305350437,  0.0            
       601,  584.59150324191,  702.82125519358,  0.0            
       602,  331.60324628331,  498.23516282648,  0.0            
       603,  354.93287403516,  527.99069665883,  0.0            
       604,  378.55566792974,  558.19469918116,  0.0            
       605,  402.47162796706,  588.84717039347,  0.0            
       606,  426.68075414711,  619.94811029576,  0.0            
       607,  355.79984057814,  577.15016336689,  0.0            
       608,  332.75433533578,  595.66536780785,  0.0            
       609,  309.36261484061,  613.59669879278,  0.0            
       610,  285.72876273021,  631.08704780613,  0.0            
       611,  311.57739732452,  564.89071485242,  0.0            
       612,  290.6578381932 ,  534.601036595  ,  0.0            
       613,  333.36420043108,  546.60550564446,  0.0            
       614,  311.20383279535,  516.52756961601,  0.0            
       615,  267.24883307159,  600.16473438167,  0.0            
       616,  289.50218763552,  582.68891194818,  0.0            
       617,  248.9904950301 ,  569.76390166324,  0.0            
       618,  269.88124567896,  552.2843528056 ,  0.0            
       619,  375.8803479981 ,  658.66959781274,  0.0            
       620,  354.18865222697,  626.92499546129,  0.0            
       621,  401.49693840627,  639.63964389376,  0.0            
       622,  378.51075323654,  608.16154278333,  0.0            
       623,  323.35339689884,  694.49611677318,  0.0            
       624,  349.80192499639,  676.92195558805,  0.0            
       625,  304.43028400596,  662.53084193664,  0.0            
       626,  329.46252729424,  645.0077133394 ,  0.0            
       627,  465.88144876936,  477.55250494133,  0.0            
       628,  444.62472664681,  498.38034254142,  0.0            
       629,  422.97998192383,  518.78411905952,  0.0            
       630,  400.93702178473,  538.70671209601,  0.0            
       631,  417.876325599  ,  469.7785461975 ,  0.0            
       632,  391.47477158812,  441.57045953153,  0.0            
       633,  438.25270355186,  449.67342320458,  0.0            
       634,  410.98869900271,  422.16979814176,  0.0            
       635,  376.19452524012,  508.93807676217,  0.0            
       636,  397.19606529019,  489.55313242402,  0.0            
       637,  351.76308846964,  479.59965711431,  0.0            
       638,  371.74110206209,  460.73410847047,  0.0            
       639,  499.16206985325,  556.76506426307,  0.0            
       640,  471.71997473156,  527.37584856327,  0.0            
       641,  522.23316120935,  534.43703843662,  0.0            
       642,  493.87493465518,  505.80704335201,  0.0            
       643,  451.35519419637,  599.53462982158,  0.0            
       644,  475.53467540771,  578.48198037638,  0.0            
       645,  425.99057810348,  568.90556311581,  0.0            
       646,  449.092851963  ,  548.42706837697,  0.0            
       647,  45.758059137097,  852.99161722875,  0.0            
       648,  76.340145735723,  844.64099420068,  0.0            
       649,  106.82859037808,  835.37667257239,  0.0            
       650,  137.16049957228,  825.07750272422,  0.0            
       651,  167.33145374815,  813.89319218853,  0.0            
       652,  197.26432553679,  801.6768243836 ,  0.0            
       653,  226.97174282429,  788.60800528516,  0.0            
       654,  256.35897571864,  774.5168882593 ,  0.0            
       655,  285.4541189864 ,  759.59699831425,  0.0            
       656,  177.03246496232,  845.08781917439,  0.0            
       657,  186.84770600523,  876.91344489038,  0.0            
       658,  196.77717687687,  909.37006933648,  0.0            
       659,  206.82087757723,  942.45769251271,  0.0            
       660,  80.801778501136,  873.35370998071,  0.0            
       661,  85.32396020108 ,  902.7521835029 ,  0.0            
       662,  89.906690835551,  932.83641476725,  0.0            
       663,  94.549970404542,  963.60640377376,  0.0            
       664,  51.172919640812,  908.9715128115 ,  0.0            
       665,  48.444161737388,  880.62955964704,  0.0            
       666,  53.944332847357,  938.01747672214,  0.0            
       667,  56.758401357026,  967.76745137895,  0.0            
       668,  153.20644942241,  886.7110936235 ,  0.0            
       669,  119.3560393247 ,  895.35527591799,  0.0            
       670,  145.13530639868,  855.5696723068 ,  0.0            
       671,  113.05309356842,  865.03222187612,  0.0            
       672,  169.63774406184,  950.94169145931,  0.0            
       673,  161.37392864346,  918.50176667434,  0.0            
       674,  132.19725853502,  958.00389821618,  0.0            
       675,  125.73742764689,  926.34583469802,  0.0            
       676,  318.26062813846,  825.87760192531,  0.0            
       677,  285.95936468322,  840.3467336902 ,  0.0            
       678,  253.27310415516,  853.72190956712,  0.0            
       679,  220.20887791788,  865.87914763505,  0.0            
       680,  271.07521483946,  807.14369111571,  0.0            
       681,  301.76447138526,  792.45830676275,  0.0            
       682,  240.04741494396,  820.86771106509,  0.0            
       683,  208.67053999728,  833.47161314627,  0.0            
       684,  316.23139653952,  908.48153799341,  0.0            
       685,  301.0114252499 ,  874.12601598276,  0.0            
       686,  351.81035470783,  894.39015239263,  0.0            
       687,  334.94258924598,  859.85488380194,  0.0            
       688,  280.17453385214,  921.21378473746,  0.0            
       689,  266.64881045788,  887.17060079124,  0.0            
       690,  243.68192413948,  932.53245379094,  0.0            
       691,  231.87933929862,  898.89942784994,  0.0            
       692,  120.53984510816,  667.385038211  ,  0.0            
       693,  129.6697071787 ,  695.42467154626,  0.0            
       694,  138.91379907797,  724.09530361165,  0.0            
       695,  148.27212080597,  753.39693440716,  0.0            
       696,  157.74467236269,  783.32956393278,  0.0            
       697,  113.81409627704,  737.49650438131,  0.0            
       698,  88.6257362026  ,  750.41505309009,  0.0            
       699,  63.31854104662 ,  762.61739331357,  0.0            
       700,  37.955683154957,  774.30185445094,  0.0            
       701,  82.715003275959,  723.42952273895,  0.0            
       702,  76.882712915243,  697.11149712596,  0.0            
       703,  106.22463423995,  709.60134173527,  0.0            
       704,  98.731508400183,  682.35543082337,  0.0            
       705,  59.099104019303,  736.64770850219,  0.0            
       706,  54.940215926512,  711.36378143297,  0.0            
       707,  35.440201767159,  749.47995501735,  0.0            
       708,  32.967375682487,  725.36206632994,  0.0            
       709,  100.68252975366,  806.38862800681,  0.0            
       710,  94.614911695168,  778.06808817937,  0.0            
       711,  129.28202894321,  795.23458487579,  0.0            
       712,  121.49989451146,  766.04091876148,  0.0            
       713,  71.93906190483 ,  816.61403616282,  0.0            
       714,  67.598527008461,  789.27283586711,  0.0            
       715,  43.114611839924,  826.05768555664,  0.0            
       716,  40.513819845874,  799.8277646307 ,  0.0            
       717,  237.6378879158 ,  664.36099325316,  0.0            
       718,  213.21772269373,  680.09391799854,  0.0            
       719,  188.64482901446,  695.39584427791,  0.0            
       720,  163.83842291612,  709.9689324522 ,  0.0            
       721,  199.17312646462,  649.77207401445,  0.0            
       722,  185.29644095844,  620.02646974843,  0.0            
       723,  222.07075293426,  633.73163166092,  0.0            
       724,  206.68942230705,  603.66025678275,  0.0            
       725,  152.96070229616,  680.62512659395,  0.0            
       726,  176.16922526091,  665.51410938634,  0.0            
       727,  142.21510513632,  651.8940664618 ,  0.0            
       728,  163.84363859889,  636.22686721687,  0.0            
       729,  241.81064732074,  742.46632512097,  0.0            
       730,  227.43022964577,  710.99200170072,  0.0            
       731,  269.32957094187,  727.29367657982,  0.0            
       732,  253.39082725167,  695.54834155946,  0.0            
       733,  185.99023453644,  770.49478134702,  0.0            
       734,  214.04608779616,  756.94279222732,  0.0            
       735,  174.84826699622,  739.92548403656,  0.0            
       736,  201.27044985954,  725.87207189156,  0.0            
       737,  -669.5802058059,  683.02793940437,  0.0            
       738,  -639.4672628547,  652.31021329026,  0.0            
       739,  -609.7032457157,  621.94842075441,  0.0            
       740,  -580.2881543892,  591.94256179683,  0.0            
       741,  -551.2219888749,  562.29263641752,  0.0            
       742,  -522.5047491729,  532.99864461648,  0.0            
       743,  -494.1364352832,  504.06058639371,  0.0            
       744,  -466.1170472059,  475.4784617492 ,  0.0            
       745,  -438.4465849409,  447.25227068296,  0.0            
       746,  -411.1250484881,  419.38201319498,  0.0            
       747,  -351.9243136559,  893.66562390581,  0.0            
       748,  -335.146784858 ,  858.38693877846,  0.0            
       749,  -318.5313381305,  823.64735231534,  0.0            
       750,  -302.0779734732,  789.44686451644,  0.0            
       751,  -285.7866908863,  755.78547538177,  0.0            
       752,  -269.6574903696,  722.66318491133,  0.0            
       753,  -253.6903719232,  690.07999310512,  0.0            
       754,  -237.8853355472,  658.03589996314,  0.0            
       755,  -222.2423812414,  626.53090548538,  0.0            
       756,  -206.7615090059,  595.56500967186,  0.0            
       757,  -256.7157542575,  770.47931867314,  0.0            
       758,  -227.3261417475,  784.2666420497 ,  0.0            
       759,  -197.6464632063,  797.12544662697,  0.0            
       760,  -167.7146246901,  809.03734573062,  0.0            
       761,  -137.569708509 ,  820.0147766167 ,  0.0            
       762,  -107.2424305725,  830.00903278191,  0.0            
       763,  -76.77844914963,  839.06967476964,  0.0            
       764,  -46.20477160874,  847.11516912005,  0.0            
       765,  -15.56969700386,  854.23471119232,  0.0            
       766,  -145.5180255442,  851.55663247463,  0.0            
       767,  -153.5350027786,  883.72916953976,  0.0            
       768,  -161.6206402123,  916.53238781211,  0.0            
       769,  -169.7749378453,  949.96628729166,  0.0            
       770,  -187.1582643361,  874.05583911016,  0.0            
       771,  -220.5164440569,  863.20441358935,  0.0            
       772,  -253.561654818 ,  851.17337474786,  0.0            
       773,  -286.2469708871,  837.98066557426,  0.0            
       774,  -209.0284391578,  829.86790601315,  0.0            
       775,  -177.3927722264,  841.24041007108,  0.0            
       776,  -240.3815416218,  817.43214255807,  0.0            
       777,  -271.4096637243,  803.95128453729,  0.0            
       778,  -243.8105406983,  931.65957331179,  0.0            
       779,  -232.1104779037,  897.13496935556,  0.0            
       780,  -206.9512822761,  941.52379128414,  0.0            
       781,  -197.0111010194,  907.48363284784,  0.0            
       782,  -316.351778301 ,  907.71167316669,  0.0            
       783,  -280.2960211761,  920.38303417171,  0.0            
       784,  -301.227675746 ,  872.56746178406,  0.0            
       785,  -266.8664813361,  885.49033861908,  0.0            
       786,  -81.21093619956,  868.9335414714 ,  0.0            
       787,  -85.67471470036,  899.46472239756,  0.0            
       788,  -90.16978465204,  930.66321754811,  0.0            
       789,  -94.69614605461,  962.52902692307,  0.0            
       790,  -119.6897436639,  892.19021311073,  0.0            
       791,  -113.4410992056,  860.77512408842,  0.0            
       792,  -125.9883639472,  924.25429984885,  0.0            
       793,  -132.3369600556,  956.96738430278,  0.0            
       794,  -17.31292516091,  910.34991689864,  0.0            
       795,  -51.53109180313,  905.50078398581,  0.0            
       796,  -16.44434973114,  881.94034042469,  0.0            
       797,  -48.8616281676 ,  875.96516118643,  0.0            
       798,  -19.03184412787,  969.28091157133,  0.0            
       799,  -18.17542329315,  939.46344061419,  0.0            
       800,  -56.90784030424,  966.62892178356,  0.0            
       801,  -54.21316251535,  935.72203751819,  0.0            
       802,  -98.85802632265,  671.76571543519,  0.0            
       803,  -106.4630423614,  700.15416525708,  0.0            
       804,  -114.1367185993,  729.17329628617,  0.0            
       805,  -121.8790550366,  758.82310852247,  0.0            
       806,  -129.6900516732,  789.10360196598,  0.0            
       807,  -139.2042495222,  716.10234090091,  0.0            
       808,  -164.1367090381,  702.46235760853,  0.0            
       809,  -188.908222056 ,  688.22453061311,  0.0            
       810,  -213.4944120339,  673.40791211763,  0.0            
       811,  -153.1788488774,  672.09609098241,  0.0            
       812,  -142.3270176643,  642.32387254631,  0.0            
       813,  -129.8754802799,  686.3487353549 ,  0.0            
       814,  -120.6340556111,  657.2074945075 ,  0.0            
       815,  -199.3740933516,  642.16560694477,  0.0            
       816,  -176.3516754693,  657.36195683041,  0.0            
       817,  -185.3971723653,  611.48071694474,  0.0            
       818,  -163.9198422044,  627.07511472914,  0.0            
       819,  -186.3705162025,  764.97703543081,  0.0            
       820,  -175.2005981464,  733.42267242466,  0.0            
       821,  -158.1238217273,  777.44664608877,  0.0            
       822,  -148.620363338 ,  746.46831114554,  0.0            
       823,  -242.1652424869,  737.56476798181,  0.0            
       824,  -214.3954551951,  751.67687322275,  0.0            
       825,  -227.7581284124,  705.20763246331,  0.0            
       826,  -201.5894819646,  719.66283607722,  0.0            
       827,  -12.90927503686,  775.34150694478,  0.0            
       828,  -38.30984439224,  764.67897731887,  0.0            
       829,  -63.66873670516,  753.48196001078,  0.0            
       830,  -88.94627962359,  741.60474515721,  0.0            
       831,  -35.70341614011,  738.57150818447,  0.0            
       832,  -33.10959496465,  713.14966978307,  0.0            
       833,  -12.01031311948,  750.45166667879,  0.0            
       834,  -11.10527390458,  726.26577365439,  0.0            
       835,  -82.94751429078,  713.43464471391,  0.0            
       836,  -59.36141545876,  726.28735020662,  0.0            
       837,  -76.99872478305,  685.91354198642,  0.0            
       838,  -55.08538566325,  699.76005462687,  0.0            
       839,  -43.56052212656,  818.95080778666,  0.0            
       840,  -40.92887972106,  791.47207718627,  0.0            
       841,  -14.68896697904,  827.23302920155,  0.0            
       842,  -13.80215965671,  800.93529445237,  0.0            
       843,  -72.37725355059,  809.87312229229,  0.0            
       844,  -68.00734940243,  781.34388403933,  0.0            
       845,  -101.0937377644,  799.8919391912 ,  0.0            
       846,  -94.99502078148,  770.4238433163 ,  0.0            
       847,  -527.1956600182,  585.10572752383,  0.0            
       848,  -502.5806608821,  607.26767523183,  0.0            
       849,  -477.297043607 ,  628.63011664959,  0.0            
       850,  -451.4692397719,  649.28413703202,  0.0            
       851,  -425.0462284377,  669.10006152856,  0.0            
       852,  -398.1286004066,  688.15308585278,  0.0            
       853,  -370.6907495206,  706.33564811477,  0.0            
       854,  -342.8126213625,  723.70394448758,  0.0            
       855,  -314.4904107666,  740.1758236629 ,  0.0            
       856,  -448.5649293001,  702.04689820641,  0.0            
       857,  -472.3391341038,  735.44125100551,  0.0            
       858,  -496.3688428488,  769.28311992585,  0.0            
       859,  -520.6540555351,  803.57250496744,  0.0            
       860,  -501.2957790066,  714.67152026092,  0.0            
       861,  -529.5296664993,  692.88284446222,  0.0            
       862,  -557.0511803744,  670.16797283028,  0.0            
       863,  -583.7660430402,  646.48799093316,  0.0            
       864,  -503.2669187083,  660.55103900388,  0.0            
       865,  -476.2454152315,  681.76322884015,  0.0            
       866,  -529.6601420963,  638.52154073333,  0.0            
       867,  -555.3157308102,  615.60973418506,  0.0            
       868,  -582.9337801504,  758.77910469107,  0.0            
       869,  -556.08528698  ,  725.62553302461,  0.0            
       870,  -552.2190715032,  781.77570194043,  0.0            
       871,  -526.6203310972,  748.00901129435,  0.0            
       872,  -641.6573918146,  709.36725468993,  0.0            
       873,  -612.7679281224,  734.63853681057,  0.0            
       874,  -612.5465967084,  677.74049776811,  0.0            
       875,  -584.7537757164,  702.2069715227 ,  0.0            
       876,  -350.3620754516,  808.17667227246,  0.0            
       877,  -381.7074196478,  791.61051399913,  0.0            
       878,  -412.5070447051,  773.93901778251,  0.0            
       879,  -442.740893184 ,  755.223025854  ,  0.0            
       880,  -362.1602950958,  757.40599641984,  0.0            
       881,  -332.3358598869,  773.91585688986,  0.0            
       882,  -391.4898295164,  739.89525837942,  0.0            
       883,  -420.3163370118,  721.45513953847,  0.0            
       884,  -421.4000212078,  861.52694609882,  0.0            
       885,  -401.4539950184,  826.31749722545,  0.0            
       886,  -386.9568059147,  878.26064950454,  0.0            
       887,  -368.5690574609,  842.95826981068,  0.0            
       888,  -488.3004642298,  824.1562963746 ,  0.0            
       889,  -455.1958806611,  843.47898400402,  0.0            
       890,  -465.4022689234,  789.45674479938,  0.0            
       891,  -433.7423950866,  808.46692632405,  0.0            
       892,  -311.2852832453,  511.07861995805,  0.0            
       893,  -333.5264644012,  541.78787602966,  0.0            
       894,  -356.0231494983,  572.94464822251,  0.0            
       895,  -378.7753385368,  604.54893653662,  0.0            
       896,  -401.7830315166,  636.60074097197,  0.0            
       897,  -378.7858432862,  554.42205928356,  0.0            
       898,  -401.1446544414,  535.33264821107,  0.0            
       899,  -423.2115596229,  515.8614783001 ,  0.0            
       900,  -444.8168962711,  495.83920806132,  0.0            
       901,  -376.346270099 ,  505.055258273  ,  0.0            
       902,  -351.8407584462,  475.188751439  ,  0.0            
       903,  -355.1064210886,  523.65976592605,  0.0            
       904,  -331.7011872066,  493.32667218118,  0.0            
       905,  -418.0177912316,  466.83220174754,  0.0            
       906,  -397.3783066644,  486.17787918044,  0.0            
       907,  -391.5489276302,  438.19944552063,  0.0            
       908,  -371.8566107697,  456.88684665625,  0.0            
       909,  -451.6200411954,  597.12007739936,  0.0            
       910,  -426.2359114736,  566.02092125319,  0.0            
       911,  -426.9672526278,  617.23424483655,  0.0            
       912,  -402.7394537993,  585.61355225373,  0.0            
       913,  -499.4058306644,  554.97597094946,  0.0            
       914,  -475.8127367318,  576.4063763258 ,  0.0            
       915,  -471.9462427487,  525.22046446196,  0.0            
       916,  -449.3563696454,  545.93764401522,  0.0            
       917,  -262.0386620727,  642.0804169158 ,  0.0            
       918,  -285.9663050748,  625.61258257303,  0.0            
       919,  -309.6023206907,  608.56171215144,  0.0            
       920,  -332.9863079938,  591.04192057478,  0.0            
       921,  -267.4164346163,  593.92039322892,  0.0            
       922,  -249.0660149765,  562.73066953185,  0.0            
       923,  -244.9162787304,  610.42351231137,  0.0            
       924,  -227.9746618326,  579.28738986256,  0.0            
       925,  -311.745849657 ,  559.60319740847,  0.0            
       926,  -289.6757814665,  576.93869844055,  0.0            
       927,  -290.7422108874,  528.630306872  ,  0.0            
       928,  -269.9673774352,  545.7998338681 ,  0.0            
       929,  -323.6643984479,  690.50435820236,  0.0            
       930,  -304.715626352 ,  657.80723756418,  0.0            
       931,  -296.8257280908,  706.95657259157,  0.0            
       932,  -279.3418118595,  674.25810367587,  0.0            
       933,  -376.1776833686,  655.31686479694,  0.0            
       934,  -350.1098047177,  673.26018698855,  0.0            
       935,  -354.4635858976,  622.94647637094,  0.0            
       936,  -329.7469951078,  640.66887500078,  0.0            
       937,  -886.4919475684,  369.62277634019,  0.0            
       938,  -851.553809963 ,  352.14714652204,  0.0            
       939,  -817.1514419119,  334.8442851962 ,  0.0            
       940,  -783.2848434151,  317.71419236267,  0.0            
       941,  -749.9540144727,  300.75686802145,  0.0            
       942,  -717.1589550846,  283.97231217253,  0.0            
       943,  -684.8996652508,  267.36052481592,  0.0            
       944,  -653.1761449714,  250.92150595162,  0.0            
       945,  -621.9883942462,  234.65525557962,  0.0            
       946,  -591.3364130755,  218.56177369993,  0.0            
       947,  -733.7767555719,  329.14456000598,  0.0            
       948,  -716.7450248906,  357.13367515105,  0.0            
       949,  -698.8258835371,  384.66097290527,  0.0            
       950,  -680.101390926 ,  411.73189102986,  0.0            
       951,  -660.5169514854,  438.265382442  ,  0.0            
       952,  -640.1795967372,  464.28918680389,  0.0            
       953,  -619.0161457969,  489.7012381418 ,  0.0            
       954,  -597.1552334743,  514.55512552919,  0.0            
       955,  -574.5082664914,  538.72463100943,  0.0            
       956,  -692.9896723303,  462.43448954718,  0.0            
       957,  -725.9047408585,  486.86794768765,  0.0            
       958,  -759.26215707  ,  511.5657568634 ,  0.0            
       959,  -793.0619209649,  536.52791707444,  0.0            
       960,  -746.2710832195,  457.66886241889,  0.0            
       961,  -765.5844906029,  427.81310513557,  0.0            
       962,  -783.8648576162,  397.37091625132,  0.0            
       963,  -801.050955269 ,  366.36113956429,  0.0            
       964,  -731.9653288542,  406.12318001137,  0.0            
       965,  -712.955721044 ,  434.57735946103,  0.0            
       966,  -750.0557408504,  377.14759494644,  0.0            
       967,  -767.1553128304,  347.65730728469,  0.0            
       968,  -834.2619633956,  471.87610943824,  0.0            
       969,  -799.6833687834,  449.73074827786,  0.0            
       970,  -814.2849037432,  504.58997191468,  0.0            
       971,  -780.0474774526,  481.00639990344,  0.0            
       972,  -870.3934956865,  404.34205912621,  0.0            
       973,  -852.9782935656,  438.44576338959,  0.0            
       974,  -835.4636828877,  385.2560568448 ,  0.0            
       975,  -818.1723751879,  417.80363906571,  0.0            
       976,  -634.7536534831,  596.50424543121,  0.0            
       977,  -658.9601044657,  570.26547334244,  0.0            
       978,  -682.2176739475,  543.20102099187,  0.0            
       979,  -704.5633942233,  515.40592103937,  0.0            
       980,  -627.8645216897,  542.25064915528,  0.0            
       981,  -604.447154894 ,  567.44562968548,  0.0            
       982,  -650.4144204047,  516.3006375406 ,  0.0            
       983,  -672.1596638257,  489.70622014969,  0.0            
       984,  -722.3101537   ,  627.25302339999,  0.0            
       985,  -690.4419818025,  598.59959809068,  0.0            
       986,  -696.4694812208,  655.63432813167,  0.0            
       987,  -665.4277622587,  625.9004782466 ,  0.0            
       988,  -770.6418449458,  567.65332545038,  0.0            
       989,  -747.0391178377,  597.90474005185,  0.0            
       990,  -737.39078793  ,  541.38828947293,  0.0            
       991,  -714.4259064251,  570.40238849562,  0.0            
       992,  -504.7885625109,  321.3851124454 ,  0.0            
       993,  -535.0495449391,  344.23246437415,  0.0            
       994,  -565.7528750507,  367.34416733818,  0.0            
       995,  -596.8985528456,  390.7202213375 ,  0.0            
       996,  -628.4865783239,  414.3606263721 ,  0.0            
       997,  -584.304592917 ,  344.67169289649,  0.0            
       998,  -602.2858461764,  321.64065969554,  0.0            
       999,  -619.8032818466,  298.34832482188,  0.0            
      1000,  -636.7435948773,  274.7528281753 ,  0.0            
      1001,  -571.0652665862,  301.08932466182,  0.0            
      1002,  -540.3244034278,  280.7657076462 ,  0.0            
      1003,  -553.2943910291,  322.81036257209,  0.0            
      1004,  -522.7452211987,  301.19506677437,  0.0            
      1005,  -605.4333783394,  257.0044209002 ,  0.0            
      1006,  -588.4861691104,  279.17201106448,  0.0            
      1007,  -574.6402469816,  239.44709862602,  0.0            
      1008,  -557.6674571802,  260.20509881659,  0.0            
      1009,  -666.1661546518,  363.42648381727,  0.0            
      1010,  -633.9861421982,  342.41971274736,  0.0            
      1011,  -647.7080928654,  389.13245712538,  0.0            
      1012,  -615.7758268625,  366.77905774759,  0.0            
      1013,  -700.9152834936,  310.82289772818,  0.0            
      1014,  -683.9327097366,  337.32915686516,  0.0            
      1015,  -668.5708965954,  292.69232045129,  0.0            
      1016,  -651.6187953887,  317.73404008877,  0.0            
      1017,  -486.8972624028,  454.58733739929,  0.0            
      1018,  -507.3451361926,  433.38435801739,  0.0            
      1019,  -527.251195583 ,  411.7089442603 ,  0.0            
      1020,  -546.7813753265,  389.7340920298 ,  0.0            
      1021,  -478.1810262201,  406.9660366356 ,  0.0            
      1022,  -449.4032108084,  380.86701581489,  0.0            
      1023,  -458.4288147463,  427.21680700192,  0.0            
      1024,  -430.3279772763,  400.18389367423,  0.0            
      1025,  -516.4959614745,  365.44772885954,  0.0            
      1026,  -497.4728367148,  386.31348107142,  0.0            
      1027,  -486.6342109317,  341.44403323316,  0.0            
      1028,  -468.0994567816,  361.21900193503,  0.0            
      1029,  -566.8322398197,  487.17890246418,  0.0            
      1030,  -536.8955407258,  460.12197996025,  0.0            
      1031,  -544.9369882754,  510.34124940304,  0.0            
      1032,  -515.7333202458,  482.29548486633,  0.0            
      1033,  -608.6231929579,  439.15482100198,  0.0            
      1034,  -588.022850124 ,  463.40282279549,  0.0            
      1035,  -577.4904524876,  414.30312274395,  0.0            
      1036,  -557.434533386 ,  437.40539150165,  0.0            
      1037,  -853.7562947828,  32.550674176208,  0.0            
      1038,  -846.0290677296,  63.038141067282,  0.0            
      1039,  -837.3772921395,  93.445813073774,  0.0            
      1040,  -827.7127505752,  123.72362729008,  0.0            
      1041,  -817.1174973456,  153.84620274994,  0.0            
      1042,  -805.5428894902,  183.76690483756,  0.0            
      1043,  -793.0382345838,  213.45599210691,  0.0            
      1044,  -779.5918748708,  242.87414269352,  0.0            
      1045,  -765.2229470463,  271.98382360129,  0.0            
      1046,  -848.4950883868,  162.42006973689,  0.0            
      1047,  -880.5018708532,  171.07512267317,  0.0            
      1048,  -913.137844745 ,  179.81136155877,  0.0            
      1049,  -946.4030100622,  188.6287863937 ,  0.0            
      1050,  -874.8205328908,  66.268073401091,  0.0            
      1051,  -904.2972425998,  69.52424215844 ,  0.0            
      1052,  -934.4591968568,  72.806647339326,  0.0            
      1053,  -965.3063956618,  76.115288943752,  0.0            
      1054,  -909.8257489942,  35.409250799668,  0.0            
      1055,  -881.4390574274,  33.976002530468,  0.0            
      1056,  -938.9163694831,  36.850418983812,  0.0            
      1057,  -968.7109188941,  38.299507082897,  0.0            
      1058,  -889.634159721 ,  137.40477781474,  0.0            
      1059,  -897.5835242432,  103.54110576862,  0.0            
      1060,  -858.3495172484,  130.53276783204,  0.0            
      1061,  -867.1471281045,  98.471182955131,  0.0            
      1062,  -954.147072065 ,  151.33740610233,  0.0            
      1063,  -921.5666779933,  144.33965723817,  0.0            
      1064,  -960.455997042 ,  113.81461019201,  0.0            
      1065,  -928.6864805557,  108.65558151425,  0.0            
      1066,  -832.1238057497,  302.85127723517,  0.0            
      1067,  -845.9637627054,  270.43472199966,  0.0            
      1068,  -858.6494344504,  237.635246665  ,  0.0            
      1069,  -870.1619485569,  204.49941094193,  0.0            
      1070,  -812.4912496368,  256.58636460903,  0.0            
      1071,  -798.3961494337,  287.34032442637,  0.0            
      1072,  -825.5479231787,  225.4867099027 ,  0.0            
      1073,  -837.547165498 ,  194.08340666079,  0.0            
      1074,  -914.6282037509,  298.53984320626,  0.0            
      1075,  -880.0094140768,  284.4192148654 ,  0.0            
      1076,  -901.2424801672,  334.3365388039 ,  0.0            
      1077,  -866.4059159942,  318.51668202768,  0.0            
      1078,  -926.6279250248,  262.28577708916,  0.0            
      1079,  -892.3427683992,  249.90160239382,  0.0            
      1080,  -937.2230358281,  225.62992687799,  0.0            
      1081,  -903.3872386669,  215.014917681  ,  0.0            
      1082,  -669.6674135202,  112.1946570551 ,  0.0            
      1083,  -697.8990474346,  120.36259429542,  0.0            
      1084,  -726.7598727744,  128.61171748506,  0.0            
      1085,  -756.2498895394,  136.94202662403,  0.0            
      1086,  -786.3690977299,  145.35352171232,  0.0            
      1087,  -739.6897053531,  103.67342230856,  0.0            
      1088,  -752.0671452869,  78.637021022511,  0.0            
      1089,  -763.766139534 ,  53.505762607083,  0.0            
      1090,  -774.9315803819,  28.322208603088,  0.0            
      1091,  -724.9635500169,  73.789862869693,  0.0            
      1092,  -698.5265149206,  68.987257649008,  0.0            
      1093,  -711.6444418782,  97.115759529523,  0.0            
      1094,  -684.2470542028,  90.620966191209,  0.0            
      1095,  -737.7156525646,  50.380775967428,  0.0            
      1096,  -712.3504101432,  47.282025751311,  0.0            
      1097,  -750.0645334259,  26.928559908599,  0.0            
      1098,  -725.9014153921,  25.542831129052,  0.0            
      1099,  -808.2740163482,  88.464996124552,  0.0            
      1100,  -779.8373007307,  83.528732107464,  0.0            
      1101,  -797.7238597017,  116.97735618884,  0.0            
      1102,  -768.3828446276,  110.29395452834,  0.0            
      1103,  -817.9228471165,  59.83444515701 ,  0.0            
      1104,  -790.5018710512,  56.656985670278,  0.0            
      1105,  -826.7774610604,  31.133265736892,  0.0            
      1106,  -800.5025562601,  29.723777212519,  0.0            
      1107,  -669.0300634553,  226.8410330283 ,  0.0            
      1108,  -684.3325803895,  202.55428979767,  0.0            
      1109,  -699.060104861 ,  178.07075251867,  0.0            
      1110,  -713.1931037737,  153.41441411543,  0.0            
      1111,  -653.7257588345,  189.38660978262,  0.0            
      1112,  -623.6920755823,  176.35506524268,  0.0            
      1113,  -638.074676782 ,  212.10234013806,  0.0            
      1114,  -607.6737440373,  197.51809923152,  0.0            
      1115,  -683.6308559705,  143.4959221239 ,  0.0            
      1116,  -668.9177069739,  166.51131058896,  0.0            
      1117,  -654.6791152185,  133.67693259029,  0.0            
      1118,  -639.3671317637,  155.06968762576,  0.0            
      1119,  -747.2656384076,  229.29805625312,  0.0            
      1120,  -715.5125402472,  215.85810528784,  0.0            
      1121,  -732.6041985874,  256.78177475992,  0.0            
      1122,  -700.5399040571,  241.73417790225,  0.0            
      1123,  -774.1491205336,  173.54990547226,  0.0            
      1124,  -761.1203686659,  201.54309327764,  0.0            
      1125,  -743.3658586281,  163.43240856488,  0.0            
      1126,  -729.794325425 ,  189.74801341489,  0.0            
      1127,  -696.394845202 ,  -655.779179025 ,  0.0            
      1128,  -665.2935143342,  -626.2097666336,  0.0            
      1129,  -634.5748177661,  -596.997557912 ,  0.0            
      1130,  -604.2387554978,  -568.1425528604,  0.0            
      1131,  -574.2853275293,  -539.6447514787,  0.0            
      1132,  -544.7145338604,  -511.5041537669,  0.0            
      1133,  -515.5263744913,  -483.720759725 ,  0.0            
      1134,  -486.720849422 ,  -456.2945693531,  0.0            
      1135,  -458.2979586524,  -429.225582651 ,  0.0            
      1136,  -430.2577021825,  -402.5137996189,  0.0            
      1137,  -901.2081175804,  -333.9583794184,  0.0            
      1138,  -866.3443075058,  -317.7805849029,  0.0            
      1139,  -832.0420680449,  -301.777464017 ,  0.0            
      1140,  -798.3013991978,  -285.949016761 ,  0.0            
      1141,  -765.1223009644,  -270.2952431348,  0.0            
      1142,  -732.5047733448,  -254.8161431383,  0.0            
      1143,  -700.4488163389,  -239.5117167716,  0.0            
      1144,  -668.9544299467,  -224.3819640346,  0.0            
      1145,  -638.0216141683,  -209.4268849275,  0.0            
      1146,  -607.6503690037,  -194.6464794501,  0.0            
      1147,  -779.4607665928,  -240.9092110588,  0.0            
      1148,  -792.9648157449,  -211.2476249124,  0.0            
      1149,  -805.4404030813,  -181.2862431831,  0.0            
      1150,  -817.0592250998,  -151.1164001148,  0.0            
      1151,  -827.6414602573,  -120.7290412774,  0.0            
      1152,  -837.3355295553,  -90.19835777095,  0.0            
      1153,  -845.991842925 ,  -59.53174480525,  0.0            
      1154,  -853.7327764986,  -28.78967472055,  0.0            
      1155,  -848.440563162 ,  -160.1952763   ,  0.0            
      1156,  -880.4550463637,  -169.3758140989,  0.0            
      1157,  -913.1026747046,  -178.6580135115,  0.0            
      1158,  -946.383448185 ,  -188.0418745379,  0.0            
      1159,  -870.0862233411,  -202.9497774698,  0.0            
      1160,  -858.5887775483,  -236.2491803826,  0.0            
      1161,  -845.8661199113,  -269.1949075669,  0.0            
      1162,  -825.4781177083,  -223.6793188367,  0.0            
      1163,  -837.4556874572,  -192.0580530176,  0.0            
      1164,  -812.3737111295,  -254.973849    ,  0.0            
      1165,  -926.6021708578,  -261.8034063398,  0.0            
      1166,  -892.2967952648,  -248.9572095503,  0.0            
      1167,  -937.1930496327,  -225.0929702275,  0.0            
      1168,  -903.3320107329,  -213.9614165398,  0.0            
      1169,  -914.5893302105,  -298.106286578 ,  0.0            
      1170,  -879.9379929383,  -283.5723867596,  0.0            
      1171,  -867.1089735804,  -95.83201336575,  0.0            
      1172,  -897.5513500075,  -101.5308245662,  0.0            
      1173,  -928.6626588369,  -107.2947913724,  0.0            
      1174,  -960.4429000683,  -113.1239137843,  0.0            
      1175,  -889.5818966166,  -135.5464087002,  0.0            
      1176,  -858.2861590516,  -128.096020684 ,  0.0            
      1177,  -921.5286729525,  -143.0802053262,  0.0            
      1178,  -954.126488059 ,  -150.6974105618,  0.0            
      1179,  -909.8092657952,  -33.0904620781 ,  0.0            
      1180,  -904.2701632602,  -67.35840586679,  0.0            
      1181,  -881.4186613144,  -30.92574360049,  0.0            
      1182,  -874.7875900759,  -63.42162403518,  0.0            
      1183,  -968.7046337516,  -37.50584782632,  0.0            
      1184,  -938.904589941 ,  -35.28383015337,  0.0            
      1185,  -965.2957877297,  -75.37267733506,  0.0            
      1186,  -934.4395624782,  -71.34209030008,  0.0            
      1187,  -669.6497118786,  -107.2469433947,  0.0            
      1188,  -697.8653242441,  -115.8175115113,  0.0            
      1189,  -726.714081749 ,  -124.4897412416,  0.0            
      1190,  -756.1959843932,  -133.2636325856,  0.0            
      1191,  -786.3110321768,  -142.1391855433,  0.0            
      1192,  -713.0860590012,  -149.690301386 ,  0.0            
      1193,  -699.009057114 ,  -174.7815488703,  0.0            
      1194,  -684.1987184535,  -199.6538209899,  0.0            
      1195,  -668.8851866568,  -162.9025254331,  0.0            
      1196,  -639.3586740761,  -151.1616696176,  0.0            
      1197,  -683.5317806571,  -139.3981500224,  0.0            
      1198,  -654.5927538209,  -129.2259132766,  0.0            
      1199,  -653.6036308974,  -186.2148655518,  0.0            
      1200,  -623.5880075864,  -172.9323307395,  0.0            
      1201,  -761.048871658 ,  -198.95409861  ,  0.0            
      1202,  -729.7302854477,  -186.7987399293,  0.0            
      1203,  -774.0403702134,  -170.6343479663,  0.0            
      1204,  -743.2555888533,  -160.1023673673,  0.0            
      1205,  -747.1272863012,  -227.0009937434,  0.0            
      1206,  -715.3732702548,  -213.2491970538,  0.0            
      1207,  -774.9034400408,  -22.55336566673,  0.0            
      1208,  -763.7255576738,  -48.14352272554,  0.0            
      1209,  -752.0287918931,  -73.68832462072,  0.0            
      1210,  -739.6135964988,  -99.12855471602,  0.0            
      1211,  -737.6771146572,  -44.44125390234,  0.0            
      1212,  -712.3154976741,  -40.78588768081,  0.0            
      1213,  -750.0364338847,  -20.53189517746,  0.0            
      1214,  -725.8741473936,  -18.53907428586,  0.0            
      1215,  -711.5730527875,  -92.09520974831,  0.0            
      1216,  -724.9310774767,  -68.31529144869,  0.0            
      1217,  -684.1835478469,  -85.1452733903 ,  0.0            
      1218,  -698.5022954624,  -63.00741388236,  0.0            
      1219,  -817.8829218078,  -55.688768177  ,  0.0            
      1220,  -790.460826724 ,  -51.89269415043,  0.0            
      1221,  -826.7516113477,  -26.68225543828,  0.0            
      1222,  -800.4751658618,  -24.60348575367,  0.0            
      1223,  -808.2310179324,  -84.62985778184,  0.0            
      1224,  -779.7954387117,  -79.12651339843,  0.0            
      1225,  -797.6478002337,  -113.4454704806,  0.0            
      1226,  -768.3051789809,  -106.2453082934,  0.0            
      1227,  -596.9089854759,  -515.1849922796,  0.0            
      1228,  -618.8154152645,  -490.098926009 ,  0.0            
      1229,  -639.9536798503,  -464.3989887585,  0.0            
      1230,  -660.3392432249,  -438.1406650795,  0.0            
      1231,  -679.8968405856,  -411.3218655977,  0.0            
      1232,  -698.6723239032,  -384.0141965634,  0.0            
      1233,  -716.5631909825,  -356.2043751108,  0.0            
      1234,  -733.6487809714,  -327.9763898337,  0.0            
      1235,  -749.7965584972,  -299.3091611883,  0.0            
      1236,  -712.7699399732,  -434.209530869 ,  0.0            
      1237,  -746.1151418176,  -457.3631347901,  0.0            
      1238,  -779.9324461188,  -480.7826773611,  0.0            
      1239,  -814.2218528767,  -504.4681585819,  0.0            
      1240,  -725.7625324761,  -486.7335954144,  0.0            
      1241,  -704.3898884367,  -515.4124708702,  0.0            
      1242,  -682.0569077452,  -543.380492884 ,  0.0            
      1243,  -658.7696555554,  -570.5844430782,  0.0            
      1244,  -671.9536265465,  -489.7545074854,  0.0            
      1245,  -692.8237834378,  -462.29503442  ,  0.0            
      1246,  -650.2269507236,  -516.5793606156,  0.0            
      1247,  -627.6390565501,  -542.7152423459,  0.0            
      1248,  -770.5713577988,  -567.6357316133,  0.0            
      1249,  -737.2624655208,  -541.3728789128,  0.0            
      1250,  -793.0026570287,  -536.4632923648,  0.0            
      1251,  -759.1554903398,  -511.4563480627,  0.0            
      1252,  -722.2324373595,  -627.3396965404,  0.0            
      1253,  -746.972086476 ,  -597.9448504065,  0.0            
      1254,  -690.3007824919,  -598.7925944763,  0.0            
      1255,  -714.3052863293,  -570.5023228143,  0.0            
      1256,  -817.0332460426,  -333.9151866718,  0.0            
      1257,  -800.9480759962,  -365.5999535502,  0.0            
      1258,  -783.7272905305,  -396.7532428302,  0.0            
      1259,  -765.4615158534,  -427.3651364473,  0.0            
      1260,  -767.0355368083,  -346.6825818731,  0.0            
      1261,  -783.1430637788,  -316.5157106132,  0.0            
      1262,  -749.8912958967,  -376.3640926496,  0.0            
      1263,  -731.8219218342,  -405.5658236824,  0.0            
      1264,  -870.3505044248,  -404.068235818 ,  0.0            
      1265,  -835.386398535 ,  -384.7285048652,  0.0            
      1266,  -886.4446415173,  -369.2929186906,  0.0            
      1267,  -851.4671052888,  -351.5075893643,  0.0            
      1268,  -834.210692156 ,  -471.7068189144,  0.0            
      1269,  -852.9229489567,  -438.2198411169,  0.0            
      1270,  -799.5911059606,  -449.4121348579,  0.0            
      1271,  -818.0711748838,  -417.3718256526,  0.0            
      1272,  -522.6128804983,  -300.8726189889,  0.0            
      1273,  -553.1254676022,  -322.4305910109,  0.0            
      1274,  -584.110157163 ,  -344.2545016828,  0.0            
      1275,  -615.5669491804,  -366.3443510046,  0.0            
      1276,  -647.4958436546,  -388.7001389762,  0.0            
      1277,  -565.6108755381,  -367.382706981 ,  0.0            
      1278,  -546.5717309254,  -390.1471005251,  0.0            
      1279,  -527.0913382626,  -412.5818081607,  0.0            
      1280,  -507.1219398402,  -434.6279460759,  0.0            
      1281,  -516.3170450049,  -366.0013604297,  0.0            
      1282,  -486.4986742784,  -342.1580649922,  0.0            
      1283,  -534.9431706265,  -344.3651042559,  0.0            
      1284,  -504.7296745402,  -321.6316931847,  0.0            
      1285,  -477.9939804906,  -408.4534986731,  0.0            
      1286,  -497.3534890537,  -387.3841642018,  0.0            
      1287,  -449.2665490721,  -382.6180019362,  0.0            
      1288,  -468.0340614073,  -362.5072179046,  0.0            
      1289,  -608.3900483481,  -439.3459146895,  0.0            
      1290,  -577.2627320397,  -414.5952852784,  0.0            
      1291,  -628.3089118373,  -414.2704873928,  0.0            
      1292,  -596.732789275 ,  -390.68450136  ,  0.0            
      1293,  -566.5794423329,  -487.9936928791,  0.0            
      1294,  -587.822301368 ,  -463.9391890644,  0.0            
      1295,  -536.650427121 ,  -461.1413441445,  0.0            
      1296,  -557.247609034 ,  -438.1001497816,  0.0            
      1297,  -653.0191045468,  -248.8470727164,  0.0            
      1298,  -636.6432135662,  -273.1248915425,  0.0            
      1299,  -619.626214557 ,  -297.1018183453,  0.0            
      1300,  -602.1635066391,  -320.8454290815,  0.0            
      1301,  -605.359591133 ,  -255.2634180544,  0.0            
      1302,  -574.6017520508,  -237.613124204 ,  0.0            
      1303,  -621.8473071947,  -232.4122298266,  0.0            
      1304,  -591.2191868249,  -216.1703135707,  0.0            
      1305,  -570.9738930607,  -300.2845445458,  0.0            
      1306,  -588.329668521 ,  -277.8598313738,  0.0            
      1307,  -540.2742755704,  -279.971345656 ,  0.0            
      1308,  -557.5410122044,  -258.8472770441,  0.0            
      1309,  -700.7878084854,  -309.4813774322,  0.0            
      1310,  -668.4526193503,  -291.1975446684,  0.0            
      1311,  -716.9937301981,  -282.2955383972,  0.0            
      1312,  -684.7345788813,  -265.4748422399,  0.0            
      1313,  -666.0127220604,  -362.7102550903,  0.0            
      1314,  -683.7429757878,  -336.2740902138,  0.0            
      1315,  -633.8431163057,  -341.653999263 ,  0.0            
      1316,  -651.4306503127,  -316.5732379587,  0.0            
      1317,  -386.8443791918,  -878.9270666884,  0.0            
      1318,  -368.3671355563,  -844.3100557329,  0.0            
      1319,  -350.0935899065,  -810.2327784874,  0.0            
      1320,  -332.0237422425,  -776.6952349519,  0.0            
      1321,  -314.1575925642,  -743.6974251265,  0.0            
      1322,  -296.4951408717,  -711.2393490112,  0.0            
      1323,  -279.0363871648,  -679.3210066059,  0.0            
      1324,  -261.7813314438,  -647.9423979106,  0.0            
      1325,  -244.7299737084,  -617.1035229254,  0.0            
      1326,  -227.8823139587,  -586.8043816503,  0.0            
      1327,  -342.4981014088,  -726.9828723158,  0.0            
      1328,  -370.3808079471,  -709.3394255387,  0.0            
      1329,  -397.8294226491,  -690.8991748622,  0.0            
      1330,  -424.7583960873,  -671.5844666982,  0.0            
      1331,  -451.1830464699,  -651.497518888 ,  0.0            
      1332,  -477.0308700634,  -630.5939122133,  0.0            
      1333,  -502.305452258 ,  -608.9488550577,  0.0            
      1334,  -526.9510120119,  -586.5479896408,  0.0            
      1335,  -550.9561284318,  -563.4424901952,  0.0            
      1336,  -475.9785049354,  -683.4953961703,  0.0            
      1337,  -501.0671295437,  -715.9417421425,  0.0            
      1338,  -526.4489202947,  -748.8365568048,  0.0            
      1339,  -552.1238771884,  -782.179840157 ,  0.0            
      1340,  -472.1071289835,  -736.874277389 ,  0.0            
      1341,  -442.499708591 ,  -756.8132530552,  0.0            
      1342,  -412.257029594 ,  -775.6840485461,  0.0            
      1343,  -381.4522852803,  -793.520825519 ,  0.0            
      1344,  -420.0358761801,  -723.6137266097,  0.0            
      1345,  -448.2951262797,  -703.9960111966,  0.0            
      1346,  -391.1991761463,  -742.2601231914,  0.0            
      1347,  -361.864397536 ,  -759.9911085644,  0.0            
      1348,  -488.1995100527,  -824.6672300401,  0.0            
      1349,  -465.2209198819,  -790.4977541986,  0.0            
      1350,  -520.5569519249,  -804.0309748559,  0.0            
      1351,  -496.1944041985,  -770.2192652754,  0.0            
      1352,  -421.2928356202,  -862.1447015464,  0.0            
      1353,  -455.0911922352,  -844.0415823616,  0.0            
      1354,  -401.2617646417,  -827.5720231797,  0.0            
      1355,  -433.5543682903,  -809.6112016029,  0.0            
      1356,  -609.4962848819,  -622.579763734 ,  0.0            
      1357,  -583.5694374399,  -647.2949694301,  0.0            
      1358,  -556.833866175 ,  -671.1184924663,  0.0            
      1359,  -529.3154011198,  -694.0031240547,  0.0            
      1360,  -555.0868012074,  -616.7246246965,  0.0            
      1361,  -580.0438363227,  -592.8233986276,  0.0            
      1362,  -529.4051825137,  -639.8276924211,  0.0            
      1363,  -503.0176057045,  -662.083410291 ,  0.0            
      1364,  -641.5752510157,  -709.6167879312,  0.0            
      1365,  -612.3989207094,  -678.2590238417,  0.0            
      1366,  -669.4954040052,  -683.2188639686,  0.0            
      1367,  -639.3134741094,  -652.7115855143,  0.0            
      1368,  -582.8441712728,  -759.13319864  ,  0.0            
      1369,  -612.6780937143,  -734.9359806028,  0.0            
      1370,  -555.9242563093,  -726.3530535044,  0.0            
      1371,  -584.5915032419,  -702.8212551936,  0.0            
      1372,  -331.6032462833,  -498.2351628265,  0.0            
      1373,  -354.9328740352,  -527.9906966588,  0.0            
      1374,  -378.5556679297,  -558.1946991812,  0.0            
      1375,  -402.471627967 ,  -588.8471703935,  0.0            
      1376,  -426.6807541471,  -619.9481102958,  0.0            
      1377,  -355.7998405781,  -577.1501633669,  0.0            
      1378,  -332.7543353358,  -595.6653678078,  0.0            
      1379,  -309.3626148406,  -613.5966987928,  0.0            
      1380,  -285.7287627302,  -631.0870478061,  0.0            
      1381,  -311.5773973245,  -564.8907148524,  0.0            
      1382,  -290.6578381932,  -534.601036595 ,  0.0            
      1383,  -333.3642004311,  -546.6055056444,  0.0            
      1384,  -311.2038327953,  -516.527569616 ,  0.0            
      1385,  -267.2488330716,  -600.1647343817,  0.0            
      1386,  -289.5021876355,  -582.6889119482,  0.0            
      1387,  -248.9904950301,  -569.7639016632,  0.0            
      1388,  -269.881245679 ,  -552.2843528056,  0.0            
      1389,  -375.8803479981,  -658.6695978127,  0.0            
      1390,  -354.188652227 ,  -626.9249954613,  0.0            
      1391,  -401.4969384063,  -639.6396438938,  0.0            
      1392,  -378.5107532365,  -608.1615427833,  0.0            
      1393,  -323.3533968988,  -694.4961167732,  0.0            
      1394,  -349.8019249964,  -676.921955588 ,  0.0            
      1395,  -304.430284006 ,  -662.5308419366,  0.0            
      1396,  -329.4625272942,  -645.0077133394,  0.0            
      1397,  -465.8814487693,  -477.5525049413,  0.0            
      1398,  -444.6247266468,  -498.3803425414,  0.0            
      1399,  -422.9799819238,  -518.7841190595,  0.0            
      1400,  -400.9370217847,  -538.706712096 ,  0.0            
      1401,  -417.876325599 ,  -469.7785461975,  0.0            
      1402,  -391.4747715881,  -441.5704595315,  0.0            
      1403,  -438.2527035518,  -449.6734232046,  0.0            
      1404,  -410.9886990027,  -422.1697981418,  0.0            
      1405,  -376.1945252401,  -508.9380767622,  0.0            
      1406,  -397.1960652902,  -489.553132424 ,  0.0            
      1407,  -351.7630884696,  -479.5996571143,  0.0            
      1408,  -371.7411020621,  -460.7341084705,  0.0            
      1409,  -499.1620698532,  -556.7650642631,  0.0            
      1410,  -471.7199747316,  -527.3758485633,  0.0            
      1411,  -522.2331612093,  -534.4370384366,  0.0            
      1412,  -493.8749346552,  -505.807043352 ,  0.0            
      1413,  -451.3551941964,  -599.5346298216,  0.0            
      1414,  -475.5346754077,  -578.4819803764,  0.0            
      1415,  -425.9905781035,  -568.9055631158,  0.0            
      1416,  -449.092851963 ,  -548.427068377 ,  0.0            
      1417,  -45.7580591371 ,  -852.9916172287,  0.0            
      1418,  -76.34014573572,  -844.6409942007,  0.0            
      1419,  -106.8285903781,  -835.3766725724,  0.0            
      1420,  -137.1604995723,  -825.0775027242,  0.0            
      1421,  -167.3314537481,  -813.8931921885,  0.0            
      1422,  -197.2643255368,  -801.6768243836,  0.0            
      1423,  -226.9717428243,  -788.6080052852,  0.0            
      1424,  -256.3589757186,  -774.5168882593,  0.0            
      1425,  -285.4541189864,  -759.5969983142,  0.0            
      1426,  -177.0324649623,  -845.0878191744,  0.0            
      1427,  -186.8477060052,  -876.9134448904,  0.0            
      1428,  -196.7771768769,  -909.3700693365,  0.0            
      1429,  -206.8208775772,  -942.4576925127,  0.0            
      1430,  -80.80177850114,  -873.3537099807,  0.0            
      1431,  -85.32396020108,  -902.7521835029,  0.0            
      1432,  -89.90669083555,  -932.8364147672,  0.0            
      1433,  -94.54997040454,  -963.6064037738,  0.0            
      1434,  -51.17291964081,  -908.9715128115,  0.0            
      1435,  -48.44416173739,  -880.629559647 ,  0.0            
      1436,  -53.94433284736,  -938.0174767221,  0.0            
      1437,  -56.75840135703,  -967.7674513789,  0.0            
      1438,  -153.2064494224,  -886.7110936235,  0.0            
      1439,  -119.3560393247,  -895.355275918 ,  0.0            
      1440,  -145.1353063987,  -855.5696723068,  0.0            
      1441,  -113.0530935684,  -865.0322218761,  0.0            
      1442,  -169.6377440618,  -950.9416914593,  0.0            
      1443,  -161.3739286435,  -918.5017666743,  0.0            
      1444,  -132.197258535 ,  -958.0038982162,  0.0            
      1445,  -125.7374276469,  -926.345834698 ,  0.0            
      1446,  -318.2606281384,  -825.8776019253,  0.0            
      1447,  -285.9593646832,  -840.3467336902,  0.0            
      1448,  -253.2731041552,  -853.7219095671,  0.0            
      1449,  -220.2088779179,  -865.879147635 ,  0.0            
      1450,  -271.0752148395,  -807.1436911157,  0.0            
      1451,  -301.7644713853,  -792.4583067627,  0.0            
      1452,  -240.047414944 ,  -820.8677110651,  0.0            
      1453,  -208.6705399973,  -833.4716131463,  0.0            
      1454,  -316.2313965395,  -908.4815379934,  0.0            
      1455,  -301.0114252499,  -874.1260159828,  0.0            
      1456,  -351.8103547078,  -894.3901523926,  0.0            
      1457,  -334.942589246 ,  -859.8548838019,  0.0            
      1458,  -280.1745338521,  -921.2137847374,  0.0            
      1459,  -266.6488104579,  -887.1706007912,  0.0            
      1460,  -243.6819241395,  -932.5324537909,  0.0            
      1461,  -231.8793392986,  -898.8994278499,  0.0            
      1462,  -120.5398451082,  -667.385038211 ,  0.0            
      1463,  -129.6697071787,  -695.4246715462,  0.0            
      1464,  -138.913799078 ,  -724.0953036116,  0.0            
      1465,  -148.272120806 ,  -753.3969344072,  0.0            
      1466,  -157.7446723627,  -783.3295639328,  0.0            
      1467,  -113.814096277 ,  -737.4965043813,  0.0            
      1468,  -88.6257362026 ,  -750.4150530901,  0.0            
      1469,  -63.31854104662,  -762.6173933136,  0.0            
      1470,  -37.95568315496,  -774.3018544509,  0.0            
      1471,  -82.71500327596,  -723.4295227389,  0.0            
      1472,  -76.88271291524,  -697.111497126 ,  0.0            
      1473,  -106.22463424  ,  -709.6013417353,  0.0            
      1474,  -98.73150840018,  -682.3554308234,  0.0            
      1475,  -59.0991040193 ,  -736.6477085022,  0.0            
      1476,  -54.94021592651,  -711.363781433 ,  0.0            
      1477,  -35.44020176716,  -749.4799550173,  0.0            
      1478,  -32.96737568249,  -725.3620663299,  0.0            
      1479,  -100.6825297537,  -806.3886280068,  0.0            
      1480,  -94.61491169517,  -778.0680881794,  0.0            
      1481,  -129.2820289432,  -795.2345848758,  0.0            
      1482,  -121.4998945115,  -766.0409187615,  0.0            
      1483,  -71.93906190483,  -816.6140361628,  0.0            
      1484,  -67.59852700846,  -789.2728358671,  0.0            
      1485,  -43.11461183992,  -826.0576855566,  0.0            
      1486,  -40.51381984588,  -799.8277646307,  0.0            
      1487,  -237.6378879158,  -664.3609932532,  0.0            
      1488,  -213.2177226937,  -680.0939179985,  0.0            
      1489,  -188.6448290145,  -695.3958442779,  0.0            
      1490,  -163.8384229161,  -709.9689324522,  0.0            
      1491,  -199.1731264646,  -649.7720740144,  0.0            
      1492,  -185.2964409584,  -620.0264697484,  0.0            
      1493,  -222.0707529342,  -633.7316316609,  0.0            
      1494,  -206.689422307 ,  -603.6602567827,  0.0            
      1495,  -152.9607022962,  -680.6251265939,  0.0            
      1496,  -176.1692252609,  -665.5141093863,  0.0            
      1497,  -142.2151051363,  -651.8940664618,  0.0            
      1498,  -163.8436385989,  -636.2268672169,  0.0            
      1499,  -241.8106473207,  -742.466325121 ,  0.0            
      1500,  -227.4302296458,  -710.9920017007,  0.0            
      1501,  -269.3295709419,  -727.2936765798,  0.0            
      1502,  -253.3908272517,  -695.5483415594,  0.0            
      1503,  -185.9902345364,  -770.494781347 ,  0.0            
      1504,  -214.0460877962,  -756.9427922273,  0.0            
      1505,  -174.8482669962,  -739.9254840366,  0.0            
      1506,  -201.2704498595,  -725.8720718916,  0.0            
      1507,  669.58020580589,  -683.0279394044,  0.0            
      1508,  639.46726285466,  -652.3102132902,  0.0            
      1509,  609.70324571575,  -621.9484207544,  0.0            
      1510,  580.28815438915,  -591.9425617968,  0.0            
      1511,  551.22198887487,  -562.2926364175,  0.0            
      1512,  522.5047491729 ,  -532.9986446165,  0.0            
      1513,  494.13643528324,  -504.0605863937,  0.0            
      1514,  466.1170472059 ,  -475.4784617492,  0.0            
      1515,  438.44658494087,  -447.252270683 ,  0.0            
      1516,  411.12504848816,  -419.382013195 ,  0.0            
      1517,  351.92431365587,  -893.6656239058,  0.0            
      1518,  335.14678485803,  -858.3869387784,  0.0            
      1519,  318.53133813048,  -823.6473523153,  0.0            
      1520,  302.07797347323,  -789.4468645164,  0.0            
      1521,  285.78669088627,  -755.7854753818,  0.0            
      1522,  269.65749036961,  -722.6631849113,  0.0            
      1523,  253.69037192324,  -690.0799931051,  0.0            
      1524,  237.88533554717,  -658.0358999631,  0.0            
      1525,  222.24238124139,  -626.5309054854,  0.0            
      1526,  206.76150900591,  -595.5650096718,  0.0            
      1527,  256.71575425754,  -770.4793186731,  0.0            
      1528,  227.32614174754,  -784.2666420497,  0.0            
      1529,  197.6464632063 ,  -797.125446627 ,  0.0            
      1530,  167.71462469012,  -809.0373457306,  0.0            
      1531,  137.56970850903,  -820.0147766167,  0.0            
      1532,  107.24243057252,  -830.0090327819,  0.0            
      1533,  76.778449149632,  -839.0696747696,  0.0            
      1534,  46.204771608737,  -847.11516912  ,  0.0            
      1535,  15.569697003852,  -854.2347111923,  0.0            
      1536,  145.51802554416,  -851.5566324746,  0.0            
      1537,  153.53500277858,  -883.7291695398,  0.0            
      1538,  161.62064021229,  -916.5323878121,  0.0            
      1539,  169.77493784528,  -949.9662872917,  0.0            
      1540,  187.15826433614,  -874.0558391102,  0.0            
      1541,  220.5164440569 ,  -863.2044135893,  0.0            
      1542,  253.56165481802,  -851.1733747479,  0.0            
      1543,  286.24697088707,  -837.9806655743,  0.0            
      1544,  209.02843915775,  -829.8679060132,  0.0            
      1545,  177.39277222639,  -841.2404100711,  0.0            
      1546,  240.38154162183,  -817.4321425581,  0.0            
      1547,  271.40966372426,  -803.9512845373,  0.0            
      1548,  243.81054069826,  -931.6595733118,  0.0            
      1549,  232.11047790374,  -897.1349693556,  0.0            
      1550,  206.9512822761 ,  -941.5237912841,  0.0            
      1551,  197.01110101938,  -907.4836328478,  0.0            
      1552,  316.35177830098,  -907.7116731667,  0.0            
      1553,  280.29602117606,  -920.3830341717,  0.0            
      1554,  301.22767574598,  -872.5674617841,  0.0            
      1555,  266.8664813361 ,  -885.4903386191,  0.0            
      1556,  81.210936199554,  -868.9335414714,  0.0            
      1557,  85.674714700358,  -899.4647223976,  0.0            
      1558,  90.169784652045,  -930.6632175481,  0.0            
      1559,  94.696146054612,  -962.5290269231,  0.0            
      1560,  119.68974366389,  -892.1902131107,  0.0            
      1561,  113.44109920566,  -860.7751240884,  0.0            
      1562,  125.9883639472 ,  -924.2542998488,  0.0            
      1563,  132.33696005559,  -956.9673843028,  0.0            
      1564,  17.312925160908,  -910.3499168986,  0.0            
      1565,  51.531091803131,  -905.5007839858,  0.0            
      1566,  16.44434973114 ,  -881.9403404247,  0.0            
      1567,  48.861628167594,  -875.9651611864,  0.0            
      1568,  19.031844127867,  -969.2809115713,  0.0            
      1569,  18.175423293151,  -939.4634406142,  0.0            
      1570,  56.90784030424 ,  -966.6289217836,  0.0            
      1571,  54.213162515347,  -935.7220375182,  0.0            
      1572,  98.858026322654,  -671.7657154352,  0.0            
      1573,  106.46304236136,  -700.1541652571,  0.0            
      1574,  114.13671859935,  -729.1732962862,  0.0            
      1575,  121.87905503662,  -758.8231085225,  0.0            
      1576,  129.69005167319,  -789.103601966 ,  0.0            
      1577,  139.20424952225,  -716.1023409009,  0.0            
      1578,  164.13670903806,  -702.4623576085,  0.0            
      1579,  188.908222056  ,  -688.2245306131,  0.0            
      1580,  213.49441203395,  -673.4079121176,  0.0            
      1581,  153.17884887736,  -672.0960909824,  0.0            
      1582,  142.32701766435,  -642.3238725463,  0.0            
      1583,  129.87548027994,  -686.3487353549,  0.0            
      1584,  120.63405561111,  -657.2074945075,  0.0            
      1585,  199.3740933516 ,  -642.1656069448,  0.0            
      1586,  176.35167546928,  -657.3619568304,  0.0            
      1587,  185.39717236535,  -611.4807169447,  0.0            
      1588,  163.91984220444,  -627.0751147291,  0.0            
      1589,  186.37051620253,  -764.9770354308,  0.0            
      1590,  175.20059814645,  -733.4226724246,  0.0            
      1591,  158.12382172735,  -777.4466460888,  0.0            
      1592,  148.62036333806,  -746.4683111455,  0.0            
      1593,  242.16524248692,  -737.5647679818,  0.0            
      1594,  214.39545519514,  -751.6768732227,  0.0            
      1595,  227.75812841239,  -705.2076324633,  0.0            
      1596,  201.58948196462,  -719.6628360772,  0.0            
      1597,  12.909275036857,  -775.3415069448,  0.0            
      1598,  38.309844392246,  -764.6789773189,  0.0            
      1599,  63.668736705156,  -753.4819600108,  0.0            
      1600,  88.946279623588,  -741.6047451572,  0.0            
      1601,  35.703416140108,  -738.5715081845,  0.0            
      1602,  33.109594964651,  -713.1496697831,  0.0            
      1603,  12.010313119482,  -750.4516666788,  0.0            
      1604,  11.105273904585,  -726.2657736544,  0.0            
      1605,  82.947514290779,  -713.4346447139,  0.0            
      1606,  59.361415458761,  -726.2873502066,  0.0            
      1607,  76.998724783055,  -685.9135419864,  0.0            
      1608,  55.085385663249,  -699.7600546269,  0.0            
      1609,  43.560522126559,  -818.9508077866,  0.0            
      1610,  40.928879721063,  -791.4720771863,  0.0            
      1611,  14.688966979043,  -827.2330292015,  0.0            
      1612,  13.802159656711,  -800.9352944524,  0.0            
      1613,  72.377253550592,  -809.8731222923,  0.0            
      1614,  68.007349402432,  -781.3438840393,  0.0            
      1615,  101.09373776446,  -799.8919391912,  0.0            
      1616,  94.995020781481,  -770.4238433163,  0.0            
      1617,  527.19566001823,  -585.1057275238,  0.0            
      1618,  502.5806608821 ,  -607.2676752318,  0.0            
      1619,  477.29704360702,  -628.6301166496,  0.0            
      1620,  451.46923977191,  -649.284137032 ,  0.0            
      1621,  425.04622843769,  -669.1000615286,  0.0            
      1622,  398.12860040662,  -688.1530858528,  0.0            
      1623,  370.69074952062,  -706.3356481148,  0.0            
      1624,  342.81262136248,  -723.7039444876,  0.0            
      1625,  314.49041076658,  -740.1758236629,  0.0            
      1626,  448.56492930007,  -702.0468982064,  0.0            
      1627,  472.33913410377,  -735.4412510055,  0.0            
      1628,  496.36884284876,  -769.2831199258,  0.0            
      1629,  520.65405553506,  -803.5725049674,  0.0            
      1630,  501.29577900656,  -714.6715202609,  0.0            
      1631,  529.5296664993 ,  -692.8828444622,  0.0            
      1632,  557.05118037442,  -670.1679728303,  0.0            
      1633,  583.76604304022,  -646.4879909332,  0.0            
      1634,  503.2669187083 ,  -660.5510390039,  0.0            
      1635,  476.24541523148,  -681.7632288401,  0.0            
      1636,  529.6601420963 ,  -638.5215407333,  0.0            
      1637,  555.31573081016,  -615.6097341851,  0.0            
      1638,  582.93378015041,  -758.7791046911,  0.0            
      1639,  556.08528698   ,  -725.6255330246,  0.0            
      1640,  552.21907150325,  -781.7757019404,  0.0            
      1641,  526.62033109715,  -748.0090112944,  0.0            
      1642,  641.65739181465,  -709.3672546899,  0.0            
      1643,  612.76792812238,  -734.6385368106,  0.0            
      1644,  612.54659670838,  -677.7404977681,  0.0            
      1645,  584.75377571644,  -702.2069715227,  0.0            
      1646,  350.36207545166,  -808.1766722724,  0.0            
      1647,  381.70741964776,  -791.6105139991,  0.0            
      1648,  412.50704470507,  -773.9390177825,  0.0            
      1649,  442.74089318404,  -755.223025854 ,  0.0            
      1650,  362.16029509577,  -757.4059964198,  0.0            
      1651,  332.33585988687,  -773.9158568899,  0.0            
      1652,  391.4898295164 ,  -739.8952583794,  0.0            
      1653,  420.31633701178,  -721.4551395385,  0.0            
      1654,  421.40002120783,  -861.5269460988,  0.0            
      1655,  401.45399501844,  -826.3174972254,  0.0            
      1656,  386.95680591472,  -878.2606495045,  0.0            
      1657,  368.56905746094,  -842.9582698107,  0.0            
      1658,  488.30046422986,  -824.1562963746,  0.0            
      1659,  455.19588066113,  -843.478984004 ,  0.0            
      1660,  465.4022689234 ,  -789.4567447994,  0.0            
      1661,  433.74239508665,  -808.466926324 ,  0.0            
      1662,  311.28528324531,  -511.078619958 ,  0.0            
      1663,  333.52646440118,  -541.7878760296,  0.0            
      1664,  356.02314949835,  -572.9446482225,  0.0            
      1665,  378.77533853682,  -604.5489365366,  0.0            
      1666,  401.7830315166 ,  -636.600740972 ,  0.0            
      1667,  378.78584328621,  -554.4220592836,  0.0            
      1668,  401.14465444141,  -535.3326482111,  0.0            
      1669,  423.21155962295,  -515.8614783001,  0.0            
      1670,  444.81689627108,  -495.8392080613,  0.0            
      1671,  376.34627009896,  -505.055258273 ,  0.0            
      1672,  351.84075844621,  -475.188751439 ,  0.0            
      1673,  355.10642108866,  -523.659765926 ,  0.0            
      1674,  331.70118720661,  -493.3266721812,  0.0            
      1675,  418.01779123159,  -466.8322017475,  0.0            
      1676,  397.37830666438,  -486.1778791804,  0.0            
      1677,  391.54892763021,  -438.1994455206,  0.0            
      1678,  371.85661076973,  -456.8868466562,  0.0            
      1679,  451.62004119544,  -597.1200773994,  0.0            
      1680,  426.23591147357,  -566.0209212532,  0.0            
      1681,  426.96725262783,  -617.2342448366,  0.0            
      1682,  402.73945379927,  -585.6135522537,  0.0            
      1683,  499.4058306644 ,  -554.9759709495,  0.0            
      1684,  475.81273673181,  -576.4063763258,  0.0            
      1685,  471.94624274868,  -525.220464462 ,  0.0            
      1686,  449.35636964542,  -545.9376440152,  0.0            
      1687,  262.03866207269,  -642.0804169158,  0.0            
      1688,  285.96630507481,  -625.612582573 ,  0.0            
      1689,  309.60232069069,  -608.5617121514,  0.0            
      1690,  332.98630799377,  -591.0419205748,  0.0            
      1691,  267.41643461631,  -593.9203932289,  0.0            
      1692,  249.06601497652,  -562.7306695318,  0.0            
      1693,  244.91627873039,  -610.4235123114,  0.0            
      1694,  227.97466183258,  -579.2873898626,  0.0            
      1695,  311.74584965702,  -559.6031974085,  0.0            
      1696,  289.67578146652,  -576.9386984405,  0.0            
      1697,  290.74221088738,  -528.630306872 ,  0.0            
      1698,  269.96737743524,  -545.7998338681,  0.0            
      1699,  323.66439844789,  -690.5043582024,  0.0            
      1700,  304.715626352  ,  -657.8072375642,  0.0            
      1701,  296.82572809079,  -706.9565725916,  0.0            
      1702,  279.34181185949,  -674.2581036759,  0.0            
      1703,  376.17768336857,  -655.3168647969,  0.0            
      1704,  350.10980471774,  -673.2601869886,  0.0            
      1705,  354.46358589762,  -622.9464763709,  0.0            
      1706,  329.74699510777,  -640.6688750008,  0.0            
      1707,  886.49194756845,  -369.6227763402,  0.0            
      1708,  851.55380996301,  -352.147146522 ,  0.0            
      1709,  817.15144191189,  -334.8442851962,  0.0            
      1710,  783.28484341514,  -317.7141923627,  0.0            
      1711,  749.9540144727 ,  -300.7568680214,  0.0            
      1712,  717.15895508458,  -283.9723121725,  0.0            
      1713,  684.89966525081,  -267.3605248159,  0.0            
      1714,  653.17614497137,  -250.9215059516,  0.0            
      1715,  621.98839424626,  -234.6552555796,  0.0            
      1716,  591.33641307549,  -218.5617736999,  0.0            
      1717,  733.77675557192,  -329.144560006 ,  0.0            
      1718,  716.74502489059,  -357.133675151 ,  0.0            
      1719,  698.82588353712,  -384.6609729053,  0.0            
      1720,  680.10139092597,  -411.7318910298,  0.0            
      1721,  660.51695148543,  -438.265382442 ,  0.0            
      1722,  640.17959673721,  -464.2891868039,  0.0            
      1723,  619.01614579691,  -489.7012381418,  0.0            
      1724,  597.15523347434,  -514.5551255292,  0.0            
      1725,  574.50826649144,  -538.7246310094,  0.0            
      1726,  692.98967233031,  -462.4344895472,  0.0            
      1727,  725.90474085851,  -486.8679476876,  0.0            
      1728,  759.26215707004,  -511.5657568634,  0.0            
      1729,  793.06192096488,  -536.5279170744,  0.0            
      1730,  746.27108321954,  -457.6688624189,  0.0            
      1731,  765.58449060292,  -427.8131051356,  0.0            
      1732,  783.86485761621,  -397.3709162513,  0.0            
      1733,  801.05095526896,  -366.3611395643,  0.0            
      1734,  731.96532885417,  -406.1231800114,  0.0            
      1735,  712.955721044  ,  -434.577359461 ,  0.0            
      1736,  750.05574085044,  -377.1475949464,  0.0            
      1737,  767.15531283038,  -347.6573072847,  0.0            
      1738,  834.26196339563,  -471.8761094382,  0.0            
      1739,  799.68336878342,  -449.7307482778,  0.0            
      1740,  814.28490374323,  -504.5899719147,  0.0            
      1741,  780.04747745263,  -481.0063999034,  0.0            
      1742,  870.39349568654,  -404.3420591262,  0.0            
      1743,  852.97829356558,  -438.4457633896,  0.0            
      1744,  835.4636828877 ,  -385.2560568448,  0.0            
      1745,  818.17237518791,  -417.8036390657,  0.0            
      1746,  634.75365348312,  -596.5042454312,  0.0            
      1747,  658.96010446575,  -570.2654733424,  0.0            
      1748,  682.21767394747,  -543.2010209919,  0.0            
      1749,  704.56339422327,  -515.4059210394,  0.0            
      1750,  627.86452168969,  -542.2506491553,  0.0            
      1751,  604.44715489402,  -567.4456296855,  0.0            
      1752,  650.41442040473,  -516.3006375406,  0.0            
      1753,  672.15966382568,  -489.7062201497,  0.0            
      1754,  722.31015370002,  -627.2530234   ,  0.0            
      1755,  690.44198180252,  -598.5995980907,  0.0            
      1756,  696.46948122085,  -655.6343281317,  0.0            
      1757,  665.42776225873,  -625.9004782466,  0.0            
      1758,  770.64184494581,  -567.6533254504,  0.0            
      1759,  747.03911783771,  -597.9047400518,  0.0            
      1760,  737.39078792998,  -541.3882894729,  0.0            
      1761,  714.42590642513,  -570.4023884956,  0.0            
      1762,  504.78856251087,  -321.3851124454,  0.0            
      1763,  535.04954493914,  -344.2324643741,  0.0            
      1764,  565.75287505073,  -367.3441673382,  0.0            
      1765,  596.89855284565,  -390.7202213375,  0.0            
      1766,  628.48657832387,  -414.3606263721,  0.0            
      1767,  584.304592917  ,  -344.6716928965,  0.0            
      1768,  602.28584617636,  -321.6406596955,  0.0            
      1769,  619.80328184661,  -298.3483248219,  0.0            
      1770,  636.74359487731,  -274.7528281753,  0.0            
      1771,  571.06526658623,  -301.0893246618,  0.0            
      1772,  540.32440342782,  -280.7657076462,  0.0            
      1773,  553.29439102908,  -322.8103625721,  0.0            
      1774,  522.74522119867,  -301.1950667744,  0.0            
      1775,  605.43337833938,  -257.0044209002,  0.0            
      1776,  588.48616911047,  -279.1720110645,  0.0            
      1777,  574.64024698158,  -239.447098626 ,  0.0            
      1778,  557.66745718026,  -260.2050988166,  0.0            
      1779,  666.1661546518 ,  -363.4264838173,  0.0            
      1780,  633.98614219823,  -342.4197127474,  0.0            
      1781,  647.70809286545,  -389.1324571254,  0.0            
      1782,  615.77582686246,  -366.7790577476,  0.0            
      1783,  700.91528349359,  -310.8228977282,  0.0            
      1784,  683.93270973666,  -337.3291568652,  0.0            
      1785,  668.57089659539,  -292.6923204513,  0.0            
      1786,  651.61879538868,  -317.7340400888,  0.0            
      1787,  486.8972624028 ,  -454.5873373993,  0.0            
      1788,  507.34513619261,  -433.3843580174,  0.0            
      1789,  527.25119558295,  -411.7089442603,  0.0            
      1790,  546.78137532655,  -389.7340920298,  0.0            
      1791,  478.18102622015,  -406.9660366356,  0.0            
      1792,  449.40321080839,  -380.8670158149,  0.0            
      1793,  458.42881474628,  -427.2168070019,  0.0            
      1794,  430.32797727628,  -400.1838936742,  0.0            
      1795,  516.49596147457,  -365.4477288595,  0.0            
      1796,  497.47283671482,  -386.3134810714,  0.0            
      1797,  486.63421093169,  -341.4440332332,  0.0            
      1798,  468.09945678159,  -361.219001935 ,  0.0            
      1799,  566.83223981972,  -487.1789024642,  0.0            
      1800,  536.89554072581,  -460.1219799602,  0.0            
      1801,  544.93698827538,  -510.341249403 ,  0.0            
      1802,  515.73332024583,  -482.2954848663,  0.0            
      1803,  608.62319295786,  -439.154821002 ,  0.0            
      1804,  588.02285012401,  -463.4028227955,  0.0            
      1805,  577.49045248765,  -414.303122744 ,  0.0            
      1806,  557.43453338604,  -437.4053915016,  0.0            
      1807,  853.75629478282,  -32.55067417621,  0.0            
      1808,  846.02906772964,  -63.03814106728,  0.0            
      1809,  837.37729213948,  -93.44581307377,  0.0            
      1810,  827.71275057525,  -123.7236272901,  0.0            
      1811,  817.11749734565,  -153.8462027499,  0.0            
      1812,  805.5428894902 ,  -183.7669048376,  0.0            
      1813,  793.03823458385,  -213.4559921069,  0.0            
      1814,  779.59187487084,  -242.8741426935,  0.0            
      1815,  765.22294704633,  -271.9838236013,  0.0            
      1816,  848.49508838676,  -162.4200697369,  0.0            
      1817,  880.50187085322,  -171.0751226732,  0.0            
      1818,  913.13784474502,  -179.8113615588,  0.0            
      1819,  946.40301006215,  -188.6287863937,  0.0            
      1820,  874.82053289076,  -66.26807340109,  0.0            
      1821,  904.29724259982,  -69.52424215844,  0.0            
      1822,  934.45919685683,  -72.80664733932,  0.0            
      1823,  965.30639566179,  -76.11528894375,  0.0            
      1824,  909.82574899417,  -35.40925079967,  0.0            
      1825,  881.43905742742,  -33.97600253046,  0.0            
      1826,  938.91636948306,  -36.85041898381,  0.0            
      1827,  968.71091889411,  -38.2995070829 ,  0.0            
      1828,  889.63415972105,  -137.4047778147,  0.0            
      1829,  897.58352424324,  -103.5411057686,  0.0            
      1830,  858.34951724838,  -130.532767832 ,  0.0            
      1831,  867.14712810448,  -98.47118295513,  0.0            
      1832,  954.14707206503,  -151.3374061023,  0.0            
      1833,  921.56667799327,  -144.3396572382,  0.0            
      1834,  960.45599704198,  -113.814610192 ,  0.0            
      1835,  928.68648055574,  -108.6555815142,  0.0            
      1836,  832.12380574969,  -302.8512772352,  0.0            
      1837,  845.96376270541,  -270.4347219996,  0.0            
      1838,  858.64943445046,  -237.635246665 ,  0.0            
      1839,  870.16194855686,  -204.4994109419,  0.0            
      1840,  812.49124963675,  -256.586364609 ,  0.0            
      1841,  798.39614943374,  -287.3403244264,  0.0            
      1842,  825.54792317869,  -225.4867099027,  0.0            
      1843,  837.54716549796,  -194.0834066608,  0.0            
      1844,  914.62820375092,  -298.5398432062,  0.0            
      1845,  880.00941407679,  -284.4192148654,  0.0            
      1846,  901.24248016718,  -334.3365388039,  0.0            
      1847,  866.40591599416,  -318.5166820277,  0.0            
      1848,  926.62792502484,  -262.2857770892,  0.0            
      1849,  892.34276839918,  -249.9016023938,  0.0            
      1850,  937.22303582809,  -225.629926878 ,  0.0            
      1851,  903.3872386669 ,  -215.014917681 ,  0.0            
      1852,  669.66741352022,  -112.1946570551,  0.0            
      1853,  697.89904743462,  -120.3625942954,  0.0            
      1854,  726.75987277436,  -128.611717485 ,  0.0            
      1855,  756.24988953945,  -136.942026624 ,  0.0            
      1856,  786.36909772988,  -145.3535217123,  0.0            
      1857,  739.68970535313,  -103.6734223086,  0.0            
      1858,  752.06714528692,  -78.63702102251,  0.0            
      1859,  763.76613953398,  -53.50576260708,  0.0            
      1860,  774.93158038193,  -28.32220860309,  0.0            
      1861,  724.9635500169 ,  -73.78986286969,  0.0            
      1862,  698.52651492061,  -68.98725764901,  0.0            
      1863,  711.64444187817,  -97.11575952952,  0.0            
      1864,  684.24705420276,  -90.62096619121,  0.0            
      1865,  737.71565256465,  -50.38077596743,  0.0            
      1866,  712.35041014327,  -47.28202575131,  0.0            
      1867,  750.06453342593,  -26.9285599086 ,  0.0            
      1868,  725.90141539208,  -25.54283112905,  0.0            
      1869,  808.27401634821,  -88.46499612455,  0.0            
      1870,  779.8373007307 ,  -83.52873210746,  0.0            
      1871,  797.72385970166,  -116.9773561888,  0.0            
      1872,  768.38284462762,  -110.2939545283,  0.0            
      1873,  817.92284711647,  -59.83444515701,  0.0            
      1874,  790.50187105125,  -56.65698567028,  0.0            
      1875,  826.77746106038,  -31.13326573689,  0.0            
      1876,  800.50255626008,  -29.72377721252,  0.0            
      1877,  669.0300634553 ,  -226.8410330283,  0.0            
      1878,  684.3325803895 ,  -202.5542897977,  0.0            
      1879,  699.06010486096,  -178.0707525187,  0.0            
      1880,  713.19310377375,  -153.4144141154,  0.0            
      1881,  653.72575883453,  -189.3866097826,  0.0            
      1882,  623.69207558229,  -176.3550652427,  0.0            
      1883,  638.07467678202,  -212.102340138 ,  0.0            
      1884,  607.67374403728,  -197.5180992315,  0.0            
      1885,  683.63085597055,  -143.4959221239,  0.0            
      1886,  668.91770697388,  -166.511310589 ,  0.0            
      1887,  654.67911521849,  -133.6769325903,  0.0            
      1888,  639.36713176373,  -155.0696876258,  0.0            
      1889,  747.26563840766,  -229.2980562531,  0.0            
      1890,  715.51254024721,  -215.8581052878,  0.0            
      1891,  732.60419858745,  -256.7817747599,  0.0            
      1892,  700.53990405711,  -241.7341779022,  0.0            
      1893,  774.14912053358,  -173.5499054723,  0.0            
      1894,  761.12036866595,  -201.5430932776,  0.0            
      1895,  743.3658586281 ,  -163.4324085649,  0.0            
      1896,  729.79432542499,  -189.7480134149,  0.0            
      1897,  -365.1911501513,  372.52558635057,  0.0            
      1898,  -346.0697171709,  353.02012180156,  0.0            
      1899,  -326.8959324323,  333.46125407069,  0.0            
      1900,  -307.5631634018,  313.7402090347 ,  0.0            
      1901,  -288.1983377099,  293.98646351683,  0.0            
      1902,  -268.6793352196,  274.07544474033,  0.0            
      1903,  -249.145226738 ,  254.14901658644,  0.0            
      1904,  -229.4654326136,  234.07397686433,  0.0            
      1905,  -209.7755805249,  213.98867717551,  0.0            
      1906,  -189.9692168117,  193.78452586269,  0.0            
      1907,  -170.1478349219,  173.56505475094,  0.0            
      1908,  -150.238929258 ,  153.2563020526 ,  0.0            
      1909,  -130.3120389277,  132.9292034869 ,  0.0            
      1910,  -110.3232097792,  112.53892213446,  0.0            
      1911,  -90.31702186641,  92.130933387305,  0.0            
      1912,  -70.27101407482,  71.682325025747,  0.0            
      1913,  -50.21188185524,  51.220328647448,  0.0            
      1914,  -30.13153067324,  30.736687148747,  0.0            
      1915,  -10.04590250787,  10.247662684644,  0.0            
      1916,  10.045902507881,  -10.24766268464,  0.0            
      1917,  30.131530673253,  -30.73668714874,  0.0            
      1918,  50.211881855248,  -51.22032864744,  0.0            
      1919,  70.271014074828,  -71.68232502574,  0.0            
      1920,  90.317021866422,  -92.1309333873 ,  0.0            
      1921,  110.32320977921,  -112.5389221344,  0.0            
      1922,  130.31203892771,  -132.9292034869,  0.0            
      1923,  150.23892925803,  -153.2563020526,  0.0            
      1924,  170.14783492194,  -173.5650547509,  0.0            
      1925,  189.96921681167,  -193.7845258627,  0.0            
      1926,  209.77558052495,  -213.9886771755,  0.0            
      1927,  229.46543261363,  -234.0739768643,  0.0            
      1928,  249.14522673803,  -254.1490165864,  0.0            
      1929,  268.67933521959,  -274.0754447403,  0.0            
      1930,  288.19833770988,  -293.9864635168,  0.0            
      1931,  307.56316340183,  -313.7402090347,  0.0            
      1932,  326.89593243234,  -333.4612540707,  0.0            
      1933,  346.06971717092,  -353.0201218016,  0.0            
      1934,  365.19115015133,  -372.5255863506,  0.0            
      1935,  10.042488775526,  29.932856281047,  0.0            
      1936,  30.129648046463,  49.615634874318,  0.0            
      1937,  50.202357828243,  69.270089434593,  0.0            
      1938,  70.268935492888,  88.91612384352 ,  0.0            
      1939,  90.30261936875 ,  108.51699103304,  0.0            
      1940,  110.32161747481,  128.09986274889,  0.0            
      1941,  130.29299274844,  147.62437896566,  0.0            
      1942,  150.23750116514,  167.11778549476,  0.0            
      1943,  170.12338366294,  186.54330786339,  0.0            
      1944,  189.96662840394,  205.92110995744,  0.0            
      1945,  209.74396913394,  225.22515213215,  0.0            
      1946,  229.45936043592,  244.46142072606,  0.0            
      1947,  249.10528203301,  263.62168844623,  0.0            
      1948,  268.6664621048 ,  282.69075122023,  0.0            
      1949,  288.15829500452,  301.68517756219,  0.0            
      1950,  307.53918536237,  320.56166504591,  0.0            
      1951,  326.85450364619,  339.36844531531,  0.0            
      1952,  346.02935195129,  358.02733645216,  0.0            
      1953,  365.14600880655,  376.62496266167,  0.0            
      1954,  170.19962478413,  225.92017560507,  0.0            
      1955,  150.36745872253,  245.84480570236,  0.0            
      1956,  130.46219794636,  265.65533388852,  0.0            
      1957,  110.51172636774,  285.39528735541,  0.0            
      1958,  90.495104626452,  304.99073754796,  0.0            
      1959,  70.449645904358,  324.52319412145,  0.0            
      1960,  50.348761970489,  343.87741458927,  0.0            
      1961,  30.231784672664,  363.1798821016 ,  0.0            
      1962,  10.073891239079,  382.2671568949 ,  0.0            
      1963,  -10.09102298117,  401.31750683828,  0.0            
      1964,  -30.27856823827,  420.11260199387,  0.0            
      1965,  -50.46776815714,  438.88595515967,  0.0            
      1966,  -70.65754547709,  457.36731340001,  0.0            
      1967,  -90.84526029064,  475.82047558355,  0.0            
      1968,  -111.0119244742,  493.98585938262,  0.0            
      1969,  -131.1707400914,  512.09481122362,  0.0            
      1970,  -151.29063092  ,  529.9238900367 ,  0.0            
      1971,  -171.3931876272,  547.66523747285,  0.0            
      1972,  -10.08415652594,  363.92644277417,  0.0            
      1973,  -30.23155469654,  345.48365081367,  0.0            
      1974,  -50.34388487645,  326.87739905076,  0.0            
      1975,  -70.44014423468,  308.1962375686 ,  0.0            
      1976,  -90.47901462689,  289.34959975005,  0.0            
      1977,  -110.5001876017,  270.45193289223,  0.0            
      1978,  -130.4379878392,  251.39049721205,  0.0            
      1979,  -150.3602455865,  232.29853146408,  0.0            
      1980,  -170.1695467306,  213.04827678883,  0.0            
      1981,  -70.39230938064,  269.59720972427,  0.0            
      1982,  -50.28230031518,  249.69258254569,  0.0            
      1983,  -30.1713455985 ,  229.75290595568,  0.0            
      1984,  -10.05713407861,  209.69251991946,  0.0            
      1985,  10.051338333016,  189.59178337635,  0.0            
      1986,  30.146645602712,  169.39848538888,  0.0            
      1987,  50.225909685179,  149.1632060334 ,  0.0            
      1988,  70.279235891568,  128.86005316215,  0.0            
      1989,  10.051783805862,  228.9436994087 ,  0.0            
      1990,  30.171418745934,  248.07701182256,  0.0            
      1991,  50.288041094974,  267.15488119788,  0.0            
      1992,  70.398089697106,  286.11176883388,  0.0            
      1993,  10.061285860545,  267.95011897145,  0.0            
      1994,  -10.06906302763,  287.67950601036,  0.0            
      1995,  -30.20528187065,  307.36716222021,  0.0            
      1996,  -30.19270817681,  268.75688013096,  0.0            
      1997,  -10.06622238558,  248.91639715888,  0.0            
      1998,  -50.32165611986,  288.55897298281,  0.0            
      1999,  30.20553262328 ,  325.25218424048,  0.0            
      2000,  10.061111236876,  306.53695551086,  0.0            
      2001,  50.323655564582,  305.76534192406,  0.0            
      2002,  30.190552368816,  286.92353107531,  0.0            
      2003,  10.074724121052,  344.69061431022,  0.0            
      2004,  -10.07760765295,  326.10530840853,  0.0            
      2005,  50.243316677123,  188.80559583932,  0.0            
      2006,  70.327368851924,  208.1186438449 ,  0.0            
      2007,  90.398866729334,  227.38598215229,  0.0            
      2008,  110.44296999104,  246.55357775189,  0.0            
      2009,  50.266573374042,  228.15449692191,  0.0            
      2010,  30.159431314531,  208.92612252919,  0.0            
      2011,  70.365931989341,  247.33229494626,  0.0            
      2012,  90.448306423334,  266.39973074705,  0.0            
      2013,  110.34873872958,  167.85373539995,  0.0            
      2014,  90.360454096496,  188.02937205938,  0.0            
      2015,  90.331964737984,  148.39202318822,  0.0            
      2016,  70.305325329445,  168.63736911119,  0.0            
      2017,  150.28987922078,  206.62670343147,  0.0            
      2018,  130.34341671744,  187.27947125383,  0.0            
      2019,  130.39825627935,  226.64256870771,  0.0            
      2020,  110.39825771297,  207.38053197955,  0.0            
      2021,  -90.31633954434,  132.06730751926,  0.0            
      2022,  -70.30466627994,  151.58712165219,  0.0            
      2023,  -50.23666134233,  171.00640903306,  0.0            
      2024,  -30.16274707332,  190.40499297568,  0.0            
      2025,  -90.36845409393,  171.87074878882,  0.0            
      2026,  -110.3937758957,  192.06818247492,  0.0            
      2027,  -130.4079286372,  212.24058887604,  0.0            
      2028,  -130.3199611   ,  172.66775913945,  0.0            
      2029,  -110.3432515298,  152.40487738868,  0.0            
      2030,  -150.2820938069,  192.90895431406,  0.0            
      2031,  -70.36139129996,  230.5845967135 ,  0.0            
      2032,  -90.38294655325,  211.33919797073,  0.0            
      2033,  -50.26956578974,  210.54939690175,  0.0            
      2034,  -70.32316875239,  191.2216528931 ,  0.0            
      2035,  -90.44886335592,  250.58808782265,  0.0            
      2036,  -110.4349630968,  231.42837505455,  0.0            
      2037,  -50.20781431924,  91.296687765745,  0.0            
      2038,  -30.14222555092,  110.90494175336,  0.0            
      2039,  -10.04861757433,  130.44155007655,  0.0            
      2040,  10.046083154235,  149.96236827625,  0.0            
      2041,  -50.23275885068,  131.27672987597,  0.0            
      2042,  -70.27668836912,  111.7075016327 ,  0.0            
      2043,  -30.14665389151,  150.759871911  ,  0.0            
      2044,  -10.05704789065,  170.22476716515,  0.0            
      2045,  10.044112039435,  70.071578315107,  0.0            
      2046,  -10.05023486925,  90.508328273509,  0.0            
      2047,  -10.04369681487,  50.405955858368,  0.0            
      2048,  -30.13164936441,  70.866767211794,  0.0            
      2049,  50.215419407258,  109.30641726624,  0.0            
      2050,  30.131627637059,  89.69443619504 ,  0.0            
      2051,  30.139004534938,  129.66370668959,  0.0            
      2052,  10.045042601705,  110.09268421461,  0.0            
      2053,  -110.9074968314,  458.32129355341,  0.0            
      2054,  -130.9294796939,  440.68983503617,  0.0            
      2055,  -150.8643423936,  422.84181913765,  0.0            
      2056,  -170.7592800057,  404.89456016902,  0.0            
      2057,  -190.5384887638,  386.7223132877 ,  0.0            
      2058,  -210.2820094449,  368.48068538624,  0.0            
      2059,  -229.8775648742,  350.00939888299,  0.0            
      2060,  -249.4455363648,  331.49529902504,  0.0            
      2061,  -268.8297700899,  312.75070752075,  0.0            
      2062,  -170.5880625273,  367.44120573443,  0.0            
      2063,  -150.629052042 ,  348.13829546406,  0.0            
      2064,  -130.5974874357,  328.61508194686,  0.0            
      2065,  -110.5617211782,  309.0758674514 ,  0.0            
      2066,  -130.7211417393,  366.60464661231,  0.0            
      2067,  -110.7208385378,  384.86981447838,  0.0            
      2068,  -90.69015195514,  403.04547261469,  0.0            
      2069,  -70.59316607854,  421.02581240126,  0.0            
      2070,  -130.7955782416,  403.8679968345 ,  0.0            
      2071,  -150.7438508227,  385.76114408318,  0.0            
      2072,  -110.8121514262,  421.88047318589,  0.0            
      2073,  -90.75201488244,  439.68701167176,  0.0            
      2074,  -70.48289697999,  346.3571925467 ,  0.0            
      2075,  -90.60279732194,  365.62265220397,  0.0            
      2076,  -90.55683755092,  327.80521932488,  0.0            
      2077,  -110.6405048394,  347.21350755887,  0.0            
      2078,  -30.24785406328,  383.1275068933 ,  0.0            
      2079,  -50.38811473418,  364.8293893791 ,  0.0            
      2080,  -50.42026837133,  402.08695654102,  0.0            
      2081,  -70.53947727638,  383.94715378948,  0.0            
      2082,  -229.5793812427,  273.13741125128,  0.0            
      2083,  -210.0002836591,  292.10861591598,  0.0            
      2084,  -190.2657607749,  310.87821002197,  0.0            
      2085,  -170.5084705314,  329.60990408802,  0.0            
      2086,  -229.7291586591,  311.81094082715,  0.0            
      2087,  -249.2114764877,  292.95240340868,  0.0            
      2088,  -210.0772592975,  330.45342714309,  0.0            
      2089,  -190.4001842868,  349.05555676171,  0.0            
      2090,  -170.3019521519,  252.336833243  ,  0.0            
      2091,  -190.154975625 ,  272.22900276516,  0.0            
      2092,  -190.0441853742,  233.17011895957,  0.0            
      2093,  -209.8162266593,  253.15946918994,  0.0            
      2094,  -130.5453092562,  290.29181614249,  0.0            
      2095,  -150.432606094 ,  271.33081805534,  0.0            
      2096,  -150.5295763508,  309.95828650323,  0.0            
      2097,  -170.3524555227,  291.11136632547,  0.0            
      2098,  -269.6971289912,  462.31032394223,  0.0            
      2099,  -249.9880665628,  443.5879008764 ,  0.0            
      2100,  -230.2441611946,  424.79491053117,  0.0            
      2101,  -210.4013012861,  405.78089501942,  0.0            
      2102,  -230.4606520641,  461.26140595014,  0.0            
      2103,  -210.7825047786,  478.67421616543,  0.0            
      2104,  -191.0501198459,  495.97318330008,  0.0            
      2105,  -171.1993834474,  513.02373450613,  0.0            
      2106,  -230.6723874031,  497.02810187716,  0.0            
      2107,  -250.2659585793,  479.80551149655,  0.0            
      2108,  -211.0198077265,  514.13198250695,  0.0            
      2109,  -191.2384661496,  530.97682769238,  0.0            
      2110,  -170.872118065 ,  441.56701459408,  0.0            
      2111,  -190.8647827416,  460.24289753529,  0.0            
      2112,  -190.7004080914,  423.79239992072,  0.0            
      2113,  -210.6240043727,  442.64330030483,  0.0            
      2114,  -131.0286155336,  476.68084756316,  0.0            
      2115,  -150.9991320979,  459.23751952714,  0.0            
      2116,  -151.1394648599,  494.98634276246,  0.0            
      2117,  -171.0560943165,  477.73351835529,  0.0            
      2118,  -327.0558083066,  371.39055440692,  0.0            
      2119,  -308.0226123118,  389.7376407634 ,  0.0            
      2120,  -288.7632098542,  407.81091384211,  0.0            
      2121,  -269.4689985887,  425.83400359397,  0.0            
      2122,  -327.4039027884,  408.95519262982,  0.0            
      2123,  -346.3077735392,  390.75267823951,  0.0            
      2124,  -308.2596693421,  426.86945319855,  0.0            
      2125,  -289.0782187983,  444.73107378305,  0.0            
      2126,  -269.0343625058,  350.99628293913,  0.0            
      2127,  -288.5959736045,  370.4598200761 ,  0.0            
      2128,  -288.3071995106,  332.37868786161,  0.0            
      2129,  -307.7549930794,  351.97159457296,  0.0            
      2130,  -230.062908272 ,  387.6963387018 ,  0.0            
      2131,  -249.5636315031,  369.36894582651,  0.0            
      2132,  -249.8214336756,  406.869798945  ,  0.0            
      2133,  -269.2249038991,  388.68867284529,  0.0            
      2134,  191.26897032158,  540.39083016632,  0.0            
      2135,  171.22659100083,  523.45348097252,  0.0            
      2136,  151.16398529536,  506.41613930244,  0.0            
      2137,  131.05255455048,  489.13742297929,  0.0            
      2138,  110.92437742932,  471.73919313718,  0.0            
      2139,  90.767866820456,  454.13875627661,  0.0            
      2140,  70.601888560169,  436.40260085339,  0.0            
      2141,  50.424340927996,  418.50059875366,  0.0            
      2142,  30.24839979003 ,  400.45009209894,  0.0            
      2143,  130.95680096592,  453.51764130778,  0.0            
      2144,  150.88408841179,  435.01794119316,  0.0            
      2145,  170.77824347852,  416.44978457895,  0.0            
      2146,  190.5582913185 ,  397.64586519963,  0.0            
      2147,  210.28640430513,  378.75630908906,  0.0            
      2148,  229.89538210835,  359.6703078742 ,  0.0            
      2149,  249.42998149391,  340.48513858879,  0.0            
      2150,  268.8443293264 ,  321.13963899689,  0.0            
      2151,  210.43322060875,  415.77842504322,  0.0            
      2152,  230.2697032126 ,  433.81360750326,  0.0            
      2153,  250.0166296929 ,  451.64896443045,  0.0            
      2154,  269.72645642621,  469.40154112534,  0.0            
      2155,  210.64913876864,  452.27172211126,  0.0            
      2156,  190.89099429192,  470.47106329036,  0.0            
      2157,  171.09290183   ,  488.59526655226,  0.0            
      2158,  170.90133961753,  452.79872496739,  0.0            
      2159,  190.73020192801,  434.41220905381,  0.0            
      2160,  151.03593712487,  471.11344367258,  0.0            
      2161,  230.7032594119 ,  505.28315339611,  0.0            
      2162,  210.81145838484,  487.92280152039,  0.0            
      2163,  250.29538433842,  487.48323930706,  0.0            
      2164,  230.48870225674,  469.92102235581,  0.0            
      2165,  211.06437089409,  523.00124815032,  0.0            
      2166,  191.09085872469,  505.84610205894,  0.0            
      2167,  307.77507218792,  358.55067517119,  0.0            
      2168,  288.58117069024,  377.61013266728,  0.0            
      2169,  269.24815490408,  396.49076849874,  0.0            
      2170,  249.82909365419,  415.26079891914,  0.0            
      2171,  269.03293705156,  359.08802326904,  0.0            
      2172,  288.33977425541,  339.88277770812,  0.0            
      2173,  249.59641692694,  378.1236928444 ,  0.0            
      2174,  230.07968486162,  397.05447567896,  0.0            
      2175,  327.38767432558,  414.24715302909,  0.0            
      2176,  308.00929989226,  395.96357837285,  0.0            
      2177,  346.33112052828,  395.50434928376,  0.0            
      2178,  327.08008291273,  377.06029622164,  0.0            
      2179,  289.0871153626 ,  451.21609172262,  0.0            
      2180,  308.286251099  ,  432.79264375164,  0.0            
      2181,  269.47876355218,  433.27768390654,  0.0            
      2182,  288.78997121561,  414.67879318035,  0.0            
      2183,  110.57197376531,  323.74926912196,  0.0            
      2184,  130.62210570672,  342.4041076882 ,  0.0            
      2185,  150.64225472052,  360.94266555778,  0.0            
      2186,  170.61831340537,  379.34855085323,  0.0            
      2187,  110.65994353982,  361.66847645459,  0.0            
      2188,  90.618883355148,  380.73159845154,  0.0            
      2189,  70.554914200445,  399.73628607535,  0.0            
      2190,  70.490148815427,  362.36353690967,  0.0            
      2191,  90.564642097754,  343.15127373459,  0.0            
      2192,  50.396154366104,  381.52070642044,  0.0            
      2193,  130.82014615076,  417.05367665829,  0.0            
      2194,  110.73342967817,  398.96726736758,  0.0            
      2195,  150.77041518994,  398.31324247237,  0.0            
      2196,  130.73315940973,  380.06134251335,  0.0            
      2197,  110.84015253548,  435.72899505345,  0.0            
      2198,  90.707383173538,  417.81141713986,  0.0            
      2199,  150.44297682298,  284.65532377336,  0.0            
      2200,  170.38293360992,  303.56598842122,  0.0            
      2201,  190.27711275834,  322.3764843016 ,  0.0            
      2202,  210.11094109927,  341.07089465902,  0.0            
      2203,  150.5461917438 ,  323.06768805787,  0.0            
      2204,  130.54584887755,  304.27974226782,  0.0            
      2205,  170.50865432699,  341.74740911585,  0.0            
      2206,  190.41889634195,  360.30275112528,  0.0            
      2207,  209.85070419512,  264.26597175908,  0.0            
      2208,  190.16279762751,  283.98227672479,  0.0            
      2209,  190.05261798058,  245.13055241517,  0.0            
      2210,  170.28906044292,  264.95461188936,  0.0            
      2211,  249.24712063931,  302.2691982985 ,  0.0            
      2212,  229.58721806024,  283.31733426467,  0.0            
      2213,  229.73444096198,  321.74558879247,  0.0            
      2214,  209.98285981813,  302.91782875731,  0.0            
      2215,  91.255557476209,  624.56681133256,  0.0            
      2216,  70.969589689946,  608.81721036401,  0.0            
      2217,  50.684487221805,  592.94610161419,  0.0            
      2218,  30.401473569433,  576.78168181103,  0.0            
      2219,  10.128838928405,  560.47007831966,  0.0            
      2220,  -10.12623528133,  543.90945216528,  0.0            
      2221,  -30.35751074214,  527.17917293123,  0.0            
      2222,  -50.55970437849,  510.2415793927 ,  0.0            
      2223,  -70.72080474336,  493.11520147626,  0.0            
      2224,  30.357184234669,  543.04546923728,  0.0            
      2225,  50.581070304897,  525.5862707584 ,  0.0            
      2226,  70.731247452092,  507.76338567544,  0.0            
      2227,  90.873913624497,  489.91301759116,  0.0            
      2228,  70.820758828884,  542.3568726821 ,  0.0            
      2229,  91.059976209162,  558.99135898529,  0.0            
      2230,  111.28091686314,  575.35330879524,  0.0            
      2231,  131.4942861541 ,  591.60235694593,  0.0            
      2232,  70.875765681989,  575.98730366592,  0.0            
      2233,  50.61399799142 ,  559.58721127878,  0.0            
      2234,  91.129439417291,  592.10447227978,  0.0            
      2235,  111.37976013015,  608.10443617337,  0.0            
      2236,  131.21262069988,  524.184963667  ,  0.0            
      2237,  111.14122520452,  541.60305102912,  0.0            
      2238,  111.04892781157,  507.11151440548,  0.0            
      2239,  90.939184438923,  524.74850914561,  0.0            
      2240,  171.4467138956 ,  557.72404278652,  0.0            
      2241,  151.33767131982,  541.0066509954 ,  0.0            
      2242,  151.47659803745,  574.6792377715 ,  0.0            
      2243,  131.31480647278,  558.19544369945,  0.0            
      2244,  -30.29845451749,  456.56031266894,  0.0            
      2245,  -10.10658095248,  474.08068997273,  0.0            
      2246,  10.110591173103,  491.42839482777,  0.0            
      2247,  30.340584644607,  508.58537242952,  0.0            
      2248,  -30.3328695702 ,  492.17651137905,  0.0            
      2249,  -50.51000870938,  474.85249443497,  0.0            
      2250,  -10.12253451498,  509.31979990981,  0.0            
      2251,  10.108752125413,  526.26406766168,  0.0            
      2252,  30.282339076261,  437.22366557185,  0.0            
      2253,  10.089877655377,  455.66419696949,  0.0            
      2254,  10.09142053098 ,  419.34039242242,  0.0            
      2255,  -10.10210403107,  437.96179764173,  0.0            
      2256,  70.679744733527,  472.50295062946,  0.0            
      2257,  50.482761471202,  454.95037820171,  0.0            
      2258,  50.513334545159,  490.557328929  ,  0.0            
      2259,  30.299260546942,  473.2019798131 ,  0.0            
      2260,  -71.02174318   ,  627.76916051799,  0.0            
      2261,  -50.72235027842,  611.20949644296,  0.0            
      2262,  -30.42313207363,  594.54493689345,  0.0            
      2263,  -10.14501883203,  577.54165645463,  0.0            
      2264,  -30.45903840442,  626.77501687865,  0.0            
      2265,  -10.1690722865 ,  642.17675152459,  0.0            
      2266,  10.153530960305,  657.25401327701,  0.0            
      2267,  30.489654546933,  672.19685806519,  0.0            
      2268,  -30.49388062269,  658.20935236153,  0.0            
      2269,  -50.77385156207,  643.07391635156,  0.0            
      2270,  -10.17108978339,  673.00992819792,  0.0            
      2271,  10.169439736294,  687.67178400908,  0.0            
      2272,  30.421071073782,  609.52576758987,  0.0            
      2273,  10.148557825586,  626.03238957417,  0.0            
      2274,  10.130124076441,  593.61007088328,  0.0            
      2275,  -10.14790170722,  610.36778911176,  0.0            
      2276,  71.032591900764,  640.623953494  ,  0.0            
      2277,  50.724289657928,  625.13776596306,  0.0            
      2278,  50.795687606135,  656.60330536882,  0.0            
      2279,  30.467471716231,  641.38290442312,  0.0            
      2280,  -131.2922044539,  546.59158309738,  0.0            
      2281,  -111.2360058318,  563.06937652562,  0.0            
      2282,  -91.11502187191,  579.3342176822 ,  0.0            
      2283,  -70.94056536974,  595.36686395752,  0.0            
      2284,  -131.4401648144,  580.36137768789,  0.0            
      2285,  -151.4490835218,  564.11184933929,  0.0            
      2286,  -111.3585634137,  596.38989780026,  0.0            
      2287,  -91.21535923145,  612.17792950576,  0.0            
      2288,  -70.79211379045,  527.99276799669,  0.0            
      2289,  -91.02151625505,  545.68277834739,  0.0            
      2290,  -90.92386276417,  511.07707962048,  0.0            
      2291,  -111.1214930281,  528.98015265903,  0.0            
      2292,  -30.39342252541,  561.21485623406,  0.0            
      2293,  -50.61137418979,  544.71161603042,  0.0            
      2294,  -50.66244444115,  578.45433575431,  0.0            
      2295,  -70.8646514996 ,  562.18050772869,  0.0            
      2296,  209.62282062399,  -174.371775098 ,  0.0            
      2297,  229.26312233984,  -154.949126839 ,  0.0            
      2298,  248.7474122418 ,  -135.4103971749,  0.0            
      2299,  268.20148712955,  -115.8555210883,  0.0            
      2300,  287.49348319957,  -96.21403266231,  0.0            
      2301,  306.73481218063,  -76.55383574818,  0.0            
      2302,  325.81183855323,  -56.83297118056,  0.0            
      2303,  344.8142895371 ,  -37.09454959887,  0.0            
      2304,  363.65401025806,  -17.31781701992,  0.0            
      2305,  382.39188505423,  2.4715925791027,  0.0            
      2306,  400.97233939835,  22.280596700282,  0.0            
      2307,  419.4204198533 ,  42.093666094565,  0.0            
      2308,  437.7200570488 ,  61.911294260931,  0.0            
      2309,  455.85365032632,  81.720652737078,  0.0            
      2310,  473.85136363108,  101.5232438152 ,  0.0            
      2311,  491.64634655598,  121.30152732421,  0.0            
      2312,  509.32150663158,  141.0654439574 ,  0.0            
      2313,  526.75436901811,  160.78534425859,  0.0            
      2314,  544.08685654911,  180.48701024238,  0.0            
      2315,  363.70916626711,  23.004998176714,  0.0            
      2316,  344.81048379587,  43.50177422849 ,  0.0            
      2317,  325.85973862786,  63.983489059462,  0.0            
      2318,  306.7296906117 ,  84.413333358272,  0.0            
      2319,  287.53608808617,  104.81559882745,  0.0            
      2320,  268.19669564036,  125.15460025109,  0.0            
      2321,  248.78584353613,  145.44980298893,  0.0            
      2322,  229.25945879249,  165.67419405646,  0.0            
      2323,  209.65735764032,  185.83491550445,  0.0            
      2324,  268.14538165332,  85.133818045166,  0.0            
      2325,  248.68243337969,  65.434515635629,  0.0            
      2326,  229.10880701515,  45.720426644492,  0.0            
      2327,  209.48445952778,  25.999561316545,  0.0            
      2328,  189.75414931996,  6.2798520658091,  0.0            
      2329,  169.99116268277,  -13.4395006777 ,  0.0            
      2330,  150.13068974231,  -33.13813086121,  0.0            
      2331,  130.25204323619,  -52.83289790915,  0.0            
      2332,  110.28816607854,  -72.48378627103,  0.0            
      2333,  209.45111212371,  -14.22429211561,  0.0            
      2334,  229.10761829063,  -34.73337201449,  0.0            
      2335,  248.64350362439,  -55.23679578607,  0.0            
      2336,  268.14436527656,  -75.73857723438,  0.0            
      2337,  248.66705527487,  -15.01323511431,  0.0            
      2338,  268.09719358346,  4.7318624935858,  0.0            
      2339,  287.46706906286,  24.479917105024,  0.0            
      2340,  306.70544558255,  44.234424166407,  0.0            
      2341,  248.62784819223,  25.233141050205,  0.0            
      2342,  229.09829550699,  5.4978952710646,  0.0            
      2343,  268.10190890145,  44.96647716271 ,  0.0            
      2344,  287.45488108537,  64.695646209388,  0.0            
      2345,  306.70585779995,  -36.31044278699,  0.0            
      2346,  287.42244533553,  -15.78677059952,  0.0            
      2347,  287.50142885368,  -56.0488926798 ,  0.0            
      2348,  268.10345780659,  -35.53021470429,  0.0            
      2349,  344.82278679288,  3.2195291679143,  0.0            
      2350,  325.84048221067,  -16.55930255028,  0.0            
      2351,  325.78844363458,  23.732836923155,  0.0            
      2352,  306.67639918211,  3.9644971789571,  0.0            
      2353,  150.18088624703,  -113.3515823272,  0.0            
      2354,  170.04005249509,  -93.76775742239,  0.0            
      2355,  189.78567562667,  -74.1111727439 ,  0.0            
      2356,  209.50830861318,  -54.44581161508,  0.0            
      2357,  150.15934682229,  -73.30465274069,  0.0            
      2358,  130.24551533218,  -92.92427368526,  0.0            
      2359,  169.9737914284 ,  -53.62671256626,  0.0            
      2360,  189.76765417913,  -33.94245259888,  0.0            
      2361,  209.60584031986,  -134.6019580901,  0.0            
      2362,  189.83534654371,  -114.1906899811,  0.0            
      2363,  189.88288516493,  -154.0878395428,  0.0            
      2364,  170.0425819407 ,  -133.7272135143,  0.0            
      2365,  248.74023274238,  -95.41322369702,  0.0            
      2366,  229.18693989337,  -115.0144357761,  0.0            
      2367,  229.14007861705,  -74.9320091721 ,  0.0            
      2368,  209.50041179778,  -94.56696613046,  0.0            
      2369,  110.29095407941,  88.127214048647,  0.0            
      2370,  130.23188632277,  67.703324019347,  0.0            
      2371,  150.13232187018,  47.250290662983,  0.0            
      2372,  169.96438161667,  26.77267403166 ,  0.0            
      2373,  150.15868757795,  87.363750744716,  0.0            
      2374,  170.0145300455 ,  106.98962660152,  0.0            
      2375,  189.83396394977,  126.594126111  ,  0.0            
      2376,  209.57395106632,  146.15198049155,  0.0            
      2377,  150.185707754  ,  127.33214209607,  0.0            
      2378,  130.26797632172,  107.75290466427,  0.0            
      2379,  170.07180147617,  146.88513651036,  0.0            
      2380,  189.88885884504,  166.38086627996,  0.0            
      2381,  209.47576693023,  66.175613291228,  0.0            
      2382,  189.78876775602,  86.604157262927,  0.0            
      2383,  189.76722164487,  46.479516780467,  0.0            
      2384,  170.00185819572,  66.938548239607,  0.0            
      2385,  248.70068930514,  105.51911420141,  0.0            
      2386,  229.13836194594,  85.860066795005,  0.0            
      2387,  229.19037082159,  125.8663303421 ,  0.0            
      2388,  209.53449789986,  106.25325660909,  0.0            
      2389,  50.196301436562,  -11.04389214883,  0.0            
      2390,  70.257426170609,  8.6489503474477,  0.0            
      2391,  90.275788950551,  28.342349898351,  0.0            
      2392,  110.28320303395,  48.032242612671,  0.0            
      2393,  50.20487065711 ,  29.137224948311,  0.0            
      2394,  30.126606092925,  9.445373008527 ,  0.0            
      2395,  70.254529499659,  48.81519339891 ,  0.0            
      2396,  90.295647935372,  68.487198355542,  0.0            
      2397,  110.28372576298,  -32.34130019519,  0.0            
      2398,  90.290616815701,  -11.847751805  ,  0.0            
      2399,  90.280399941937,  -52.0130676084 ,  0.0            
      2400,  70.253675854307,  -31.53467959928,  0.0            
      2401,  150.132463291  ,  7.0625173938995,  0.0            
      2402,  130.21597716497,  -12.64009463974,  0.0            
      2403,  130.23730537908,  27.555048801228,  0.0            
      2404,  110.27063959052,  7.854173587715 ,  0.0            
      2405,  456.03170206417,  121.91399185106,  0.0            
      2406,  437.93185685817,  142.20515477487,  0.0            
      2407,  419.76290994023,  162.46455293379,  0.0            
      2408,  401.35597815916,  182.6145539011 ,  0.0            
      2409,  382.86239399616,  202.7143329266 ,  0.0            
      2410,  364.17003489215,  222.6989060766 ,  0.0            
      2411,  345.37704851451,  242.61108718953,  0.0            
      2412,  326.42137265897,  262.40622823677,  0.0            
      2413,  307.3547606823 ,  282.10317337203,  0.0            
      2414,  364.01747422967,  183.21764928081,  0.0            
      2415,  345.06994089076,  163.68026371999,  0.0            
      2416,  325.9970148302 ,  144.09314084098,  0.0            
      2417,  306.81513228748,  124.47029691114,  0.0            
      2418,  419.57222825828,  122.50234743666,  0.0            
      2419,  401.09002624576,  102.77919889364,  0.0            
      2420,  382.4580407938 ,  83.0311936092  ,  0.0            
      2421,  363.6934067933 ,  63.271635167685,  0.0            
      2422,  419.53228947583,  82.382448020064,  0.0            
      2423,  437.84660911635,  102.15499708627,  0.0            
      2424,  401.0600561566 ,  62.593335738043,  0.0            
      2425,  382.44727693338,  42.800726263521,  0.0            
      2426,  363.86641551674,  143.43614741845,  0.0            
      2427,  382.58547690982,  123.15086641996,  0.0            
      2428,  382.66583026418,  163.04230816559,  0.0            
      2429,  401.2321534913 ,  142.82127373099,  0.0            
      2430,  325.88368626239,  104.11327325272,  0.0            
      2431,  344.93347780837,  123.78854287871,  0.0            
      2432,  344.88406615342,  83.724142142226,  0.0            
      2433,  363.79714712816,  103.44730884193,  0.0            
      2434,  326.24961253629,  223.29202312543,  0.0            
      2435,  307.0328695458 ,  203.9186833395 ,  0.0            
      2436,  287.7069943122 ,  184.47901918418,  0.0            
      2437,  268.28795730735,  164.98752204887,  0.0            
      2438,  326.09588533205,  183.82995087802,  0.0            
      2439,  345.18094025827,  203.28817288652,  0.0            
      2440,  306.89356792345,  164.31369802573,  0.0            
      2441,  287.59019138814,  144.75366815803,  0.0            
      2442,  268.5223362522 ,  243.81466545236,  0.0            
      2443,  287.82602701704,  223.90886709343,  0.0            
      2444,  287.97654869331,  262.99284417652,  0.0            
      2445,  307.1650267041 ,  243.18807897772,  0.0            
      2446,  229.35080078048,  205.22454025375,  0.0            
      2447,  248.97525204652,  224.55357530764,  0.0            
      2448,  248.86075921944,  185.14131859032,  0.0            
      2449,  268.38602532614,  204.55503731416,  0.0            
      2450,  456.87458401322,  280.05880843291,  0.0            
      2451,  438.54986515583,  260.81098740051,  0.0            
      2452,  420.14586314576,  241.52341674575,  0.0            
      2453,  401.55047730179,  222.1398933587 ,  0.0            
      2454,  456.53056442674,  240.98743937868,  0.0            
      2455,  474.41075259222,  221.10008354773,  0.0            
      2456,  492.01774668558,  201.06881452949,  0.0            
      2457,  509.54541565788,  180.99575861993,  0.0            
      2458,  492.36329818618,  240.55367514477,  0.0            
      2459,  474.67150643968,  260.34041000462,  0.0            
      2460,  509.77015945757,  220.61152176574,  0.0            
      2461,  527.09428780487,  200.62424078657,  0.0            
      2462,  438.11847236069,  182.05543518074,  0.0            
      2463,  456.37048716444,  201.61534845032,  0.0            
      2464,  419.88011080945,  202.12503955184,  0.0            
      2465,  438.30612092057,  221.59902219138,  0.0            
      2466,  456.1071126458 ,  161.86492828612,  0.0            
      2467,  474.17339573919,  181.49926685386,  0.0            
      2468,  474.02324341594,  141.63931591781,  0.0            
      2469,  491.90038699593,  161.3447390749 ,  0.0            
      2470,  364.83638561936,  338.84258555716,  0.0            
      2471,  383.48883021617,  319.51864534701,  0.0            
      2472,  402.00920686431,  300.07579344938,  0.0            
      2473,  420.33859993145,  280.48816444886,  0.0            
      2474,  402.3119901807 ,  338.39916948124,  0.0            
      2475,  383.81041659094,  357.58570212404,  0.0            
      2476,  420.67445187928,  319.08681989247,  0.0            
      2477,  438.83649862914,  299.62044752173,  0.0            
      2478,  345.54841850435,  281.52516489541,  0.0            
      2479,  364.59904212065,  300.58546240744,  0.0            
      2480,  326.61285134561,  301.10492683822,  0.0            
      2481,  345.79994485736,  320.04250712394,  0.0            
      2482,  364.36600559946,  261.84030178212,  0.0            
      2483,  383.2731153778 ,  281.01641126195,  0.0            
      2484,  383.01147184896,  242.02915292407,  0.0            
      2485,  401.76563642164,  261.31182869263,  0.0            
      2486,  544.14930883852,  -182.2480913254,  0.0            
      2487,  526.81115114359,  -161.7967714961,  0.0            
      2488,  509.38562405388,  -141.3263766801,  0.0            
      2489,  491.68105316875,  -120.8115002817,  0.0            
      2490,  473.92021752716,  -100.2876548776,  0.0            
      2491,  455.87207891888,  -79.73704134072,  0.0            
      2492,  437.79579083447,  -59.18380510586,  0.0            
      2493,  419.4275540633 ,  -38.62534066003,  0.0            
      2494,  401.03754670179,  -18.06809827057,  0.0            
      2495,  456.02561341246,  -119.9980036904,  0.0            
      2496,  437.99955928899,  -139.6654768358,  0.0            
      2497,  419.7587227306 ,  -159.2415414051,  0.0            
      2498,  401.41945651759,  -178.7757156094,  0.0            
      2499,  382.8575478081 ,  -198.189710584 ,  0.0            
      2500,  364.22698135006,  -217.5666450895,  0.0            
      2501,  345.36974355981,  -236.7910774763,  0.0            
      2502,  326.47024930684,  -255.9870801536,  0.0            
      2503,  307.34396207759,  -274.9947987068,  0.0            
      2504,  401.51744605946,  -218.4275231182,  0.0            
      2505,  420.13318360187,  -238.6445009086,  0.0            
      2506,  438.52990710061,  -258.7581492554,  0.0            
      2507,  456.85677002286,  -278.8355585178,  0.0            
      2508,  438.36813692018,  -219.3830874427,  0.0            
      2509,  456.35711178679,  -199.9776901164,  0.0            
      2510,  474.23811529242,  -180.5206690848,  0.0            
      2511,  491.88351549434,  -160.9510004456,  0.0            
      2512,  438.08241842268,  -179.617659985 ,  0.0            
      2513,  419.91708747811,  -199.0886323241,  0.0            
      2514,  456.14454885944,  -160.0999306108,  0.0            
      2515,  473.98148642688,  -140.4801731447,  0.0            
      2516,  492.34358252248,  -240.5087963355,  0.0            
      2517,  474.38877920654,  -220.2579299486,  0.0            
      2518,  474.73483347612,  -259.7560716721,  0.0            
      2519,  456.58816636822,  -239.5859826898,  0.0            
      2520,  527.06963030799,  -201.757644932 ,  0.0            
      2521,  509.83481850149,  -221.2001639534,  0.0            
      2522,  509.51850671673,  -181.365576592 ,  0.0            
      2523,  492.07664983069,  -200.873386832 ,  0.0            
      2524,  345.78317773967,  -314.6921243752,  0.0            
      2525,  364.6486718917 ,  -295.9044784371,  0.0            
      2526,  383.25906060252,  -276.8996672873,  0.0            
      2527,  401.8223762712 ,  -257.8615131133,  0.0            
      2528,  345.5779097395 ,  -275.9597563887,  0.0            
      2529,  326.5808086441 ,  -294.8586252081,  0.0            
      2530,  364.33406162614,  -256.8581629013,  0.0            
      2531,  383.04554876035,  -237.7256830471,  0.0            
      2532,  402.36484852535,  -335.4701086701,  0.0            
      2533,  383.53643785127,  -315.710562325 ,  0.0            
      2534,  383.79008192439,  -354.0083368814,  0.0            
      2535,  364.81455659294,  -334.3752158095,  0.0            
      2536,  438.8956562934 ,  -297.8633033098,  0.0            
      2537,  420.65619722015,  -316.6858341594,  0.0            
      2538,  420.39219568872,  -277.8822441634,  0.0            
      2539,  401.9890574359 ,  -296.814303085 ,  0.0            
      2540,  306.81656346458,  -116.6849708168,  0.0            
      2541,  325.95356077427,  -137.1052589292,  0.0            
      2542,  345.07464380664,  -157.5210280864,  0.0            
      2543,  363.97690967422,  -177.859877354 ,  0.0            
      2544,  344.94509850442,  -117.5219986225,  0.0            
      2545,  363.74899767091,  -97.85426603188,  0.0            
      2546,  382.4687797423 ,  -78.1592430868 ,  0.0            
      2547,  401.00501068199,  -58.40467011292,  0.0            
      2548,  344.88737385588,  -77.3553033109 ,  0.0            
      2549,  325.93995395326,  -97.05642204823,  0.0            
      2550,  363.75544751658,  -57.63176088932,  0.0            
      2551,  382.45038047997,  -37.85928795472,  0.0            
      2552,  401.18766192235,  -138.7995031546,  0.0            
      2553,  382.59236468342,  -118.3510062023,  0.0            
      2554,  382.68777305772,  -158.3838287116,  0.0            
      2555,  363.93315751567,  -137.984204444 ,  0.0            
      2556,  437.79575004819,  -99.47601559074,  0.0            
      2557,  419.59389198552,  -119.1781539028,  0.0            
      2558,  419.53904155627,  -78.95012612518,  0.0            
      2559,  401.1626839029 ,  -98.68565093603,  0.0            
      2560,  248.93782150583,  -214.8081163132,  0.0            
      2561,  268.39449428476,  -195.5298957681,  0.0            
      2562,  287.66684278485,  -176.1067127304,  0.0            
      2563,  306.90415969132,  -156.6624699554,  0.0            
      2564,  248.90097839075,  -175.2852967992,  0.0            
      2565,  229.34553401028,  -194.6425513594,  0.0            
      2566,  268.28625472484,  -155.7975202901,  0.0            
      2567,  287.63890775502,  -136.2911407011,  0.0            
      2568,  307.18178684218,  -235.883231685 ,  0.0            
      2569,  287.87560968928,  -215.766531175 ,  0.0            
      2570,  287.93962609592,  -254.9867494594,  0.0            
      2571,  268.51887977449,  -234.9645695025,  0.0            
      2572,  345.20098667409,  -197.3025359237,  0.0            
      2573,  326.21131084465,  -216.6058703304,  0.0            
      2574,  326.15466861291,  -177.0281320522,  0.0            
      2575,  307.03385909275,  -196.4090898109,  0.0            
      2576,  626.25771318658,  78.819764416891,  0.0            
      2577,  610.10789602677,  58.850943084653,  0.0            
      2578,  593.8366123086 ,  38.885402739997,  0.0            
      2579,  577.27211704617,  18.92778246362 ,  0.0            
      2580,  560.56067354681,  -1.016534519323,  0.0            
      2581,  543.6006057486 ,  -20.93834342683,  0.0            
      2582,  526.47139157728,  -40.83298521534,  0.0            
      2583,  509.13548229164,  -60.69442906611,  0.0            
      2584,  491.61164296927,  -80.51103432187,  0.0            
      2585,  577.22578849432,  -21.62580506185,  0.0            
      2586,  593.82253463783,  -42.23797233675,  0.0            
      2587,  610.08020723421,  -62.86450589073,  0.0            
      2588,  626.23300161749,  -83.48912855546,  0.0            
      2589,  610.0453750844 ,  -22.28134269699,  0.0            
      2590,  626.110417139  ,  -2.300341696098,  0.0            
      2591,  641.86188210726,  17.709353933185,  0.0            
      2592,  657.48344383603,  37.730936672038,  0.0            
      2593,  610.0101199353 ,  18.29635203575 ,  0.0            
      2594,  593.69414087203,  -1.67414517669 ,  0.0            
      2595,  626.02270468328,  38.285156596526,  0.0            
      2596,  641.90960453232,  58.281545205883,  0.0            
      2597,  657.47295891032,  -43.57449475685,  0.0            
      2598,  641.84762889488,  -22.93494085159,  0.0            
      2599,  641.93730453742,  -63.54953137057,  0.0            
      2600,  626.0455297993 ,  -42.91467606865,  0.0            
      2601,  687.7380424787 ,  -3.504989920838,  0.0            
      2602,  672.67467065484,  -23.54998895462,  0.0            
      2603,  672.67018579124,  17.118883569986,  0.0            
      2604,  657.3259681331 ,  -2.916123726088,  0.0            
      2605,  526.66625065262,  -121.6168102833,  0.0            
      2606,  543.76520623939,  -101.8528914157,  0.0            
      2607,  560.66043707853,  -82.02802202395,  0.0            
      2608,  577.3327123248 ,  -62.15336764324,  0.0            
      2609,  526.48089745326,  -81.27577159615,  0.0            
      2610,  509.16828959394,  -101.0672202316,  0.0            
      2611,  543.5976779204 ,  -61.43142840108,  0.0            
      2612,  560.49963303395,  -41.54559374266,  0.0            
      2613,  577.63333949735,  -142.9530368315,  0.0            
      2614,  560.74645932943,  -122.4090687975,  0.0            
      2615,  560.98920212004,  -162.6349241993,  0.0            
      2616,  543.87316196556,  -142.1336883249,  0.0            
      2617,  610.2433592635 ,  -103.3687651493,  0.0            
      2618,  594.05795741613,  -123.1940870105,  0.0            
      2619,  593.83872401888,  -82.76373825063,  0.0            
      2620,  577.40813459022,  -102.6154427813,  0.0            
      2621,  491.62294857686,  81.115408001787,  0.0            
      2622,  509.06930790587,  60.621819066694,  0.0            
      2623,  526.48804033152,  40.121267063696,  0.0            
      2624,  543.54169254845,  19.55425159304 ,  0.0            
      2625,  526.45285191827,  80.488060133624,  0.0            
      2626,  543.70572292633,  100.35100239244,  0.0            
      2627,  560.69593070324,  120.19070287937,  0.0            
      2628,  577.57732694348,  140.0207751709 ,  0.0            
      2629,  526.69014185349,  120.76474005214,  0.0            
      2630,  509.21916917858,  100.94449044794,  0.0            
      2631,  543.90863406828,  140.55136060438,  0.0            
      2632,  561.02253308697,  160.32404990024,  0.0            
      2633,  577.28261339737,  59.409867988906,  0.0            
      2634,  560.6913345706 ,  79.928005260229,  0.0            
      2635,  560.48291455261,  39.47817516118 ,  0.0            
      2636,  543.65773649199,  60.023518549096,  0.0            
      2637,  610.19870532265,  99.267297147391,  0.0            
      2638,  593.79928346891,  79.339093604854,  0.0            
      2639,  594.0998088462 ,  119.70594456442,  0.0            
      2640,  577.45208664702,  99.81963747953 ,  0.0            
      2641,  437.67437370433,  -18.80774579669,  0.0            
      2642,  455.77473456397,  1.02828211054  ,  0.0            
      2643,  473.71085745325,  20.884980719016,  0.0            
      2644,  491.46467594602,  40.749996688462,  0.0            
      2645,  437.7393186178 ,  21.583390188821,  0.0            
      2646,  419.45814082744,  1.7520213798778,  0.0            
      2647,  455.86415579327,  41.427373734432,  0.0            
      2648,  473.81481881148,  61.271381115419,  0.0            
      2649,  491.47613892966,  -40.11241942847,  0.0            
      2650,  473.78603739459,  -19.53034442872,  0.0            
      2651,  473.75438076109,  -59.94113079193,  0.0            
      2652,  455.86766472828,  -39.36988323193,  0.0            
      2653,  526.36102502924,  -0.356527028577,  0.0            
      2654,  509.01786441698,  -20.2469254346 ,  0.0            
      2655,  509.08807743978,  20.222797395911,  0.0            
      2656,  491.53227473508,  0.33792104031  ,  0.0            
      2657,  -383.8104165909,  -357.585702124 ,  0.0            
      2658,  -364.8363856194,  -338.8425855572,  0.0            
      2659,  -345.7999448574,  -320.0425071239,  0.0            
      2660,  -326.6128513456,  -301.1049268382,  0.0            
      2661,  -307.3547606823,  -282.103173372 ,  0.0            
      2662,  -287.9765486933,  -262.9928441765,  0.0            
      2663,  -268.5223362522,  -243.8146654524,  0.0            
      2664,  -248.9752520465,  -224.5535753076,  0.0            
      2665,  -229.3508007805,  -205.2245402537,  0.0            
      2666,  -209.6573576403,  -185.8349155044,  0.0            
      2667,  -189.888858845 ,  -166.38086628  ,  0.0            
      2668,  -170.0718014762,  -146.8851365104,  0.0            
      2669,  -150.185707754 ,  -127.3321420961,  0.0            
      2670,  -130.2679763217,  -107.7529046643,  0.0            
      2671,  -110.2909540794,  -88.12721404864,  0.0            
      2672,  -90.29564793536,  -68.48719835554,  0.0            
      2673,  -70.25452949965,  -48.8151933989 ,  0.0            
      2674,  -50.2048706571 ,  -29.1372249483 ,  0.0            
      2675,  -30.12660609292,  -9.445373008522,  0.0            
      2676,  -229.2594587925,  -165.6741940564,  0.0            
      2677,  -248.7858435361,  -145.4498029889,  0.0            
      2678,  -268.1966956403,  -125.1546002511,  0.0            
      2679,  -287.5360880862,  -104.8155988274,  0.0            
      2680,  -306.7296906117,  -84.41333335827,  0.0            
      2681,  -325.8597386278,  -63.98348905946,  0.0            
      2682,  -344.8104837958,  -43.50177422848,  0.0            
      2683,  -363.7091662671,  -23.00499817671,  0.0            
      2684,  -382.3918850542,  -2.471592579099,  0.0            
      2685,  -401.0375467018,  18.068098270579,  0.0            
      2686,  -419.4275540633,  38.625340660037,  0.0            
      2687,  -437.7957908344,  59.18380510586 ,  0.0            
      2688,  -455.8720789189,  79.737041340721,  0.0            
      2689,  -473.9202175271,  100.28765487758,  0.0            
      2690,  -491.6810531687,  120.81150028169,  0.0            
      2691,  -509.3856240539,  141.32637668007,  0.0            
      2692,  -526.8111511436,  161.79677149614,  0.0            
      2693,  -544.1493088385,  182.24809132542,  0.0            
      2694,  -400.9723393983,  -22.28059670028,  0.0            
      2695,  -419.4204198533,  -42.09366609456,  0.0            
      2696,  -437.7200570488,  -61.91129426092,  0.0            
      2697,  -455.8536503263,  -81.72065273707,  0.0            
      2698,  -473.8513636311,  -101.5232438152,  0.0            
      2699,  -491.646346556 ,  -121.3015273242,  0.0            
      2700,  -509.3215066316,  -141.0654439574,  0.0            
      2701,  -526.7543690181,  -160.7853442586,  0.0            
      2702,  -544.0868565491,  -180.4870102424,  0.0            
      2703,  -456.0317020642,  -121.913991851 ,  0.0            
      2704,  -437.9318568582,  -142.2051547749,  0.0            
      2705,  -419.7629099402,  -162.4645529338,  0.0            
      2706,  -401.3559781591,  -182.6145539011,  0.0            
      2707,  -382.8623939962,  -202.7143329266,  0.0            
      2708,  -364.1700348921,  -222.6989060766,  0.0            
      2709,  -345.3770485145,  -242.6110871895,  0.0            
      2710,  -326.421372659 ,  -262.4062282368,  0.0            
      2711,  -382.6658302642,  -163.0423081656,  0.0            
      2712,  -363.8664155167,  -143.4361474184,  0.0            
      2713,  -344.9334778084,  -123.7885428787,  0.0            
      2714,  -325.8836862624,  -104.1132732527,  0.0            
      2715,  -382.5854769098,  -123.15086642  ,  0.0            
      2716,  -401.0900262458,  -102.7791988936,  0.0            
      2717,  -419.5322894758,  -82.38244802006,  0.0            
      2718,  -419.5722282583,  -122.5023474366,  0.0            
      2719,  -401.2321534913,  -142.821273731 ,  0.0            
      2720,  -437.8466091163,  -102.1549970863,  0.0            
      2721,  -363.6934067933,  -63.27163516768,  0.0            
      2722,  -382.4580407938,  -83.0311936092 ,  0.0            
      2723,  -344.8840661534,  -83.72414214222,  0.0            
      2724,  -363.7971471281,  -103.4473088419,  0.0            
      2725,  -382.4472769334,  -42.80072626352,  0.0            
      2726,  -401.0600561566,  -62.59333573804,  0.0            
      2727,  -345.1809402583,  -203.2881728865,  0.0            
      2728,  -326.095885332 ,  -183.829950878 ,  0.0            
      2729,  -306.8935679234,  -164.3136980257,  0.0            
      2730,  -287.5901913881,  -144.753668158 ,  0.0            
      2731,  -345.0699408907,  -163.68026372  ,  0.0            
      2732,  -364.0174742296,  -183.2176492808,  0.0            
      2733,  -325.9970148302,  -144.093140841 ,  0.0            
      2734,  -306.8151322875,  -124.4702969111,  0.0            
      2735,  -287.826027017 ,  -223.9088670934,  0.0            
      2736,  -307.0328695458,  -203.9186833395,  0.0            
      2737,  -307.1650267041,  -243.1880789777,  0.0            
      2738,  -326.2496125363,  -223.2920231254,  0.0            
      2739,  -248.8607592194,  -185.1413185903,  0.0            
      2740,  -268.3860253261,  -204.5550373142,  0.0            
      2741,  -268.2879573073,  -164.9875220489,  0.0            
      2742,  -287.7069943122,  -184.4790191842,  0.0            
      2743,  -474.6715064396,  -260.3404100046,  0.0            
      2744,  -456.5305644267,  -240.9874393787,  0.0            
      2745,  -438.3061209206,  -221.5990221914,  0.0            
      2746,  -419.8801108094,  -202.1250395518,  0.0            
      2747,  -474.4107525922,  -221.1000835477,  0.0            
      2748,  -492.0177466856,  -201.0688145295,  0.0            
      2749,  -509.5454156579,  -180.9957586199,  0.0            
      2750,  -509.7701594576,  -220.6115217657,  0.0            
      2751,  -492.3632981862,  -240.5536751448,  0.0            
      2752,  -527.0942878049,  -200.6242407866,  0.0            
      2753,  -456.1071126458,  -161.8649282861,  0.0            
      2754,  -474.1733957392,  -181.4992668539,  0.0            
      2755,  -438.1184723607,  -182.0554351807,  0.0            
      2756,  -456.3704871644,  -201.6153484503,  0.0            
      2757,  -474.0232434159,  -141.6393159178,  0.0            
      2758,  -491.9003869959,  -161.3447390749,  0.0            
      2759,  -383.4888302162,  -319.518645347 ,  0.0            
      2760,  -402.0092068643,  -300.0757934494,  0.0            
      2761,  -420.3385999314,  -280.4881644488,  0.0            
      2762,  -438.5498651558,  -260.8109874005,  0.0            
      2763,  -420.6744518793,  -319.0868198925,  0.0            
      2764,  -402.3119901807,  -338.3991694812,  0.0            
      2765,  -438.8364986291,  -299.6204475217,  0.0            
      2766,  -456.8745840132,  -280.0588084329,  0.0            
      2767,  -364.3660055994,  -261.8403017821,  0.0            
      2768,  -383.2731153778,  -281.0164112619,  0.0            
      2769,  -345.5484185043,  -281.5251648954,  0.0            
      2770,  -364.5990421206,  -300.5854624074,  0.0            
      2771,  -383.011471849 ,  -242.0291529241,  0.0            
      2772,  -401.7656364216,  -261.3118286926,  0.0            
      2773,  -401.5504773018,  -222.1398933587,  0.0            
      2774,  -420.1458631458,  -241.5234167457,  0.0            
      2775,  -491.6116429692,  80.511034321877,  0.0            
      2776,  -509.1354822916,  60.694429066111,  0.0            
      2777,  -526.4713915773,  40.832985215348,  0.0            
      2778,  -543.6006057486,  20.938343426833,  0.0            
      2779,  -560.5606735468,  1.0165345193266,  0.0            
      2780,  -577.2721170462,  -18.92778246362,  0.0            
      2781,  -593.8366123086,  -38.88540273999,  0.0            
      2782,  -610.1078960268,  -58.85094308465,  0.0            
      2783,  -626.2577131866,  -78.81976441689,  0.0            
      2784,  -543.5416925484,  -19.55425159304,  0.0            
      2785,  -526.4880403315,  -40.12126706369,  0.0            
      2786,  -509.0693079059,  -60.62181906669,  0.0            
      2787,  -491.6229485768,  -81.11540800178,  0.0            
      2788,  -509.0880774398,  -20.2227973959 ,  0.0            
      2789,  -491.5322747351,  -0.337921040307,  0.0            
      2790,  -473.7860373946,  19.53034442873 ,  0.0            
      2791,  -455.8676647283,  39.369883231933,  0.0            
      2792,  -509.017864417 ,  20.246925434608,  0.0            
      2793,  -526.3610250292,  0.3565270285808,  0.0            
      2794,  -491.4761389296,  40.112419428476,  0.0            
      2795,  -473.7543807611,  59.941130791933,  0.0            
      2796,  -455.8641557933,  -41.42737373443,  0.0            
      2797,  -473.7108574532,  -20.88498071901,  0.0            
      2798,  -473.8148188115,  -61.27138111541,  0.0            
      2799,  -491.464675946 ,  -40.74999668846,  0.0            
      2800,  -419.4581408274,  -1.752021379871,  0.0            
      2801,  -437.7393186178,  -21.58339018882,  0.0            
      2802,  -437.6743737043,  18.807745796694,  0.0            
      2803,  -455.774734564 ,  -1.028282110535,  0.0            
      2804,  -594.0998088462,  -119.7059445644,  0.0            
      2805,  -577.452086647 ,  -99.81963747952,  0.0            
      2806,  -560.6913345706,  -79.92800526022,  0.0            
      2807,  -543.657736492 ,  -60.02351854909,  0.0            
      2808,  -593.7992834689,  -79.33909360485,  0.0            
      2809,  -610.1987053226,  -99.26729714739,  0.0            
      2810,  -577.2826133974,  -59.4098679889 ,  0.0            
      2811,  -560.4829145526,  -39.47817516118,  0.0            
      2812,  -543.9086340683,  -140.5513606044,  0.0            
      2813,  -560.6959307032,  -120.1907028794,  0.0            
      2814,  -561.022533087 ,  -160.3240499002,  0.0            
      2815,  -577.5773269435,  -140.0207751709,  0.0            
      2816,  -509.2191691786,  -100.9444904479,  0.0            
      2817,  -526.6901418535,  -120.7647400521,  0.0            
      2818,  -526.4528519183,  -80.48806013362,  0.0            
      2819,  -543.7057229263,  -100.3510023924,  0.0            
      2820,  -626.2330016175,  83.489128555462,  0.0            
      2821,  -610.0802072342,  62.864505890734,  0.0            
      2822,  -593.8225346378,  42.237972336752,  0.0            
      2823,  -577.2257884943,  21.625805061855,  0.0            
      2824,  -593.8387240189,  82.763738250638,  0.0            
      2825,  -577.4081345902,  102.61544278135,  0.0            
      2826,  -560.7464593294,  122.40906879752,  0.0            
      2827,  -543.8731619655,  142.13368832494,  0.0            
      2828,  -594.0579574161,  123.19408701047,  0.0            
      2829,  -610.2433592635,  103.36876514927,  0.0            
      2830,  -577.6333394973,  142.95303683154,  0.0            
      2831,  -560.98920212  ,  162.63492419929,  0.0            
      2832,  -543.5976779204,  61.431428401083,  0.0            
      2833,  -560.6604370785,  82.028022023952,  0.0            
      2834,  -560.4996330339,  41.545593742666,  0.0            
      2835,  -577.3327123248,  62.153367643248,  0.0            
      2836,  -509.1682895939,  101.06722023164,  0.0            
      2837,  -526.4808974532,  81.275771596154,  0.0            
      2838,  -526.6662506526,  121.61681028331,  0.0            
      2839,  -543.7652062394,  101.85289141571,  0.0            
      2840,  -672.6701857912,  -17.11888356998,  0.0            
      2841,  -657.3259681331,  2.9161237260903,  0.0            
      2842,  -641.8476288949,  22.934940851597,  0.0            
      2843,  -626.0455297993,  42.914676068656,  0.0            
      2844,  -672.6746706548,  23.549988954627,  0.0            
      2845,  -687.7380424787,  3.5049899208398,  0.0            
      2846,  -657.4729589103,  43.57449475685 ,  0.0            
      2847,  -641.9373045374,  63.549531370572,  0.0            
      2848,  -626.0227046833,  -38.28515659653,  0.0            
      2849,  -641.8618821072,  -17.70935393318,  0.0            
      2850,  -641.9096045323,  -58.28154520588,  0.0            
      2851,  -657.483443836 ,  -37.73093667204,  0.0            
      2852,  -593.694140872 ,  1.6741451766954,  0.0            
      2853,  -610.0101199353,  -18.29635203575,  0.0            
      2854,  -610.0453750844,  22.281342696992,  0.0            
      2855,  -626.110417139 ,  2.3003416961005,  0.0            
      2856,  -209.622820624 ,  174.37177509804,  0.0            
      2857,  -229.2631223398,  154.94912683904,  0.0            
      2858,  -248.7474122418,  135.41039717492,  0.0            
      2859,  -268.2014871295,  115.85552108833,  0.0            
      2860,  -287.4934831996,  96.214032662315,  0.0            
      2861,  -306.7348121806,  76.553835748189,  0.0            
      2862,  -325.8118385532,  56.832971180559,  0.0            
      2863,  -344.8142895371,  37.094549598873,  0.0            
      2864,  -363.654010258 ,  17.317817019921,  0.0            
      2865,  -268.1443652765,  75.738577234385,  0.0            
      2866,  -248.6435036244,  55.236795786074,  0.0            
      2867,  -229.1076182906,  34.73337201449 ,  0.0            
      2868,  -209.4511121237,  14.224292115611,  0.0            
      2869,  -189.75414932  ,  -6.279852065805,  0.0            
      2870,  -169.9643816167,  -26.77267403166,  0.0            
      2871,  -150.1323218702,  -47.25029066298,  0.0            
      2872,  -130.2318863228,  -67.70332401934,  0.0            
      2873,  -189.7676541791,  33.942452598883,  0.0            
      2874,  -169.9737914284,  53.626712566261,  0.0            
      2875,  -150.1593468223,  73.304652740693,  0.0            
      2876,  -130.2455153322,  92.92427368526 ,  0.0            
      2877,  -189.7856756267,  74.111172743902,  0.0            
      2878,  -209.5004117978,  94.566966130466,  0.0            
      2879,  -229.1869398934,  115.01443577613,  0.0            
      2880,  -229.140078617 ,  74.9320091721  ,  0.0            
      2881,  -209.5083086132,  54.445811615083,  0.0            
      2882,  -248.7402327424,  95.41322369703 ,  0.0            
      2883,  -170.0425819407,  133.72721351429,  0.0            
      2884,  -189.8353465437,  114.19068998112,  0.0            
      2885,  -150.180886247 ,  113.3515823272 ,  0.0            
      2886,  -170.0400524951,  93.767757422391,  0.0            
      2887,  -189.8828851649,  154.08783954284,  0.0            
      2888,  -209.6058403198,  134.60195809014,  0.0            
      2889,  -150.132463291 ,  -7.062517393895,  0.0            
      2890,  -130.215977165 ,  12.640094639741,  0.0            
      2891,  -110.283725763 ,  32.341300195195,  0.0            
      2892,  -90.28039994193,  52.013067608404,  0.0            
      2893,  -150.1306897423,  33.138130861212,  0.0            
      2894,  -169.9911626828,  13.439500677708,  0.0            
      2895,  -130.2520432362,  52.832897909151,  0.0            
      2896,  -110.2881660785,  72.483786271036,  0.0            
      2897,  -90.27578895054,  -28.34234989835,  0.0            
      2898,  -110.2706395905,  -7.85417358771 ,  0.0            
      2899,  -110.2832030339,  -48.03224261267,  0.0            
      2900,  -130.2373053791,  -27.55504880122,  0.0            
      2901,  -50.19630143655,  11.043892148834,  0.0            
      2902,  -70.2574261706 ,  -8.648950347443,  0.0            
      2903,  -70.2536758543 ,  31.534679599286,  0.0            
      2904,  -90.29061681569,  11.847751805006,  0.0            
      2905,  -287.4548810854,  -64.69564620938,  0.0            
      2906,  -268.1019089014,  -44.9664771627 ,  0.0            
      2907,  -248.6278481922,  -25.2331410502 ,  0.0            
      2908,  -229.098295507 ,  -5.497895271061,  0.0            
      2909,  -287.4670690628,  -24.47991710502,  0.0            
      2910,  -306.6763991821,  -3.964497178954,  0.0            
      2911,  -325.8404822106,  16.559302550286,  0.0            
      2912,  -325.7884436346,  -23.73283692315,  0.0            
      2913,  -306.7054455825,  -44.2344241664 ,  0.0            
      2914,  -344.8227867929,  -3.219529167911,  0.0            
      2915,  -268.1034578066,  35.530214704292,  0.0            
      2916,  -287.4224453355,  15.786770599526,  0.0            
      2917,  -248.6670552748,  15.013235114317,  0.0            
      2918,  -268.0971935834,  -4.731862493582,  0.0            
      2919,  -287.5014288537,  56.048892679807,  0.0            
      2920,  -306.7058577999,  36.310442786989,  0.0            
      2921,  -248.7006893051,  -105.5191142014,  0.0            
      2922,  -229.1383619459,  -85.860066795  ,  0.0            
      2923,  -209.4757669302,  -66.17561329122,  0.0            
      2924,  -189.7672216448,  -46.47951678046,  0.0            
      2925,  -248.6824333797,  -65.43451563562,  0.0            
      2926,  -268.1453816533,  -85.13381804516,  0.0            
      2927,  -229.1088070151,  -45.72042664449,  0.0            
      2928,  -209.4844595278,  -25.99956131654,  0.0            
      2929,  -189.8339639498,  -126.594126111 ,  0.0            
      2930,  -209.5344978998,  -106.2532566091,  0.0            
      2931,  -209.5739510663,  -146.1519804915,  0.0            
      2932,  -229.1903708216,  -125.8663303421,  0.0            
      2933,  -150.1586875779,  -87.36375074471,  0.0            
      2934,  -170.0145300455,  -106.9896266015,  0.0            
      2935,  -170.0018581957,  -66.9385482396 ,  0.0            
      2936,  -189.788767756 ,  -86.60415726292,  0.0            
      2937,  -307.3439620776,  274.99479870677,  0.0            
      2938,  -326.4702493068,  255.9870801536 ,  0.0            
      2939,  -345.3697435598,  236.79107747627,  0.0            
      2940,  -364.22698135  ,  217.56664508955,  0.0            
      2941,  -382.8575478081,  198.18971058398,  0.0            
      2942,  -401.4194565176,  178.77571560942,  0.0            
      2943,  -419.7587227306,  159.24154140507,  0.0            
      2944,  -437.999559289 ,  139.66547683579,  0.0            
      2945,  -456.0256134124,  119.99800369038,  0.0            
      2946,  -363.9769096742,  177.85987735405,  0.0            
      2947,  -345.0746438066,  157.52102808642,  0.0            
      2948,  -325.9535607742,  137.10525892921,  0.0            
      2949,  -306.8165634646,  116.68497081682,  0.0            
      2950,  -326.1546686129,  177.0281320522 ,  0.0            
      2951,  -307.0338590927,  196.4090898109 ,  0.0            
      2952,  -287.8756096893,  215.76653117498,  0.0            
      2953,  -268.5188797745,  234.96456950251,  0.0            
      2954,  -326.2113108446,  216.60587033037,  0.0            
      2955,  -345.2009866741,  197.30253592369,  0.0            
      2956,  -307.1817868422,  235.88323168504,  0.0            
      2957,  -287.9396260959,  254.98674945937,  0.0            
      2958,  -268.2862547248,  155.79752029009,  0.0            
      2959,  -287.6668427848,  176.10671273039,  0.0            
      2960,  -287.638907755 ,  136.29114070111,  0.0            
      2961,  -306.9041596913,  156.6624699554 ,  0.0            
      2962,  -229.3455340103,  194.64255135942,  0.0            
      2963,  -248.9009783907,  175.28529679922,  0.0            
      2964,  -248.9378215058,  214.80811631317,  0.0            
      2965,  -268.3944942848,  195.52989576814,  0.0            
      2966,  -419.5390415563,  78.950126125181,  0.0            
      2967,  -401.1626839029,  98.685650936038,  0.0            
      2968,  -382.5923646834,  118.35100620231,  0.0            
      2969,  -363.9331575156,  137.984204444  ,  0.0            
      2970,  -419.5938919855,  119.17815390285,  0.0            
      2971,  -437.7957500482,  99.47601559075 ,  0.0            
      2972,  -401.1876619223,  138.7995031546 ,  0.0            
      2973,  -382.6877730577,  158.38382871159,  0.0            
      2974,  -363.7554475166,  57.631760889328,  0.0            
      2975,  -382.4687797423,  78.159243086809,  0.0            
      2976,  -382.45038048  ,  37.859287954719,  0.0            
      2977,  -401.005010682 ,  58.404670112921,  0.0            
      2978,  -325.9399539532,  97.056422048238,  0.0            
      2979,  -344.8873738559,  77.355303310899,  0.0            
      2980,  -344.9450985044,  117.52199862255,  0.0            
      2981,  -363.7489976709,  97.854266031884,  0.0            
      2982,  -456.8567700228,  278.83555851778,  0.0            
      2983,  -438.5299071006,  258.75814925538,  0.0            
      2984,  -420.1331836019,  238.64450090866,  0.0            
      2985,  -401.5174460594,  218.42752311822,  0.0            
      2986,  -420.3921956887,  277.88224416344,  0.0            
      2987,  -401.9890574359,  296.81430308501,  0.0            
      2988,  -383.5364378512,  315.71056232504,  0.0            
      2989,  -364.8145565929,  334.37521580948,  0.0            
      2990,  -420.6561972201,  316.68583415939,  0.0            
      2991,  -438.8956562934,  297.86330330977,  0.0            
      2992,  -402.3648485253,  335.47010867008,  0.0            
      2993,  -383.7900819244,  354.00833688138,  0.0            
      2994,  -364.3340616261,  256.8581629013 ,  0.0            
      2995,  -383.2590606025,  276.89966728729,  0.0            
      2996,  -383.0455487603,  237.72568304713,  0.0            
      2997,  -401.8223762712,  257.86151311328,  0.0            
      2998,  -326.5808086441,  294.85862520813,  0.0            
      2999,  -345.5779097395,  275.9597563887 ,  0.0            
      3000,  -345.7831777396,  314.69212437522,  0.0            
      3001,  -364.6486718917,  295.90447843715,  0.0            
      3002,  -509.5185067167,  181.36557659198,  0.0            
      3003,  -492.0766498307,  200.87338683203,  0.0            
      3004,  -474.3887792065,  220.25792994863,  0.0            
      3005,  -456.5881663682,  239.58598268979,  0.0            
      3006,  -509.8348185015,  221.2001639534 ,  0.0            
      3007,  -527.069630308 ,  201.75764493204,  0.0            
      3008,  -492.3435825225,  240.50879633555,  0.0            
      3009,  -474.7348334761,  259.75607167207,  0.0            
      3010,  -456.1445488594,  160.0999306108 ,  0.0            
      3011,  -474.2381152924,  180.52066908485,  0.0            
      3012,  -473.9814864269,  140.48017314467,  0.0            
      3013,  -491.8835154943,  160.95100044562,  0.0            
      3014,  -419.9170874781,  199.08863232415,  0.0            
      3015,  -438.0824184227,  179.61765998502,  0.0            
      3016,  -438.3681369202,  219.38308744268,  0.0            
      3017,  -456.3571117868,  199.97769011641,  0.0            
      3018,  -191.2689703216,  -540.3908301663,  0.0            
      3019,  -171.2265910008,  -523.4534809725,  0.0            
      3020,  -151.1639852954,  -506.4161393024,  0.0            
      3021,  -131.0525545505,  -489.1374229793,  0.0            
      3022,  -110.9243774293,  -471.7391931372,  0.0            
      3023,  -90.76786682045,  -454.1387562766,  0.0            
      3024,  -70.60188856016,  -436.4026008534,  0.0            
      3025,  -50.42434092799,  -418.5005987536,  0.0            
      3026,  -30.24839979002,  -400.4500920989,  0.0            
      3027,  -10.07389123908,  -382.2671568949,  0.0            
      3028,  10.084156525944,  -363.9264427742,  0.0            
      3029,  30.231554696553,  -345.4836508137,  0.0            
      3030,  50.343884876462,  -326.8773990508,  0.0            
      3031,  70.440144234683,  -308.1962375686,  0.0            
      3032,  90.479014626894,  -289.34959975  ,  0.0            
      3033,  110.50018760168,  -270.4519328922,  0.0            
      3034,  130.43798783919,  -251.390497212 ,  0.0            
      3035,  150.36024558647,  -232.2985314641,  0.0            
      3036,  170.16954673064,  -213.0482767888,  0.0            
      3037,  -30.23178467265,  -363.1798821016,  0.0            
      3038,  -50.34876197048,  -343.8774145893,  0.0            
      3039,  -70.44964590435,  -324.5231941214,  0.0            
      3040,  -90.49510462644,  -304.990737548 ,  0.0            
      3041,  -110.5117263677,  -285.3952873554,  0.0            
      3042,  -130.4621979463,  -265.6553338885,  0.0            
      3043,  -150.3674587225,  -245.8448057024,  0.0            
      3044,  -170.1996247841,  -225.9201756051,  0.0            
      3045,  -189.9666284039,  -205.9211099574,  0.0            
      3046,  -130.9568009659,  -453.5176413078,  0.0            
      3047,  -150.8840884118,  -435.0179411932,  0.0            
      3048,  -170.7782434785,  -416.4497845789,  0.0            
      3049,  -190.5582913185,  -397.6458651996,  0.0            
      3050,  -210.2864043051,  -378.756309089 ,  0.0            
      3051,  -229.8953821083,  -359.6703078742,  0.0            
      3052,  -249.4299814939,  -340.4851385888,  0.0            
      3053,  -268.8443293264,  -321.1396389969,  0.0            
      3054,  -288.1582950045,  -301.6851775622,  0.0            
      3055,  -230.0796848616,  -397.054475679 ,  0.0            
      3056,  -249.8290936542,  -415.2607989191,  0.0            
      3057,  -269.4787635522,  -433.2776839065,  0.0            
      3058,  -289.0871153626,  -451.2160917226,  0.0            
      3059,  -230.2697032126,  -433.8136075032,  0.0            
      3060,  -210.6491387686,  -452.2717221112,  0.0            
      3061,  -190.8909942919,  -470.4710632904,  0.0            
      3062,  -171.09290183  ,  -488.5952665522,  0.0            
      3063,  -190.730201928 ,  -434.4122090538,  0.0            
      3064,  -210.4332206087,  -415.7784250432,  0.0            
      3065,  -170.9013396175,  -452.7987249674,  0.0            
      3066,  -151.0359371249,  -471.1134436726,  0.0            
      3067,  -250.2953843384,  -487.483239307 ,  0.0            
      3068,  -230.4887022567,  -469.9210223558,  0.0            
      3069,  -269.7264564262,  -469.4015411253,  0.0            
      3070,  -250.0166296929,  -451.6489644304,  0.0            
      3071,  -230.7032594119,  -505.2831533961,  0.0            
      3072,  -210.8114583848,  -487.9228015204,  0.0            
      3073,  -211.0643708941,  -523.0012481503,  0.0            
      3074,  -191.0908587247,  -505.8461020589,  0.0            
      3075,  -326.8545036462,  -339.3684453153,  0.0            
      3076,  -307.7750721879,  -358.5506751712,  0.0            
      3077,  -288.5811706902,  -377.6101326673,  0.0            
      3078,  -269.2481549041,  -396.4907684987,  0.0            
      3079,  -288.3397742554,  -339.8827777081,  0.0            
      3080,  -307.5391853624,  -320.5616650459,  0.0            
      3081,  -269.0329370516,  -359.088023269 ,  0.0            
      3082,  -249.5964169269,  -378.1236928444,  0.0            
      3083,  -346.3311205283,  -395.5043492838,  0.0            
      3084,  -327.0800829127,  -377.0602962216,  0.0            
      3085,  -365.1460088065,  -376.6249626617,  0.0            
      3086,  -346.0293519513,  -358.0273364522,  0.0            
      3087,  -308.286251099 ,  -432.7926437516,  0.0            
      3088,  -327.3876743256,  -414.2471530291,  0.0            
      3089,  -288.7899712156,  -414.6787931803,  0.0            
      3090,  -308.0092998922,  -395.9635783728,  0.0            
      3091,  -130.5458488775,  -304.2797422678,  0.0            
      3092,  -150.5461917438,  -323.0676880579,  0.0            
      3093,  -170.508654327 ,  -341.7474091158,  0.0            
      3094,  -190.4188963419,  -360.3027511253,  0.0            
      3095,  -70.49014881542,  -362.3635369097,  0.0            
      3096,  -90.61888335514,  -380.7315984515,  0.0            
      3097,  -110.7334296782,  -398.9672673676,  0.0            
      3098,  -130.8201461508,  -417.0536766583,  0.0            
      3099,  -70.55491420044,  -399.7362860753,  0.0            
      3100,  -50.3961543661 ,  -381.5207064204,  0.0            
      3101,  -90.70738317353,  -417.8114171398,  0.0            
      3102,  -110.8401525355,  -435.7289950534,  0.0            
      3103,  -130.6221057067,  -342.4041076882,  0.0            
      3104,  -110.6599435398,  -361.6684764546,  0.0            
      3105,  -110.5719737653,  -323.749269122 ,  0.0            
      3106,  -90.56464209774,  -343.1512737346,  0.0            
      3107,  -170.6183134054,  -379.3485508532,  0.0            
      3108,  -150.6422547205,  -360.9426655578,  0.0            
      3109,  -150.7704151899,  -398.3132424724,  0.0            
      3110,  -130.7331594097,  -380.0613425133,  0.0            
      3111,  -170.2890604429,  -264.9546118894,  0.0            
      3112,  -190.1627976275,  -283.9822767248,  0.0            
      3113,  -209.9828598181,  -302.9178287573,  0.0            
      3114,  -229.734440962 ,  -321.7455887925,  0.0            
      3115,  -170.3829336099,  -303.5659884212,  0.0            
      3116,  -150.442976823 ,  -284.6553237734,  0.0            
      3117,  -190.2771127583,  -322.3764843016,  0.0            
      3118,  -210.1109410993,  -341.070894659 ,  0.0            
      3119,  -229.4593604359,  -244.461420726 ,  0.0            
      3120,  -209.8507041951,  -264.2659717591,  0.0            
      3121,  -209.7439691339,  -225.2251521321,  0.0            
      3122,  -190.0526179806,  -245.1305524152,  0.0            
      3123,  -268.6664621048,  -282.6907512202,  0.0            
      3124,  -249.105282033 ,  -263.6216884462,  0.0            
      3125,  -249.2471206393,  -302.2691982985,  0.0            
      3126,  -229.5872180602,  -283.3173342647,  0.0            
      3127,  70.276688369129,  -111.7075016327,  0.0            
      3128,  50.232758850696,  -131.276729876 ,  0.0            
      3129,  30.146653891524,  -150.759871911 ,  0.0            
      3130,  10.057047890659,  -170.2247671651,  0.0            
      3131,  -10.051338333  ,  -189.5917833763,  0.0            
      3132,  -30.15943131452,  -208.9261225292,  0.0            
      3133,  -50.26657337403,  -228.1544969219,  0.0            
      3134,  -70.36593198933,  -247.3322949462,  0.0            
      3135,  -90.44830642332,  -266.399730747 ,  0.0            
      3136,  10.05713407862 ,  -209.6925199194,  0.0            
      3137,  30.171345598509,  -229.7529059557,  0.0            
      3138,  50.282300315193,  -249.6925825457,  0.0            
      3139,  70.392309380652,  -269.5972097243,  0.0            
      3140,  50.269565789747,  -210.5493969017,  0.0            
      3141,  70.323168752396,  -191.2216528931,  0.0            
      3142,  90.368454093939,  -171.8707487888,  0.0            
      3143,  110.3432515298 ,  -152.4048773887,  0.0            
      3144,  50.236661342337,  -171.006409033 ,  0.0            
      3145,  30.162747073326,  -190.4049929757,  0.0            
      3146,  70.304666279948,  -151.5871216522,  0.0            
      3147,  90.316339544349,  -132.0673075193,  0.0            
      3148,  110.43496309682,  -231.4283750545,  0.0            
      3149,  90.382946553257,  -211.3391979707,  0.0            
      3150,  90.448863355927,  -250.5880878226,  0.0            
      3151,  70.361391299967,  -230.5845967135,  0.0            
      3152,  150.28209380694,  -192.908954314 ,  0.0            
      3153,  130.4079286372 ,  -212.240588876 ,  0.0            
      3154,  130.31996110005,  -172.6677591394,  0.0            
      3155,  110.39377589574,  -192.0681824749,  0.0            
      3156,  -50.32365556457,  -305.765341924 ,  0.0            
      3157,  -30.1905523688 ,  -286.9235310753,  0.0            
      3158,  -10.06128586054,  -267.9501189714,  0.0            
      3159,  10.066222385586,  -248.9163971589,  0.0            
      3160,  -50.28804109497,  -267.1548811979,  0.0            
      3161,  -70.3980896971 ,  -286.1117688339,  0.0            
      3162,  -30.17141874592,  -248.0770118226,  0.0            
      3163,  -10.05178380585,  -228.9436994087,  0.0            
      3164,  10.07760765295 ,  -326.1053084085,  0.0            
      3165,  -10.06111123687,  -306.5369555108,  0.0            
      3166,  -10.07472412104,  -344.6906143102,  0.0            
      3167,  -30.20553262327,  -325.2521842405,  0.0            
      3168,  50.321656119861,  -288.5589729828,  0.0            
      3169,  30.205281870662,  -307.3671622202,  0.0            
      3170,  30.192708176817,  -268.756880131 ,  0.0            
      3171,  10.069063027634,  -287.6795060104,  0.0            
      3172,  -90.30261936874,  -108.516991033 ,  0.0            
      3173,  -70.27923589156,  -128.8600531621,  0.0            
      3174,  -50.22590968517,  -149.1632060334,  0.0            
      3175,  -30.1466456027 ,  -169.3984853889,  0.0            
      3176,  -50.21541940725,  -109.3064172662,  0.0            
      3177,  -30.13162763705,  -89.69443619504,  0.0            
      3178,  -10.04411203942,  -70.0715783151 ,  0.0            
      3179,  10.043696814883,  -50.40595585836,  0.0            
      3180,  -50.20235782823,  -69.27008943459,  0.0            
      3181,  -70.26893549288,  -88.91612384351,  0.0            
      3182,  -30.12964804645,  -49.61563487431,  0.0            
      3183,  -10.04248877552,  -29.93285628104,  0.0            
      3184,  10.048617574344,  -130.4415500765,  0.0            
      3185,  -10.04504260169,  -110.0926842146,  0.0            
      3186,  -10.04608315423,  -149.9623682762,  0.0            
      3187,  -30.13900453493,  -129.6637066896,  0.0            
      3188,  50.207814319249,  -91.29668776574,  0.0            
      3189,  30.142225550928,  -110.9049417534,  0.0            
      3190,  30.131649364424,  -70.86676721179,  0.0            
      3191,  10.05023486926 ,  -90.5083282735 ,  0.0            
      3192,  -150.2898792208,  -206.6267034315,  0.0            
      3193,  -130.3434167174,  -187.2794712538,  0.0            
      3194,  -110.3487387296,  -167.8537353999,  0.0            
      3195,  -90.33196473798,  -148.3920231882,  0.0            
      3196,  -150.2375011651,  -167.1177854948,  0.0            
      3197,  -170.1233836629,  -186.5433078634,  0.0            
      3198,  -130.2929927484,  -147.6243789656,  0.0            
      3199,  -110.3216174748,  -128.0998627489,  0.0            
      3200,  -90.39886672933,  -227.3859821523,  0.0            
      3201,  -110.398257713 ,  -207.3805319795,  0.0            
      3202,  -110.442969991 ,  -246.5535777519,  0.0            
      3203,  -130.3982562793,  -226.6425687077,  0.0            
      3204,  -50.24331667711,  -188.8055958393,  0.0            
      3205,  -70.32736885192,  -208.1186438449,  0.0            
      3206,  -70.30532532944,  -168.6373691112,  0.0            
      3207,  -90.36045409649,  -188.0293720594,  0.0            
      3208,  171.39318762715,  -547.6652374728,  0.0            
      3209,  151.29063092003,  -529.9238900367,  0.0            
      3210,  131.17074009137,  -512.0948112236,  0.0            
      3211,  111.01192447419,  -493.9858593826,  0.0            
      3212,  90.84526029064 ,  -475.8204755835,  0.0            
      3213,  70.657545477094,  -457.3673134   ,  0.0            
      3214,  50.467768157149,  -438.8859551597,  0.0            
      3215,  30.278568238281,  -420.1126019939,  0.0            
      3216,  10.091022981176,  -401.3175068383,  0.0            
      3217,  70.720804743363,  -493.1152014762,  0.0            
      3218,  50.559704378495,  -510.2415793927,  0.0            
      3219,  30.357510742144,  -527.1791729312,  0.0            
      3220,  10.126235281335,  -543.9094521653,  0.0            
      3221,  -10.1288389284 ,  -560.4700783196,  0.0            
      3222,  -30.40147356943,  -576.781681811 ,  0.0            
      3223,  -50.6844872218 ,  -592.9461016142,  0.0            
      3224,  -70.96958968994,  -608.817210364 ,  0.0            
      3225,  -91.25555747621,  -624.5668113326,  0.0            
      3226,  10.145018832034,  -577.5416564546,  0.0            
      3227,  30.423132073631,  -594.5449368934,  0.0            
      3228,  50.722350278427,  -611.209496443 ,  0.0            
      3229,  71.021743180004,  -627.769160518 ,  0.0            
      3230,  50.66244444115 ,  -578.4543357543,  0.0            
      3231,  70.864651499601,  -562.1805077287,  0.0            
      3232,  91.021516255059,  -545.6827783474,  0.0            
      3233,  111.12149302812,  -528.980152659 ,  0.0            
      3234,  50.611374189797,  -544.7116160304,  0.0            
      3235,  30.393422525413,  -561.214856234 ,  0.0            
      3236,  70.792113790454,  -527.9927679967,  0.0            
      3237,  90.923862764173,  -511.0770796205,  0.0            
      3238,  111.35856341369,  -596.3898978002,  0.0            
      3239,  91.115021871918,  -579.3342176822,  0.0            
      3240,  91.21535923145 ,  -612.1779295058,  0.0            
      3241,  70.940565369741,  -595.3668639575,  0.0            
      3242,  151.4490835218 ,  -564.1118493393,  0.0            
      3243,  131.4401648144 ,  -580.3613776879,  0.0            
      3244,  131.2922044539 ,  -546.5915830974,  0.0            
      3245,  111.23600583183,  -563.0693765256,  0.0            
      3246,  -50.79568760613,  -656.6033053688,  0.0            
      3247,  -30.46747171623,  -641.3829044231,  0.0            
      3248,  -10.14855782558,  -626.0323895742,  0.0            
      3249,  10.147901707222,  -610.3677891118,  0.0            
      3250,  -50.72428965793,  -625.137765963 ,  0.0            
      3251,  -71.03259190076,  -640.623953494 ,  0.0            
      3252,  -30.42107107378,  -609.5257675899,  0.0            
      3253,  -10.13012407644,  -593.6100708833,  0.0            
      3254,  10.171089783396,  -673.0099281979,  0.0            
      3255,  -10.1535309603 ,  -657.254013277 ,  0.0            
      3256,  -10.16943973629,  -687.6717840091,  0.0            
      3257,  -30.48965454693,  -672.1968580652,  0.0            
      3258,  50.773851562072,  -643.0739163516,  0.0            
      3259,  30.493880622688,  -658.2093523615,  0.0            
      3260,  30.459038404423,  -626.7750168786,  0.0            
      3261,  10.169072286497,  -642.1767515246,  0.0            
      3262,  -90.87391362449,  -489.9130175912,  0.0            
      3263,  -70.73124745208,  -507.7633856754,  0.0            
      3264,  -50.58107030489,  -525.5862707584,  0.0            
      3265,  -30.35718423466,  -543.0454692373,  0.0            
      3266,  -50.51333454515,  -490.557328929 ,  0.0            
      3267,  -30.29926054693,  -473.2019798131,  0.0            
      3268,  -10.08987765537,  -455.6641969695,  0.0            
      3269,  10.102104031078,  -437.9617976417,  0.0            
      3270,  -50.48276147119,  -454.9503782017,  0.0            
      3271,  -70.67974473352,  -472.5029506294,  0.0            
      3272,  -30.28233907625,  -437.2236655718,  0.0            
      3273,  -10.09142053097,  -419.3403924224,  0.0            
      3274,  10.122534514991,  -509.3197999098,  0.0            
      3275,  -10.1105911731 ,  -491.4283948278,  0.0            
      3276,  -10.10875212541,  -526.2640676617,  0.0            
      3277,  -30.3405846446 ,  -508.5853724295,  0.0            
      3278,  50.510008709384,  -474.852494435 ,  0.0            
      3279,  30.332869570201,  -492.176511379 ,  0.0            
      3280,  30.298454517498,  -456.5603126689,  0.0            
      3281,  10.106580952487,  -474.0806899727,  0.0            
      3282,  -151.4765980374,  -574.6792377715,  0.0            
      3283,  -131.3148064728,  -558.1954436994,  0.0            
      3284,  -111.1412252045,  -541.6030510291,  0.0            
      3285,  -90.93918443892,  -524.7485091456,  0.0            
      3286,  -151.3376713198,  -541.0066509954,  0.0            
      3287,  -171.4467138956,  -557.7240427865,  0.0            
      3288,  -131.2126206999,  -524.184963667 ,  0.0            
      3289,  -111.0489278116,  -507.1115144055,  0.0            
      3290,  -91.12943941729,  -592.1044722798,  0.0            
      3291,  -111.2809168631,  -575.3533087952,  0.0            
      3292,  -111.3797601301,  -608.1044361734,  0.0            
      3293,  -131.4942861541,  -591.6023569459,  0.0            
      3294,  -50.61399799142,  -559.5872112788,  0.0            
      3295,  -70.87576568198,  -575.9873036659,  0.0            
      3296,  -70.82075882888,  -542.3568726821,  0.0            
      3297,  -91.05997620916,  -558.9913589853,  0.0            
      3298,  268.82977008993,  -312.7507075207,  0.0            
      3299,  249.44553636482,  -331.495299025 ,  0.0            
      3300,  229.87756487424,  -350.009398883 ,  0.0            
      3301,  210.2820094449 ,  -368.4806853862,  0.0            
      3302,  190.53848876382,  -386.7223132877,  0.0            
      3303,  170.75928000572,  -404.894560169 ,  0.0            
      3304,  150.86434239359,  -422.8418191376,  0.0            
      3305,  130.92947969387,  -440.6898350362,  0.0            
      3306,  110.90749683146,  -458.3212935534,  0.0            
      3307,  210.40130128616,  -405.7808950194,  0.0            
      3308,  230.2441611946 ,  -424.7949105312,  0.0            
      3309,  249.9880665628 ,  -443.5879008764,  0.0            
      3310,  269.69712899116,  -462.3103239422,  0.0            
      3311,  249.82143367565,  -406.869798945 ,  0.0            
      3312,  269.22490389916,  -388.6886728453,  0.0            
      3313,  288.59597360448,  -370.4598200761,  0.0            
      3314,  307.75499307941,  -351.971594573 ,  0.0            
      3315,  249.56363150314,  -369.3689458265,  0.0            
      3316,  230.06290827197,  -387.6963387018,  0.0            
      3317,  269.03436250586,  -350.9962829391,  0.0            
      3318,  288.30719951062,  -332.3786878616,  0.0            
      3319,  308.25966934213,  -426.8694531985,  0.0            
      3320,  288.76320985423,  -407.8109138421,  0.0            
      3321,  289.07821879831,  -444.731073783 ,  0.0            
      3322,  269.46899858873,  -425.834003594 ,  0.0            
      3323,  346.30777353923,  -390.7526782395,  0.0            
      3324,  327.40390278836,  -408.9551926298,  0.0            
      3325,  327.05580830657,  -371.3905544069,  0.0            
      3326,  308.02261231183,  -389.7376407634,  0.0            
      3327,  151.13946485994,  -494.9863427624,  0.0            
      3328,  171.05609431651,  -477.7335183553,  0.0            
      3329,  190.86478274158,  -460.2428975353,  0.0            
      3330,  210.62400437271,  -442.6433003048,  0.0            
      3331,  150.99913209788,  -459.2375195271,  0.0            
      3332,  131.02861553364,  -476.6808475632,  0.0            
      3333,  170.87211806503,  -441.5670145941,  0.0            
      3334,  190.70040809141,  -423.7923999207,  0.0            
      3335,  211.0198077265 ,  -514.1319825069,  0.0            
      3336,  191.05011984594,  -495.9731833001,  0.0            
      3337,  191.23846614963,  -530.9768276924,  0.0            
      3338,  171.19938344738,  -513.0237345061,  0.0            
      3339,  250.26595857934,  -479.8055114965,  0.0            
      3340,  230.67238740307,  -497.0281018772,  0.0            
      3341,  230.46065206412,  -461.2614059501,  0.0            
      3342,  210.78250477859,  -478.6742161654,  0.0            
      3343,  110.56172117825,  -309.0758674514,  0.0            
      3344,  130.59748743573,  -328.6150819468,  0.0            
      3345,  150.62905204197,  -348.138295464 ,  0.0            
      3346,  170.58806252732,  -367.4412057344,  0.0            
      3347,  150.52957635077,  -309.9582865032,  0.0            
      3348,  170.35245552273,  -291.1113663255,  0.0            
      3349,  190.15497562505,  -272.2290027652,  0.0            
      3350,  209.81622665932,  -253.1594691899,  0.0            
      3351,  150.43260609402,  -271.3308180553,  0.0            
      3352,  130.54530925624,  -290.2918161425,  0.0            
      3353,  170.30195215191,  -252.336833243 ,  0.0            
      3354,  190.0441853742 ,  -233.1701189596,  0.0            
      3355,  210.07725929751,  -330.4534271431,  0.0            
      3356,  190.26576077496,  -310.878210022 ,  0.0            
      3357,  190.40018428681,  -349.0555567617,  0.0            
      3358,  170.50847053143,  -329.609904088 ,  0.0            
      3359,  249.21147648774,  -292.9524034087,  0.0            
      3360,  229.7291586591 ,  -311.8109408271,  0.0            
      3361,  229.57938124275,  -273.1374112513,  0.0            
      3362,  210.00028365912,  -292.108615916 ,  0.0            
      3363,  50.420268371339,  -402.086956541 ,  0.0            
      3364,  70.539477276394,  -383.9471537895,  0.0            
      3365,  90.602797321948,  -365.622652204 ,  0.0            
      3366,  110.64050483945,  -347.2135075589,  0.0            
      3367,  50.388114734181,  -364.8293893791,  0.0            
      3368,  30.247854063287,  -383.1275068933,  0.0            
      3369,  70.482896979997,  -346.3571925467,  0.0            
      3370,  90.556837550926,  -327.8052193249,  0.0            
      3371,  110.81215142619,  -421.8804731859,  0.0            
      3372,  90.690151955146,  -403.0454726147,  0.0            
      3373,  90.752014882446,  -439.6870116718,  0.0            
      3374,  70.593166078552,  -421.0258124012,  0.0            
      3375,  150.74385082268,  -385.7611440832,  0.0            
      3376,  130.79557824164,  -403.8679968345,  0.0            
      3377,  130.72114173931,  -366.6046466123,  0.0            
      3378,  110.72083853784,  -384.8698144784,  0.0            
*ELEMENT,TYPE=S4
         1,      3378,      3376,      3375,      3377
         2,      3372,      3371,      3376,      3378
         3,      3365,      3378,      3377,      3366
         4,      3364,      3372,      3378,      3365
         5,      3377,      3375,      3346,      3345
         6,      3366,      3377,      3345,      3344
         7,      3304,      3376,      3371,      3305
         8,      3303,      3375,      3376,      3304
         9,      3302,      3346,      3375,      3303
        10,      3374,      3363,      3215,      3214
        11,      3372,      3364,      3363,      3374
        12,      3373,      3374,      3214,      3213
        13,      3371,      3372,      3374,      3373
        14,      3306,      3373,      3213,      3212
        15,      3305,      3371,      3373,      3306
        16,      3370,      3031,      3030,      3369
        17,      3343,      3032,      3031,      3370
        18,      3366,      3370,      3369,      3365
        19,      3344,      3343,      3370,      3366
        20,      3369,      3030,      3029,      3367
        21,      3365,      3369,      3367,      3364
        22,      3368,      3028,      3027,      3216
        23,      3367,      3029,      3028,      3368
        24,      3363,      3368,      3216,      3215
        25,      3364,      3367,      3368,      3363
        26,      3362,      3360,      3359,      3361
        27,      3356,      3355,      3360,      3362
        28,      3349,      3362,      3361,      3350
        29,      3348,      3356,      3362,      3349
        30,      3361,      3359,      1929,      1928
        31,      3350,      3361,      1928,      1927
        32,      3299,      3360,      3355,      3300
        33,      3298,      3359,      3360,      3299
        34,      1930,      1929,      3359,      3298
        35,      3358,      3347,      3344,      3345
        36,      3356,      3348,      3347,      3358
        37,      3357,      3358,      3345,      3346
        38,      3355,      3356,      3358,      3357
        39,      3301,      3357,      3346,      3302
        40,      3300,      3355,      3357,      3301
        41,      3354,      3036,      3035,      3353
        42,      1926,      1925,      3036,      3354
        43,      3350,      3354,      3353,      3349
        44,      1927,      1926,      3354,      3350
        45,      3353,      3035,      3034,      3351
        46,      3349,      3353,      3351,      3348
        47,      3352,      3033,      3032,      3343
        48,      3351,      3034,      3033,      3352
        49,      3347,      3352,      3343,      3344
        50,      3348,      3351,      3352,      3347
        51,      3342,      3340,      3339,      3341
        52,      3336,      3335,      3340,      3342
        53,      3329,      3342,      3341,      3330
        54,      3328,      3336,      3342,      3329
        55,      3341,      3339,      3310,      3309
        56,      3330,      3341,      3309,      3308
        57,       304,      3340,      3335,       305
        58,       303,      3339,      3340,       304
        59,       302,      3310,      3339,       303
        60,      3338,      3327,      3210,      3209
        61,      3336,      3328,      3327,      3338
        62,      3337,      3338,      3209,      3208
        63,      3335,      3336,      3338,      3337
        64,       306,      3337,      3208,       307
        65,       305,      3335,      3337,       306
        66,      3334,      3303,      3304,      3333
        67,      3307,      3302,      3303,      3334
        68,      3330,      3334,      3333,      3329
        69,      3308,      3307,      3334,      3330
        70,      3333,      3304,      3305,      3331
        71,      3329,      3333,      3331,      3328
        72,      3332,      3306,      3212,      3211
        73,      3331,      3305,      3306,      3332
        74,      3327,      3332,      3211,      3210
        75,      3328,      3331,      3332,      3327
        76,      3326,      3324,      3323,      3325
        77,      3320,      3319,      3324,      3326
        78,      3313,      3326,      3325,      3314
        79,      3312,      3320,      3326,      3313
        80,      3325,      3323,      1934,      1933
        81,      3314,      3325,      1933,      1932
        82,       299,      3324,      3319,       300
        83,       298,      3323,      3324,       299
        84,       297,      1934,      3323,       298
        85,      3322,      3311,      3308,      3309
        86,      3320,      3312,      3311,      3322
        87,      3321,      3322,      3309,      3310
        88,      3319,      3320,      3322,      3321
        89,       301,      3321,      3310,       302
        90,       300,      3319,      3321,       301
        91,      3318,      3298,      3299,      3317
        92,      1931,      1930,      3298,      3318
        93,      3314,      3318,      3317,      3313
        94,      1932,      1931,      3318,      3314
        95,      3317,      3299,      3300,      3315
        96,      3313,      3317,      3315,      3312
        97,      3316,      3301,      3302,      3307
        98,      3315,      3300,      3301,      3316
        99,      3311,      3316,      3307,      3308
       100,      3312,      3315,      3316,      3311
       101,      3297,      3295,      3294,      3296
       102,      3291,      3290,      3295,      3297
       103,      3284,      3297,      3296,      3285
       104,      3283,      3291,      3297,      3284
       105,      3296,      3294,      3265,      3264
       106,      3285,      3296,      3264,      3263
       107,      3223,      3295,      3290,      3224
       108,      3222,      3294,      3295,      3223
       109,      3221,      3265,      3294,      3222
       110,      3293,      3282,       247,       246
       111,      3291,      3283,      3282,      3293
       112,      3292,      3293,       246,       245
       113,      3290,      3291,      3293,      3292
       114,      3225,      3292,       245,       244
       115,      3224,      3290,      3292,      3225
       116,      3289,      3021,      3020,      3288
       117,      3262,      3022,      3021,      3289
       118,      3285,      3289,      3288,      3284
       119,      3263,      3262,      3289,      3285
       120,      3288,      3020,      3019,      3286
       121,      3284,      3288,      3286,      3283
       122,      3287,      3018,       249,       248
       123,      3286,      3019,      3018,      3287
       124,      3282,      3287,       248,       247
       125,      3283,      3286,      3287,      3282
       126,      3281,      3279,      3278,      3280
       127,      3275,      3274,      3279,      3281
       128,      3268,      3281,      3280,      3269
       129,      3267,      3275,      3281,      3268
       130,      3280,      3278,      3213,      3214
       131,      3269,      3280,      3214,      3215
       132,      3218,      3279,      3274,      3219
       133,      3217,      3278,      3279,      3218
       134,      3212,      3213,      3278,      3217
       135,      3277,      3266,      3263,      3264
       136,      3275,      3267,      3266,      3277
       137,      3276,      3277,      3264,      3265
       138,      3274,      3275,      3277,      3276
       139,      3220,      3276,      3265,      3221
       140,      3219,      3274,      3276,      3220
       141,      3273,      3026,      3025,      3272
       142,      3216,      3027,      3026,      3273
       143,      3269,      3273,      3272,      3268
       144,      3215,      3216,      3273,      3269
       145,      3272,      3025,      3024,      3270
       146,      3268,      3272,      3270,      3267
       147,      3271,      3023,      3022,      3262
       148,      3270,      3024,      3023,      3271
       149,      3266,      3271,      3262,      3263
       150,      3267,      3270,      3271,      3266
       151,      3261,      3259,      3258,      3260
       152,      3255,      3254,      3259,      3261
       153,      3248,      3261,      3260,      3249
       154,      3247,      3255,      3261,      3248
       155,      3260,      3258,      3229,      3228
       156,      3249,      3260,      3228,      3227
       157,       314,      3259,      3254,       315
       158,       313,      3258,      3259,       314
       159,       312,      3229,      3258,       313
       160,      3257,      3246,       242,       241
       161,      3255,      3247,      3246,      3257
       162,      3256,      3257,       241,       240
       163,      3254,      3255,      3257,      3256
       164,       316,      3256,       240,       162
       165,       315,      3254,      3256,       316
       166,      3253,      3222,      3223,      3252
       167,      3226,      3221,      3222,      3253
       168,      3249,      3253,      3252,      3248
       169,      3227,      3226,      3253,      3249
       170,      3252,      3223,      3224,      3250
       171,      3248,      3252,      3250,      3247
       172,      3251,      3225,       244,       243
       173,      3250,      3224,      3225,      3251
       174,      3246,      3251,       243,       242
       175,      3247,      3250,      3251,      3246
       176,      3245,      3243,      3242,      3244
       177,      3239,      3238,      3243,      3245
       178,      3232,      3245,      3244,      3233
       179,      3231,      3239,      3245,      3232
       180,      3244,      3242,      3208,      3209
       181,      3233,      3244,      3209,      3210
       182,       309,      3243,      3238,       310
       183,       308,      3242,      3243,       309
       184,       307,      3208,      3242,       308
       185,      3241,      3230,      3227,      3228
       186,      3239,      3231,      3230,      3241
       187,      3240,      3241,      3228,      3229
       188,      3238,      3239,      3241,      3240
       189,       311,      3240,      3229,       312
       190,       310,      3238,      3240,       311
       191,      3237,      3217,      3218,      3236
       192,      3211,      3212,      3217,      3237
       193,      3233,      3237,      3236,      3232
       194,      3210,      3211,      3237,      3233
       195,      3236,      3218,      3219,      3234
       196,      3232,      3236,      3234,      3231
       197,      3235,      3220,      3221,      3226
       198,      3234,      3219,      3220,      3235
       199,      3230,      3235,      3226,      3227
       200,      3231,      3234,      3235,      3230
       201,      3207,      3205,      3204,      3206
       202,      3201,      3200,      3205,      3207
       203,      3194,      3207,      3206,      3195
       204,      3193,      3201,      3207,      3194
       205,      3206,      3204,      3175,      3174
       206,      3195,      3206,      3174,      3173
       207,      3133,      3205,      3200,      3134
       208,      3132,      3204,      3205,      3133
       209,      3131,      3175,      3204,      3132
       210,      3203,      3192,      3044,      3043
       211,      3201,      3193,      3192,      3203
       212,      3202,      3203,      3043,      3042
       213,      3200,      3201,      3203,      3202
       214,      3135,      3202,      3042,      3041
       215,      3134,      3200,      3202,      3135
       216,      3199,      2670,      2669,      3198
       217,      3172,      2671,      2670,      3199
       218,      3195,      3199,      3198,      3194
       219,      3173,      3172,      3199,      3195
       220,      3198,      2669,      2668,      3196
       221,      3194,      3198,      3196,      3193
       222,      3197,      2667,      2666,      3045
       223,      3196,      2668,      2667,      3197
       224,      3192,      3197,      3045,      3044
       225,      3193,      3196,      3197,      3192
       226,      3191,      3189,      3188,      3190
       227,      3185,      3184,      3189,      3191
       228,      3178,      3191,      3190,      3179
       229,      3177,      3185,      3191,      3178
       230,      3190,      3188,      1919,      1918
       231,      3179,      3190,      1918,      1917
       232,      3128,      3189,      3184,      3129
       233,      3127,      3188,      3189,      3128
       234,      1920,      1919,      3188,      3127
       235,      3187,      3176,      3173,      3174
       236,      3185,      3177,      3176,      3187
       237,      3186,      3187,      3174,      3175
       238,      3184,      3185,      3187,      3186
       239,      3130,      3186,      3175,      3131
       240,      3129,      3184,      3186,      3130
       241,      3183,      2675,      2674,      3182
       242,      1916,      1915,      2675,      3183
       243,      3179,      3183,      3182,      3178
       244,      1917,      1916,      3183,      3179
       245,      3182,      2674,      2673,      3180
       246,      3178,      3182,      3180,      3177
       247,      3181,      2672,      2671,      3172
       248,      3180,      2673,      2672,      3181
       249,      3176,      3181,      3172,      3173
       250,      3177,      3180,      3181,      3176
       251,      3171,      3169,      3168,      3170
       252,      3165,      3164,      3169,      3171
       253,      3158,      3171,      3170,      3159
       254,      3157,      3165,      3171,      3158
       255,      3170,      3168,      3139,      3138
       256,      3159,      3170,      3138,      3137
       257,      3030,      3169,      3164,      3029
       258,      3031,      3168,      3169,      3030
       259,      3032,      3139,      3168,      3031
       260,      3167,      3156,      3039,      3038
       261,      3165,      3157,      3156,      3167
       262,      3166,      3167,      3038,      3037
       263,      3164,      3165,      3167,      3166
       264,      3028,      3166,      3037,      3027
       265,      3029,      3164,      3166,      3028
       266,      3163,      3132,      3133,      3162
       267,      3136,      3131,      3132,      3163
       268,      3159,      3163,      3162,      3158
       269,      3137,      3136,      3163,      3159
       270,      3162,      3133,      3134,      3160
       271,      3158,      3162,      3160,      3157
       272,      3161,      3135,      3041,      3040
       273,      3160,      3134,      3135,      3161
       274,      3156,      3161,      3040,      3039
       275,      3157,      3160,      3161,      3156
       276,      3155,      3153,      3152,      3154
       277,      3149,      3148,      3153,      3155
       278,      3142,      3155,      3154,      3143
       279,      3141,      3149,      3155,      3142
       280,      3154,      3152,      1924,      1923
       281,      3143,      3154,      1923,      1922
       282,      3035,      3153,      3148,      3034
       283,      3036,      3152,      3153,      3035
       284,      1925,      1924,      3152,      3036
       285,      3151,      3140,      3137,      3138
       286,      3149,      3141,      3140,      3151
       287,      3150,      3151,      3138,      3139
       288,      3148,      3149,      3151,      3150
       289,      3033,      3150,      3139,      3032
       290,      3034,      3148,      3150,      3033
       291,      3147,      3127,      3128,      3146
       292,      1921,      1920,      3127,      3147
       293,      3143,      3147,      3146,      3142
       294,      1922,      1921,      3147,      3143
       295,      3146,      3128,      3129,      3144
       296,      3142,      3146,      3144,      3141
       297,      3145,      3130,      3131,      3136
       298,      3144,      3129,      3130,      3145
       299,      3140,      3145,      3136,      3137
       300,      3141,      3144,      3145,      3140
       301,      3126,      3124,      3123,      3125
       302,      3120,      3119,      3124,      3126
       303,      3113,      3126,      3125,      3114
       304,      3112,      3120,      3126,      3113
       305,      3125,      3123,      3054,      3053
       306,      3114,      3125,      3053,      3052
       307,      2663,      3124,      3119,      2664
       308,      2662,      3123,      3124,      2663
       309,      2661,      3054,      3123,      2662
       310,      3122,      3111,      3043,      3044
       311,      3120,      3112,      3111,      3122
       312,      3121,      3122,      3044,      3045
       313,      3119,      3120,      3122,      3121
       314,      2665,      3121,      3045,      2666
       315,      2664,      3119,      3121,      2665
       316,      3118,      3094,      3093,      3117
       317,      3051,      3050,      3094,      3118
       318,      3114,      3118,      3117,      3113
       319,      3052,      3051,      3118,      3114
       320,      3117,      3093,      3092,      3115
       321,      3113,      3117,      3115,      3112
       322,      3116,      3091,      3041,      3042
       323,      3115,      3092,      3091,      3116
       324,      3111,      3116,      3042,      3043
       325,      3112,      3115,      3116,      3111
       326,      3110,      3108,      3107,      3109
       327,      3104,      3103,      3108,      3110
       328,      3097,      3110,      3109,      3098
       329,      3096,      3104,      3110,      3097
       330,      3109,      3107,      3049,      3048
       331,      3098,      3109,      3048,      3047
       332,      3093,      3108,      3103,      3092
       333,      3094,      3107,      3108,      3093
       334,      3050,      3049,      3107,      3094
       335,      3106,      3095,      3038,      3039
       336,      3104,      3096,      3095,      3106
       337,      3105,      3106,      3039,      3040
       338,      3103,      3104,      3106,      3105
       339,      3091,      3105,      3040,      3041
       340,      3092,      3103,      3105,      3091
       341,      3102,      3023,      3024,      3101
       342,      3046,      3022,      3023,      3102
       343,      3098,      3102,      3101,      3097
       344,      3047,      3046,      3102,      3098
       345,      3101,      3024,      3025,      3099
       346,      3097,      3101,      3099,      3096
       347,      3100,      3026,      3027,      3037
       348,      3099,      3025,      3026,      3100
       349,      3095,      3100,      3037,      3038
       350,      3096,      3099,      3100,      3095
       351,      3088,      3087,      3089,      3090
       352,      3083,      3088,      3090,      3084
       353,      3090,      3089,      3078,      3077
       354,      3084,      3090,      3077,      3076
       355,      3057,      3089,      3087,      3058
       356,      3056,      3078,      3089,      3057
       357,      3088,      3083,       257,       256
       358,      3087,      3088,       256,       255
       359,      3058,      3087,       255,       254
       360,      3075,      2659,      2658,      3086
       361,      3076,      3075,      3086,      3084
       362,      3086,      2658,      2657,      3085
       363,      3084,      3086,      3085,      3083
       364,      3085,      2657,       259,       258
       365,      3083,      3085,       258,       257
       366,      3082,      3055,      3050,      3051
       367,      3078,      3056,      3055,      3082
       368,      3081,      3082,      3051,      3052
       369,      3077,      3078,      3082,      3081
       370,      3079,      3081,      3052,      3053
       371,      3076,      3077,      3081,      3079
       372,      3080,      3079,      3053,      3054
       373,      3075,      3076,      3079,      3080
       374,      2660,      3080,      3054,      2661
       375,      2659,      3075,      3080,      2660
       376,      3074,      3072,      3071,      3073
       377,      3062,      3061,      3072,      3074
       378,      3019,      3074,      3073,      3018
       379,      3020,      3062,      3074,      3019
       380,      3073,      3071,       251,       250
       381,      3018,      3073,       250,       249
       382,      3068,      3072,      3061,      3060
       383,      3067,      3071,      3072,      3068
       384,       252,       251,      3071,      3067
       385,      3070,      3057,      3058,      3069
       386,      3059,      3056,      3057,      3070
       387,      3068,      3070,      3069,      3067
       388,      3060,      3059,      3070,      3068
       389,      3069,      3058,       254,       253
       390,      3067,      3069,       253,       252
       391,      3066,      3021,      3022,      3046
       392,      3062,      3020,      3021,      3066
       393,      3065,      3066,      3046,      3047
       394,      3061,      3062,      3066,      3065
       395,      3063,      3065,      3047,      3048
       396,      3060,      3061,      3065,      3063
       397,      3064,      3063,      3048,      3049
       398,      3059,      3060,      3063,      3064
       399,      3055,      3064,      3049,      3050
       400,      3056,      3059,      3064,      3055
       401,      3017,      3015,      3014,      3016
       402,      3011,      3010,      3015,      3017
       403,      3004,      3017,      3016,      3005
       404,      3003,      3011,      3017,      3004
       405,      3016,      3014,      2985,      2984
       406,      3005,      3016,      2984,      2983
       407,      2943,      3015,      3010,      2944
       408,      2942,      3014,      3015,      2943
       409,      2941,      2985,      3014,      2942
       410,      3013,      3002,      2692,      2691
       411,      3011,      3003,      3002,      3013
       412,      3012,      3013,      2691,      2690
       413,      3010,      3011,      3013,      3012
       414,      2945,      3012,      2690,      2689
       415,      2944,      3010,      3012,      2945
       416,      3009,       214,       213,      3008
       417,      2982,       215,       214,      3009
       418,      3005,      3009,      3008,      3004
       419,      2983,      2982,      3009,      3005
       420,      3008,       213,       212,      3006
       421,      3004,      3008,      3006,      3003
       422,      3007,       211,       210,      2693
       423,      3006,       212,       211,      3007
       424,      3002,      3007,      2693,      2692
       425,      3003,      3006,      3007,      3002
       426,      3001,      2999,      2998,      3000
       427,      2995,      2994,      2999,      3001
       428,      2988,      3001,      3000,      2989
       429,      2987,      2995,      3001,      2988
       430,      3000,      2998,      1900,      1899
       431,      2989,      3000,      1899,      1898
       432,      2938,      2999,      2994,      2939
       433,      2937,      2998,      2999,      2938
       434,      1901,      1900,      2998,      2937
       435,      2997,      2986,      2983,      2984
       436,      2995,      2987,      2986,      2997
       437,      2996,      2997,      2984,      2985
       438,      2994,      2995,      2997,      2996
       439,      2940,      2996,      2985,      2941
       440,      2939,      2994,      2996,      2940
       441,      2993,       219,       218,      2992
       442,      1897,       220,       219,      2993
       443,      2989,      2993,      2992,      2988
       444,      1898,      1897,      2993,      2989
       445,      2992,       218,       217,      2990
       446,      2988,      2992,      2990,      2987
       447,      2991,       216,       215,      2982
       448,      2990,       217,       216,      2991
       449,      2986,      2991,      2982,      2983
       450,      2987,      2990,      2991,      2986
       451,      2981,      2979,      2978,      2980
       452,      2975,      2974,      2979,      2981
       453,      2968,      2981,      2980,      2969
       454,      2967,      2975,      2981,      2968
       455,      2980,      2978,      2949,      2948
       456,      2969,      2980,      2948,      2947
       457,      2862,      2979,      2974,      2863
       458,      2861,      2978,      2979,      2862
       459,      2860,      2949,      2978,      2861
       460,      2977,      2966,      2687,      2686
       461,      2975,      2967,      2966,      2977
       462,      2976,      2977,      2686,      2685
       463,      2974,      2975,      2977,      2976
       464,      2864,      2976,      2685,      2684
       465,      2863,      2974,      2976,      2864
       466,      2973,      2942,      2943,      2972
       467,      2946,      2941,      2942,      2973
       468,      2969,      2973,      2972,      2968
       469,      2947,      2946,      2973,      2969
       470,      2972,      2943,      2944,      2970
       471,      2968,      2972,      2970,      2967
       472,      2971,      2945,      2689,      2688
       473,      2970,      2944,      2945,      2971
       474,      2966,      2971,      2688,      2687
       475,      2967,      2970,      2971,      2966
       476,      2965,      2963,      2962,      2964
       477,      2959,      2958,      2963,      2965
       478,      2952,      2965,      2964,      2953
       479,      2951,      2959,      2965,      2952
       480,      2964,      2962,      1905,      1904
       481,      2953,      2964,      1904,      1903
       482,      2857,      2963,      2958,      2858
       483,      2856,      2962,      2963,      2857
       484,      1906,      1905,      2962,      2856
       485,      2961,      2950,      2947,      2948
       486,      2959,      2951,      2950,      2961
       487,      2960,      2961,      2948,      2949
       488,      2958,      2959,      2961,      2960
       489,      2859,      2960,      2949,      2860
       490,      2858,      2958,      2960,      2859
       491,      2957,      2937,      2938,      2956
       492,      1902,      1901,      2937,      2957
       493,      2953,      2957,      2956,      2952
       494,      1903,      1902,      2957,      2953
       495,      2956,      2938,      2939,      2954
       496,      2952,      2956,      2954,      2951
       497,      2955,      2940,      2941,      2946
       498,      2954,      2939,      2940,      2955
       499,      2950,      2955,      2946,      2947
       500,      2951,      2954,      2955,      2950
       501,      2936,      2934,      2933,      2935
       502,      2930,      2929,      2934,      2936
       503,      2923,      2936,      2935,      2924
       504,      2922,      2930,      2936,      2923
       505,      2935,      2933,      2872,      2871
       506,      2924,      2935,      2871,      2870
       507,      2669,      2934,      2929,      2668
       508,      2670,      2933,      2934,      2669
       509,      2671,      2872,      2933,      2670
       510,      2932,      2921,      2678,      2677
       511,      2930,      2922,      2921,      2932
       512,      2931,      2932,      2677,      2676
       513,      2929,      2930,      2932,      2931
       514,      2667,      2931,      2676,      2666
       515,      2668,      2929,      2931,      2667
       516,      2928,      2908,      2907,      2927
       517,      2869,      2868,      2908,      2928
       518,      2924,      2928,      2927,      2923
       519,      2870,      2869,      2928,      2924
       520,      2927,      2907,      2906,      2925
       521,      2923,      2927,      2925,      2922
       522,      2926,      2905,      2680,      2679
       523,      2925,      2906,      2905,      2926
       524,      2921,      2926,      2679,      2678
       525,      2922,      2925,      2926,      2921
       526,      2920,      2916,      2915,      2919
       527,      2911,      2910,      2916,      2920
       528,      2862,      2920,      2919,      2861
       529,      2863,      2911,      2920,      2862
       530,      2919,      2915,      2866,      2865
       531,      2861,      2919,      2865,      2860
       532,      2918,      2907,      2908,      2917
       533,      2909,      2906,      2907,      2918
       534,      2916,      2918,      2917,      2915
       535,      2910,      2909,      2918,      2916
       536,      2917,      2908,      2868,      2867
       537,      2915,      2917,      2867,      2866
       538,      2914,      2864,      2684,      2683
       539,      2911,      2863,      2864,      2914
       540,      2912,      2914,      2683,      2682
       541,      2910,      2911,      2914,      2912
       542,      2913,      2912,      2682,      2681
       543,      2909,      2910,      2912,      2913
       544,      2905,      2913,      2681,      2680
       545,      2906,      2909,      2913,      2905
       546,      2904,      2902,      2901,      2903
       547,      2898,      2897,      2902,      2904
       548,      2891,      2904,      2903,      2892
       549,      2890,      2898,      2904,      2891
       550,      2903,      2901,      1914,      1913
       551,      2892,      2903,      1913,      1912
       552,      2674,      2902,      2897,      2673
       553,      2675,      2901,      2902,      2674
       554,      1915,      1914,      2901,      2675
       555,      2900,      2889,      2870,      2871
       556,      2898,      2890,      2889,      2900
       557,      2899,      2900,      2871,      2872
       558,      2897,      2898,      2900,      2899
       559,      2672,      2899,      2872,      2671
       560,      2673,      2897,      2899,      2672
       561,      2896,      2876,      2875,      2895
       562,      1911,      1910,      2876,      2896
       563,      2892,      2896,      2895,      2891
       564,      1912,      1911,      2896,      2892
       565,      2895,      2875,      2874,      2893
       566,      2891,      2895,      2893,      2890
       567,      2894,      2873,      2868,      2869
       568,      2893,      2874,      2873,      2894
       569,      2889,      2894,      2869,      2870
       570,      2890,      2893,      2894,      2889
       571,      2888,      2884,      2883,      2887
       572,      2879,      2878,      2884,      2888
       573,      2857,      2888,      2887,      2856
       574,      2858,      2879,      2888,      2857
       575,      2887,      2883,      1908,      1907
       576,      2856,      2887,      1907,      1906
       577,      2886,      2875,      2876,      2885
       578,      2877,      2874,      2875,      2886
       579,      2884,      2886,      2885,      2883
       580,      2878,      2877,      2886,      2884
       581,      2885,      2876,      1910,      1909
       582,      2883,      2885,      1909,      1908
       583,      2882,      2859,      2860,      2865
       584,      2879,      2858,      2859,      2882
       585,      2880,      2882,      2865,      2866
       586,      2878,      2879,      2882,      2880
       587,      2881,      2880,      2866,      2867
       588,      2877,      2878,      2880,      2881
       589,      2873,      2881,      2867,      2868
       590,      2874,      2877,      2881,      2873
       591,      2855,      2853,      2852,      2854
       592,      2849,      2848,      2853,      2855
       593,      2842,      2855,      2854,      2843
       594,      2841,      2849,      2855,      2842
       595,      2854,      2852,      2823,      2822
       596,      2843,      2854,      2822,      2821
       597,      2781,      2853,      2848,      2782
       598,      2780,      2852,      2853,      2781
       599,      2779,      2823,      2852,      2780
       600,      2851,      2840,       276,       275
       601,      2849,      2841,      2840,      2851
       602,      2850,      2851,       275,       274
       603,      2848,      2849,      2851,      2850
       604,      2783,      2850,       274,       273
       605,      2782,      2848,      2850,      2783
       606,      2847,       204,       203,      2846
       607,      2820,       205,       204,      2847
       608,      2843,      2847,      2846,      2842
       609,      2821,      2820,      2847,      2843
       610,      2846,       203,       202,      2844
       611,      2842,      2846,      2844,      2841
       612,      2845,       201,       161,       277
       613,      2844,       202,       201,      2845
       614,      2840,      2845,       277,       276
       615,      2841,      2844,      2845,      2840
       616,      2839,      2837,      2836,      2838
       617,      2833,      2832,      2837,      2839
       618,      2826,      2839,      2838,      2827
       619,      2825,      2833,      2839,      2826
       620,      2838,      2836,      2690,      2691
       621,      2827,      2838,      2691,      2692
       622,      2776,      2837,      2832,      2777
       623,      2775,      2836,      2837,      2776
       624,      2689,      2690,      2836,      2775
       625,      2835,      2824,      2821,      2822
       626,      2833,      2825,      2824,      2835
       627,      2834,      2835,      2822,      2823
       628,      2832,      2833,      2835,      2834
       629,      2778,      2834,      2823,      2779
       630,      2777,      2832,      2834,      2778
       631,      2831,       209,       208,      2830
       632,      2693,       210,       209,      2831
       633,      2827,      2831,      2830,      2826
       634,      2692,      2693,      2831,      2827
       635,      2830,       208,       207,      2828
       636,      2826,      2830,      2828,      2825
       637,      2829,       206,       205,      2820
       638,      2828,       207,       206,      2829
       639,      2824,      2829,      2820,      2821
       640,      2825,      2828,      2829,      2824
       641,      2819,      2817,      2816,      2818
       642,      2813,      2812,      2817,      2819
       643,      2806,      2819,      2818,      2807
       644,      2805,      2813,      2819,      2806
       645,      2818,      2816,      2787,      2786
       646,      2807,      2818,      2786,      2785
       647,      2700,      2817,      2812,      2701
       648,      2699,      2816,      2817,      2700
       649,      2698,      2787,      2816,      2699
       650,      2815,      2804,       271,       270
       651,      2813,      2805,      2804,      2815
       652,      2814,      2815,       270,       269
       653,      2812,      2813,      2815,      2814
       654,      2702,      2814,       269,       268
       655,      2701,      2812,      2814,      2702
       656,      2811,      2780,      2781,      2810
       657,      2784,      2779,      2780,      2811
       658,      2807,      2811,      2810,      2806
       659,      2785,      2784,      2811,      2807
       660,      2810,      2781,      2782,      2808
       661,      2806,      2810,      2808,      2805
       662,      2809,      2783,       273,       272
       663,      2808,      2782,      2783,      2809
       664,      2804,      2809,       272,       271
       665,      2805,      2808,      2809,      2804
       666,      2803,      2801,      2800,      2802
       667,      2797,      2796,      2801,      2803
       668,      2790,      2803,      2802,      2791
       669,      2789,      2797,      2803,      2790
       670,      2802,      2800,      2685,      2686
       671,      2791,      2802,      2686,      2687
       672,      2695,      2801,      2796,      2696
       673,      2694,      2800,      2801,      2695
       674,      2684,      2685,      2800,      2694
       675,      2799,      2788,      2785,      2786
       676,      2797,      2789,      2788,      2799
       677,      2798,      2799,      2786,      2787
       678,      2796,      2797,      2799,      2798
       679,      2697,      2798,      2787,      2698
       680,      2696,      2796,      2798,      2697
       681,      2795,      2775,      2776,      2794
       682,      2688,      2689,      2775,      2795
       683,      2791,      2795,      2794,      2790
       684,      2687,      2688,      2795,      2791
       685,      2794,      2776,      2777,      2792
       686,      2790,      2794,      2792,      2789
       687,      2793,      2778,      2779,      2784
       688,      2792,      2777,      2778,      2793
       689,      2788,      2793,      2784,      2785
       690,      2789,      2792,      2793,      2788
       691,      2774,      2772,      2771,      2773
       692,      2762,      2761,      2772,      2774
       693,      2745,      2774,      2773,      2746
       694,      2744,      2762,      2774,      2745
       695,      2773,      2771,      2708,      2707
       696,      2746,      2773,      2707,      2706
       697,      2768,      2772,      2761,      2760
       698,      2767,      2771,      2772,      2768
       699,      2709,      2708,      2771,      2767
       700,      2770,      2659,      2660,      2769
       701,      2759,      2658,      2659,      2770
       702,      2768,      2770,      2769,      2767
       703,      2760,      2759,      2770,      2768
       704,      2769,      2660,      2661,      2710
       705,      2767,      2769,      2710,      2709
       706,       263,       262,      2765,      2766
       707,       264,       263,      2766,      2743
       708,      2766,      2765,      2761,      2762
       709,      2743,      2766,      2762,      2744
       710,      2763,      2765,       262,       261
       711,      2760,      2761,      2765,      2763
       712,       260,       259,      2657,      2764
       713,       261,       260,      2764,      2763
       714,      2764,      2657,      2658,      2759
       715,      2763,      2764,      2759,      2760
       716,      2758,      2754,      2753,      2757
       717,      2749,      2748,      2754,      2758
       718,      2700,      2758,      2757,      2699
       719,      2701,      2749,      2758,      2700
       720,      2757,      2753,      2704,      2703
       721,      2699,      2757,      2703,      2698
       722,      2756,      2745,      2746,      2755
       723,      2747,      2744,      2745,      2756
       724,      2754,      2756,      2755,      2753
       725,      2748,      2747,      2756,      2754
       726,      2755,      2746,      2706,      2705
       727,      2753,      2755,      2705,      2704
       728,      2752,      2702,       268,       267
       729,      2749,      2701,      2702,      2752
       730,      2750,      2752,       267,       266
       731,      2748,      2749,      2752,      2750
       732,      2751,      2750,       266,       265
       733,      2747,      2748,      2750,      2751
       734,      2743,      2751,       265,       264
       735,      2744,      2747,      2751,      2743
       736,      2742,      2740,      2739,      2741
       737,      2736,      2735,      2740,      2742
       738,      2729,      2742,      2741,      2730
       739,      2728,      2736,      2742,      2729
       740,      2741,      2739,      2676,      2677
       741,      2730,      2741,      2677,      2678
       742,      2664,      2740,      2735,      2663
       743,      2665,      2739,      2740,      2664
       744,      2666,      2676,      2739,      2665
       745,      2738,      2727,      2708,      2709
       746,      2736,      2728,      2727,      2738
       747,      2737,      2738,      2709,      2710
       748,      2735,      2736,      2738,      2737
       749,      2662,      2737,      2710,      2661
       750,      2663,      2735,      2737,      2662
       751,      2734,      2714,      2713,      2733
       752,      2679,      2680,      2714,      2734
       753,      2730,      2734,      2733,      2729
       754,      2678,      2679,      2734,      2730
       755,      2733,      2713,      2712,      2731
       756,      2729,      2733,      2731,      2728
       757,      2732,      2711,      2706,      2707
       758,      2731,      2712,      2711,      2732
       759,      2727,      2732,      2707,      2708
       760,      2728,      2731,      2732,      2727
       761,      2726,      2722,      2721,      2725
       762,      2717,      2716,      2722,      2726
       763,      2695,      2726,      2725,      2694
       764,      2696,      2717,      2726,      2695
       765,      2725,      2721,      2682,      2683
       766,      2694,      2725,      2683,      2684
       767,      2724,      2713,      2714,      2723
       768,      2715,      2712,      2713,      2724
       769,      2722,      2724,      2723,      2721
       770,      2716,      2715,      2724,      2722
       771,      2723,      2714,      2680,      2681
       772,      2721,      2723,      2681,      2682
       773,      2720,      2697,      2698,      2703
       774,      2717,      2696,      2697,      2720
       775,      2718,      2720,      2703,      2704
       776,      2716,      2717,      2720,      2718
       777,      2719,      2718,      2704,      2705
       778,      2715,      2716,      2718,      2719
       779,      2711,      2719,      2705,      2706
       780,      2712,      2715,      2719,      2711
       781,      2656,      2654,      2653,      2655
       782,      2650,      2649,      2654,      2656
       783,      2643,      2656,      2655,      2644
       784,      2642,      2650,      2656,      2643
       785,      2655,      2653,      2624,      2623
       786,      2644,      2655,      2623,      2622
       787,      2582,      2654,      2649,      2583
       788,      2581,      2653,      2654,      2582
       789,      2580,      2624,      2653,      2581
       790,      2652,      2641,      2493,      2492
       791,      2650,      2642,      2641,      2652
       792,      2651,      2652,      2492,      2491
       793,      2649,      2650,      2652,      2651
       794,      2584,      2651,      2491,      2490
       795,      2583,      2649,      2651,      2584
       796,      2648,      2309,      2308,      2647
       797,      2621,      2310,      2309,      2648
       798,      2644,      2648,      2647,      2643
       799,      2622,      2621,      2648,      2644
       800,      2647,      2308,      2307,      2645
       801,      2643,      2647,      2645,      2642
       802,      2646,      2306,      2305,      2494
       803,      2645,      2307,      2306,      2646
       804,      2641,      2646,      2494,      2493
       805,      2642,      2645,      2646,      2641
       806,      2640,      2638,      2637,      2639
       807,      2634,      2633,      2638,      2640
       808,      2627,      2640,      2639,      2628
       809,      2626,      2634,      2640,      2627
       810,      2639,      2637,       195,       194
       811,      2628,      2639,       194,       193
       812,      2577,      2638,      2633,      2578
       813,      2576,      2637,      2638,      2577
       814,       196,       195,      2637,      2576
       815,      2636,      2625,      2622,      2623
       816,      2634,      2626,      2625,      2636
       817,      2635,      2636,      2623,      2624
       818,      2633,      2634,      2636,      2635
       819,      2579,      2635,      2624,      2580
       820,      2578,      2633,      2635,      2579
       821,      2632,      2314,      2313,      2631
       822,       192,       191,      2314,      2632
       823,      2628,      2632,      2631,      2627
       824,       193,       192,      2632,      2628
       825,      2631,      2313,      2312,      2629
       826,      2627,      2631,      2629,      2626
       827,      2630,      2311,      2310,      2621
       828,      2629,      2312,      2311,      2630
       829,      2625,      2630,      2621,      2622
       830,      2626,      2629,      2630,      2625
       831,      2620,      2618,      2617,      2619
       832,      2614,      2613,      2618,      2620
       833,      2607,      2620,      2619,      2608
       834,      2606,      2614,      2620,      2607
       835,      2619,      2617,      2588,      2587
       836,      2608,      2619,      2587,      2586
       837,       284,      2618,      2613,       285
       838,       283,      2617,      2618,       284
       839,       282,      2588,      2617,       283
       840,      2616,      2605,      2488,      2487
       841,      2614,      2606,      2605,      2616
       842,      2615,      2616,      2487,      2486
       843,      2613,      2614,      2616,      2615
       844,       286,      2615,      2486,       287
       845,       285,      2613,      2615,       286
       846,      2612,      2581,      2582,      2611
       847,      2585,      2580,      2581,      2612
       848,      2608,      2612,      2611,      2607
       849,      2586,      2585,      2612,      2608
       850,      2611,      2582,      2583,      2609
       851,      2607,      2611,      2609,      2606
       852,      2610,      2584,      2490,      2489
       853,      2609,      2583,      2584,      2610
       854,      2605,      2610,      2489,      2488
       855,      2606,      2609,      2610,      2605
       856,      2604,      2602,      2601,      2603
       857,      2598,      2597,      2602,      2604
       858,      2591,      2604,      2603,      2592
       859,      2590,      2598,      2604,      2591
       860,      2603,      2601,       200,       199
       861,      2592,      2603,       199,       198
       862,       279,      2602,      2597,       280
       863,       278,      2601,      2602,       279
       864,       159,       200,      2601,       278
       865,      2600,      2589,      2586,      2587
       866,      2598,      2590,      2589,      2600
       867,      2599,      2600,      2587,      2588
       868,      2597,      2598,      2600,      2599
       869,       281,      2599,      2588,       282
       870,       280,      2597,      2599,       281
       871,      2596,      2576,      2577,      2595
       872,       197,       196,      2576,      2596
       873,      2592,      2596,      2595,      2591
       874,       198,       197,      2596,      2592
       875,      2595,      2577,      2578,      2593
       876,      2591,      2595,      2593,      2590
       877,      2594,      2579,      2580,      2585
       878,      2593,      2578,      2579,      2594
       879,      2589,      2594,      2585,      2586
       880,      2590,      2593,      2594,      2589
       881,      2575,      2573,      2572,      2574
       882,      2569,      2568,      2573,      2575
       883,      2562,      2575,      2574,      2563
       884,      2561,      2569,      2575,      2562
       885,      2574,      2572,      2543,      2542
       886,      2563,      2574,      2542,      2541
       887,      2501,      2573,      2568,      2502
       888,      2500,      2572,      2573,      2501
       889,      2499,      2543,      2572,      2500
       890,      2571,      2560,      1927,      1928
       891,      2569,      2561,      2560,      2571
       892,      2570,      2571,      1928,      1929
       893,      2568,      2569,      2571,      2570
       894,      2503,      2570,      1929,      1930
       895,      2502,      2568,      2570,      2503
       896,      2567,      2299,      2298,      2566
       897,      2540,      2300,      2299,      2567
       898,      2563,      2567,      2566,      2562
       899,      2541,      2540,      2567,      2563
       900,      2566,      2298,      2297,      2564
       901,      2562,      2566,      2564,      2561
       902,      2565,      2296,      1925,      1926
       903,      2564,      2297,      2296,      2565
       904,      2560,      2565,      1926,      1927
       905,      2561,      2564,      2565,      2560
       906,      2559,      2557,      2556,      2558
       907,      2553,      2552,      2557,      2559
       908,      2546,      2559,      2558,      2547
       909,      2545,      2553,      2559,      2546
       910,      2558,      2556,      2491,      2492
       911,      2547,      2558,      2492,      2493
       912,      2496,      2557,      2552,      2497
       913,      2495,      2556,      2557,      2496
       914,      2490,      2491,      2556,      2495
       915,      2555,      2544,      2541,      2542
       916,      2553,      2545,      2544,      2555
       917,      2554,      2555,      2542,      2543
       918,      2552,      2553,      2555,      2554
       919,      2498,      2554,      2543,      2499
       920,      2497,      2552,      2554,      2498
       921,      2551,      2304,      2303,      2550
       922,      2494,      2305,      2304,      2551
       923,      2547,      2551,      2550,      2546
       924,      2493,      2494,      2551,      2547
       925,      2550,      2303,      2302,      2548
       926,      2546,      2550,      2548,      2545
       927,      2549,      2301,      2300,      2540
       928,      2548,      2302,      2301,      2549
       929,      2544,      2549,      2540,      2541
       930,      2545,      2548,      2549,      2544
       931,      2539,      2537,      2536,      2538
       932,      2533,      2532,      2537,      2539
       933,      2526,      2539,      2538,      2527
       934,      2525,      2533,      2539,      2526
       935,      2538,      2536,      2507,      2506
       936,      2527,      2538,      2506,      2505
       937,       294,      2537,      2532,       295
       938,       293,      2536,      2537,       294
       939,       292,      2507,      2536,       293
       940,      2535,      2524,      1932,      1933
       941,      2533,      2525,      2524,      2535
       942,      2534,      2535,      1933,      1934
       943,      2532,      2533,      2535,      2534
       944,       296,      2534,      1934,       297
       945,       295,      2532,      2534,       296
       946,      2531,      2500,      2501,      2530
       947,      2504,      2499,      2500,      2531
       948,      2527,      2531,      2530,      2526
       949,      2505,      2504,      2531,      2527
       950,      2530,      2501,      2502,      2528
       951,      2526,      2530,      2528,      2525
       952,      2529,      2503,      1930,      1931
       953,      2528,      2502,      2503,      2529
       954,      2524,      2529,      1931,      1932
       955,      2525,      2528,      2529,      2524
       956,      2523,      2521,      2520,      2522
       957,      2517,      2516,      2521,      2523
       958,      2510,      2523,      2522,      2511
       959,      2509,      2517,      2523,      2510
       960,      2522,      2520,      2486,      2487
       961,      2511,      2522,      2487,      2488
       962,       289,      2521,      2516,       290
       963,       288,      2520,      2521,       289
       964,       287,      2486,      2520,       288
       965,      2519,      2508,      2505,      2506
       966,      2517,      2509,      2508,      2519
       967,      2518,      2519,      2506,      2507
       968,      2516,      2517,      2519,      2518
       969,       291,      2518,      2507,       292
       970,       290,      2516,      2518,       291
       971,      2515,      2495,      2496,      2514
       972,      2489,      2490,      2495,      2515
       973,      2511,      2515,      2514,      2510
       974,      2488,      2489,      2515,      2511
       975,      2514,      2496,      2497,      2512
       976,      2510,      2514,      2512,      2509
       977,      2513,      2498,      2499,      2504
       978,      2512,      2497,      2498,      2513
       979,      2508,      2513,      2504,      2505
       980,      2509,      2512,      2513,      2508
       981,      2485,      2483,      2482,      2484
       982,      2473,      2472,      2483,      2485
       983,      2452,      2485,      2484,      2453
       984,      2451,      2473,      2485,      2452
       985,      2484,      2482,      2411,      2410
       986,      2453,      2484,      2410,      2409
       987,      2479,      2483,      2472,      2471
       988,      2478,      2482,      2483,      2479
       989,      2412,      2411,      2482,      2478
       990,      2481,      1951,      1950,      2480
       991,      2470,      1952,      1951,      2481
       992,      2479,      2481,      2480,      2478
       993,      2471,      2470,      2481,      2479
       994,      2480,      1950,      1949,      2413
       995,      2478,      2480,      2413,      2412
       996,       185,       184,      2476,      2477
       997,       186,       185,      2477,      2450
       998,      2477,      2476,      2472,      2473
       999,      2450,      2477,      2473,      2451
      1000,      2474,      2476,       184,       183
      1001,      2471,      2472,      2476,      2474
      1002,       182,       181,      1953,      2475
      1003,       183,       182,      2475,      2474
      1004,      2475,      1953,      1952,      2470
      1005,      2474,      2475,      2470,      2471
      1006,      2469,      2467,      2466,      2468
      1007,      2457,      2456,      2467,      2469
      1008,      2312,      2469,      2468,      2311
      1009,      2313,      2457,      2469,      2312
      1010,      2468,      2466,      2406,      2405
      1011,      2311,      2468,      2405,      2310
      1012,      2463,      2467,      2456,      2455
      1013,      2462,      2466,      2467,      2463
      1014,      2407,      2406,      2466,      2462
      1015,      2465,      2452,      2453,      2464
      1016,      2454,      2451,      2452,      2465
      1017,      2463,      2465,      2464,      2462
      1018,      2455,      2454,      2465,      2463
      1019,      2464,      2453,      2409,      2408
      1020,      2462,      2464,      2408,      2407
      1021,      2461,      2314,       191,       190
      1022,      2457,      2313,      2314,      2461
      1023,      2460,      2461,       190,       189
      1024,      2456,      2457,      2461,      2460
      1025,      2458,      2460,       189,       188
      1026,      2455,      2456,      2460,      2458
      1027,       187,       186,      2450,      2459
      1028,       188,       187,      2459,      2458
      1029,      2459,      2450,      2451,      2454
      1030,      2458,      2459,      2454,      2455
      1031,      2449,      2447,      2446,      2448
      1032,      2443,      2442,      2447,      2449
      1033,      2436,      2449,      2448,      2437
      1034,      2435,      2443,      2449,      2436
      1035,      2448,      2446,      2323,      2322
      1036,      2437,      2448,      2322,      2321
      1037,      1946,      2447,      2442,      1947
      1038,      1945,      2446,      2447,      1946
      1039,      1944,      2323,      2446,      1945
      1040,      2445,      2434,      2411,      2412
      1041,      2443,      2435,      2434,      2445
      1042,      2444,      2445,      2412,      2413
      1043,      2442,      2443,      2445,      2444
      1044,      1948,      2444,      2413,      1949
      1045,      1947,      2442,      2444,      1948
      1046,      2441,      2417,      2416,      2440
      1047,      2320,      2319,      2417,      2441
      1048,      2437,      2441,      2440,      2436
      1049,      2321,      2320,      2441,      2437
      1050,      2440,      2416,      2415,      2438
      1051,      2436,      2440,      2438,      2435
      1052,      2439,      2414,      2409,      2410
      1053,      2438,      2415,      2414,      2439
      1054,      2434,      2439,      2410,      2411
      1055,      2435,      2438,      2439,      2434
      1056,      2433,      2431,      2430,      2432
      1057,      2427,      2426,      2431,      2433
      1058,      2420,      2433,      2432,      2421
      1059,      2419,      2427,      2433,      2420
      1060,      2432,      2430,      2318,      2317
      1061,      2421,      2432,      2317,      2316
      1062,      2416,      2431,      2426,      2415
      1063,      2417,      2430,      2431,      2416
      1064,      2319,      2318,      2430,      2417
      1065,      2429,      2418,      2406,      2407
      1066,      2427,      2419,      2418,      2429
      1067,      2428,      2429,      2407,      2408
      1068,      2426,      2427,      2429,      2428
      1069,      2414,      2428,      2408,      2409
      1070,      2415,      2426,      2428,      2414
      1071,      2425,      2306,      2307,      2424
      1072,      2315,      2305,      2306,      2425
      1073,      2421,      2425,      2424,      2420
      1074,      2316,      2315,      2425,      2421
      1075,      2424,      2307,      2308,      2422
      1076,      2420,      2424,      2422,      2419
      1077,      2423,      2309,      2310,      2405
      1078,      2422,      2308,      2309,      2423
      1079,      2418,      2423,      2405,      2406
      1080,      2419,      2422,      2423,      2418
      1081,      2404,      2402,      2401,      2403
      1082,      2398,      2397,      2402,      2404
      1083,      2391,      2404,      2403,      2392
      1084,      2390,      2398,      2404,      2391
      1085,      2403,      2401,      2372,      2371
      1086,      2392,      2403,      2371,      2370
      1087,      2330,      2402,      2397,      2331
      1088,      2329,      2401,      2402,      2330
      1089,      2328,      2372,      2401,      2329
      1090,      2400,      2389,      1917,      1918
      1091,      2398,      2390,      2389,      2400
      1092,      2399,      2400,      1918,      1919
      1093,      2397,      2398,      2400,      2399
      1094,      2332,      2399,      1919,      1920
      1095,      2331,      2397,      2399,      2332
      1096,      2396,      1938,      1937,      2395
      1097,      2369,      1939,      1938,      2396
      1098,      2392,      2396,      2395,      2391
      1099,      2370,      2369,      2396,      2392
      1100,      2395,      1937,      1936,      2393
      1101,      2391,      2395,      2393,      2390
      1102,      2394,      1935,      1915,      1916
      1103,      2393,      1936,      1935,      2394
      1104,      2389,      2394,      1916,      1917
      1105,      2390,      2393,      2394,      2389
      1106,      2388,      2386,      2385,      2387
      1107,      2382,      2381,      2386,      2388
      1108,      2375,      2388,      2387,      2376
      1109,      2374,      2382,      2388,      2375
      1110,      2387,      2385,      2320,      2321
      1111,      2376,      2387,      2321,      2322
      1112,      2325,      2386,      2381,      2326
      1113,      2324,      2385,      2386,      2325
      1114,      2319,      2320,      2385,      2324
      1115,      2384,      2373,      2370,      2371
      1116,      2382,      2374,      2373,      2384
      1117,      2383,      2384,      2371,      2372
      1118,      2381,      2382,      2384,      2383
      1119,      2327,      2383,      2372,      2328
      1120,      2326,      2381,      2383,      2327
      1121,      2380,      1943,      1942,      2379
      1122,      2323,      1944,      1943,      2380
      1123,      2376,      2380,      2379,      2375
      1124,      2322,      2323,      2380,      2376
      1125,      2379,      1942,      1941,      2377
      1126,      2375,      2379,      2377,      2374
      1127,      2378,      1940,      1939,      2369
      1128,      2377,      1941,      1940,      2378
      1129,      2373,      2378,      2369,      2370
      1130,      2374,      2377,      2378,      2373
      1131,      2368,      2366,      2365,      2367
      1132,      2362,      2361,      2366,      2368
      1133,      2355,      2368,      2367,      2356
      1134,      2354,      2362,      2368,      2355
      1135,      2367,      2365,      2336,      2335
      1136,      2356,      2367,      2335,      2334
      1137,      2298,      2366,      2361,      2297
      1138,      2299,      2365,      2366,      2298
      1139,      2300,      2336,      2365,      2299
      1140,      2364,      2353,      1922,      1923
      1141,      2362,      2354,      2353,      2364
      1142,      2363,      2364,      1923,      1924
      1143,      2361,      2362,      2364,      2363
      1144,      2296,      2363,      1924,      1925
      1145,      2297,      2361,      2363,      2296
      1146,      2360,      2329,      2330,      2359
      1147,      2333,      2328,      2329,      2360
      1148,      2356,      2360,      2359,      2355
      1149,      2334,      2333,      2360,      2356
      1150,      2359,      2330,      2331,      2357
      1151,      2355,      2359,      2357,      2354
      1152,      2358,      2332,      1920,      1921
      1153,      2357,      2331,      2332,      2358
      1154,      2353,      2358,      1921,      1922
      1155,      2354,      2357,      2358,      2353
      1156,      2352,      2350,      2349,      2351
      1157,      2346,      2345,      2350,      2352
      1158,      2339,      2352,      2351,      2340
      1159,      2338,      2346,      2352,      2339
      1160,      2351,      2349,      2315,      2316
      1161,      2340,      2351,      2316,      2317
      1162,      2303,      2350,      2345,      2302
      1163,      2304,      2349,      2350,      2303
      1164,      2305,      2315,      2349,      2304
      1165,      2348,      2337,      2334,      2335
      1166,      2346,      2338,      2337,      2348
      1167,      2347,      2348,      2335,      2336
      1168,      2345,      2346,      2348,      2347
      1169,      2301,      2347,      2336,      2300
      1170,      2302,      2345,      2347,      2301
      1171,      2344,      2324,      2325,      2343
      1172,      2318,      2319,      2324,      2344
      1173,      2340,      2344,      2343,      2339
      1174,      2317,      2318,      2344,      2340
      1175,      2343,      2325,      2326,      2341
      1176,      2339,      2343,      2341,      2338
      1177,      2342,      2327,      2328,      2333
      1178,      2341,      2326,      2327,      2342
      1179,      2337,      2342,      2333,      2334
      1180,      2338,      2341,      2342,      2337
      1181,      2295,      2293,      2292,      2294
      1182,      2289,      2288,      2293,      2295
      1183,      2282,      2295,      2294,      2283
      1184,      2281,      2289,      2295,      2282
      1185,      2294,      2292,      2263,      2262
      1186,      2283,      2294,      2262,      2261
      1187,      2221,      2293,      2288,      2222
      1188,      2220,      2292,      2293,      2221
      1189,      2219,      2263,      2292,      2220
      1190,      2291,      2280,      1970,      1969
      1191,      2289,      2281,      2280,      2291
      1192,      2290,      2291,      1969,      1968
      1193,      2288,      2289,      2291,      2290
      1194,      2223,      2290,      1968,      1967
      1195,      2222,      2288,      2290,      2223
      1196,      2287,       234,       233,      2286
      1197,      2260,       235,       234,      2287
      1198,      2283,      2287,      2286,      2282
      1199,      2261,      2260,      2287,      2283
      1200,      2286,       233,       232,      2284
      1201,      2282,      2286,      2284,      2281
      1202,      2285,       231,       230,      1971
      1203,      2284,       232,       231,      2285
      1204,      2280,      2285,      1971,      1970
      1205,      2281,      2284,      2285,      2280
      1206,      2279,      2277,      2276,      2278
      1207,      2273,      2272,      2277,      2279
      1208,      2266,      2279,      2278,      2267
      1209,      2265,      2273,      2279,      2266
      1210,      2278,      2276,       166,       165
      1211,      2267,      2278,       165,       164
      1212,      2216,      2277,      2272,      2217
      1213,      2215,      2276,      2277,      2216
      1214,       167,       166,      2276,      2215
      1215,      2275,      2264,      2261,      2262
      1216,      2273,      2265,      2264,      2275
      1217,      2274,      2275,      2262,      2263
      1218,      2272,      2273,      2275,      2274
      1219,      2218,      2274,      2263,      2219
      1220,      2217,      2272,      2274,      2218
      1221,      2271,       239,       238,      2270
      1222,       163,       160,       239,      2271
      1223,      2267,      2271,      2270,      2266
      1224,       164,       163,      2271,      2267
      1225,      2270,       238,       237,      2268
      1226,      2266,      2270,      2268,      2265
      1227,      2269,       236,       235,      2260
      1228,      2268,       237,       236,      2269
      1229,      2264,      2269,      2260,      2261
      1230,      2265,      2268,      2269,      2264
      1231,      2259,      2257,      2256,      2258
      1232,      2253,      2252,      2257,      2259
      1233,      2246,      2259,      2258,      2247
      1234,      2245,      2253,      2259,      2246
      1235,      2258,      2256,      2227,      2226
      1236,      2247,      2258,      2226,      2225
      1237,      2140,      2257,      2252,      2141
      1238,      2139,      2256,      2257,      2140
      1239,      2138,      2227,      2256,      2139
      1240,      2255,      2244,      1965,      1964
      1241,      2253,      2245,      2244,      2255
      1242,      2254,      2255,      1964,      1963
      1243,      2252,      2253,      2255,      2254
      1244,      2142,      2254,      1963,      1962
      1245,      2141,      2252,      2254,      2142
      1246,      2251,      2220,      2221,      2250
      1247,      2224,      2219,      2220,      2251
      1248,      2247,      2251,      2250,      2246
      1249,      2225,      2224,      2251,      2247
      1250,      2250,      2221,      2222,      2248
      1251,      2246,      2250,      2248,      2245
      1252,      2249,      2223,      1967,      1966
      1253,      2248,      2222,      2223,      2249
      1254,      2244,      2249,      1966,      1965
      1255,      2245,      2248,      2249,      2244
      1256,      2243,      2241,      2240,      2242
      1257,      2237,      2236,      2241,      2243
      1258,      2230,      2243,      2242,      2231
      1259,      2229,      2237,      2243,      2230
      1260,      2242,      2240,       171,       170
      1261,      2231,      2242,       170,       169
      1262,      2135,      2241,      2236,      2136
      1263,      2134,      2240,      2241,      2135
      1264,       172,       171,      2240,      2134
      1265,      2239,      2228,      2225,      2226
      1266,      2237,      2229,      2228,      2239
      1267,      2238,      2239,      2226,      2227
      1268,      2236,      2237,      2239,      2238
      1269,      2137,      2238,      2227,      2138
      1270,      2136,      2236,      2238,      2137
      1271,      2235,      2215,      2216,      2234
      1272,       168,       167,      2215,      2235
      1273,      2231,      2235,      2234,      2230
      1274,       169,       168,      2235,      2231
      1275,      2234,      2216,      2217,      2232
      1276,      2230,      2234,      2232,      2229
      1277,      2233,      2218,      2219,      2224
      1278,      2232,      2217,      2218,      2233
      1279,      2228,      2233,      2224,      2225
      1280,      2229,      2232,      2233,      2228
      1281,      2214,      2212,      2211,      2213
      1282,      2208,      2207,      2212,      2214
      1283,      2201,      2214,      2213,      2202
      1284,      2200,      2208,      2214,      2201
      1285,      2213,      2211,      2150,      2149
      1286,      2202,      2213,      2149,      2148
      1287,      1947,      2212,      2207,      1946
      1288,      1948,      2211,      2212,      1947
      1289,      1949,      2150,      2211,      1948
      1290,      2210,      2199,      1956,      1955
      1291,      2208,      2200,      2199,      2210
      1292,      2209,      2210,      1955,      1954
      1293,      2207,      2208,      2210,      2209
      1294,      1945,      2209,      1954,      1944
      1295,      1946,      2207,      2209,      1945
      1296,      2206,      2186,      2185,      2205
      1297,      2147,      2146,      2186,      2206
      1298,      2202,      2206,      2205,      2201
      1299,      2148,      2147,      2206,      2202
      1300,      2205,      2185,      2184,      2203
      1301,      2201,      2205,      2203,      2200
      1302,      2204,      2183,      1958,      1957
      1303,      2203,      2184,      2183,      2204
      1304,      2199,      2204,      1957,      1956
      1305,      2200,      2203,      2204,      2199
      1306,      2198,      2194,      2193,      2197
      1307,      2189,      2188,      2194,      2198
      1308,      2140,      2198,      2197,      2139
      1309,      2141,      2189,      2198,      2140
      1310,      2197,      2193,      2144,      2143
      1311,      2139,      2197,      2143,      2138
      1312,      2196,      2185,      2186,      2195
      1313,      2187,      2184,      2185,      2196
      1314,      2194,      2196,      2195,      2193
      1315,      2188,      2187,      2196,      2194
      1316,      2195,      2186,      2146,      2145
      1317,      2193,      2195,      2145,      2144
      1318,      2192,      2142,      1962,      1961
      1319,      2189,      2141,      2142,      2192
      1320,      2190,      2192,      1961,      1960
      1321,      2188,      2189,      2192,      2190
      1322,      2191,      2190,      1960,      1959
      1323,      2187,      2188,      2190,      2191
      1324,      2183,      2191,      1959,      1958
      1325,      2184,      2187,      2191,      2183
      1326,      2180,      2179,      2181,      2182
      1327,      2175,      2180,      2182,      2176
      1328,      2182,      2181,      2170,      2169
      1329,      2176,      2182,      2169,      2168
      1330,      2153,      2181,      2179,      2154
      1331,      2152,      2170,      2181,      2153
      1332,      2180,      2175,       179,       178
      1333,      2179,      2180,       178,       177
      1334,      2154,      2179,       177,       176
      1335,      2167,      1951,      1952,      2178
      1336,      2168,      2167,      2178,      2176
      1337,      2178,      1952,      1953,      2177
      1338,      2176,      2178,      2177,      2175
      1339,      2177,      1953,       181,       180
      1340,      2175,      2177,       180,       179
      1341,      2174,      2151,      2146,      2147
      1342,      2170,      2152,      2151,      2174
      1343,      2173,      2174,      2147,      2148
      1344,      2169,      2170,      2174,      2173
      1345,      2171,      2173,      2148,      2149
      1346,      2168,      2169,      2173,      2171
      1347,      2172,      2171,      2149,      2150
      1348,      2167,      2168,      2171,      2172
      1349,      1950,      2172,      2150,      1949
      1350,      1951,      2167,      2172,      1950
      1351,      2166,      2162,      2161,      2165
      1352,      2157,      2156,      2162,      2166
      1353,      2135,      2166,      2165,      2134
      1354,      2136,      2157,      2166,      2135
      1355,      2165,      2161,       174,       173
      1356,      2134,      2165,       173,       172
      1357,      2164,      2153,      2154,      2163
      1358,      2155,      2152,      2153,      2164
      1359,      2162,      2164,      2163,      2161
      1360,      2156,      2155,      2164,      2162
      1361,      2163,      2154,       176,       175
      1362,      2161,      2163,       175,       174
      1363,      2160,      2137,      2138,      2143
      1364,      2157,      2136,      2137,      2160
      1365,      2158,      2160,      2143,      2144
      1366,      2156,      2157,      2160,      2158
      1367,      2159,      2158,      2144,      2145
      1368,      2155,      2156,      2158,      2159
      1369,      2151,      2159,      2145,      2146
      1370,      2152,      2155,      2159,      2151
      1371,      2133,      2131,      2130,      2132
      1372,      2127,      2126,      2131,      2133
      1373,      2120,      2133,      2132,      2121
      1374,      2119,      2127,      2133,      2120
      1375,      2132,      2130,      2101,      2100
      1376,      2121,      2132,      2100,      2099
      1377,      2059,      2131,      2126,      2060
      1378,      2058,      2130,      2131,      2059
      1379,      2057,      2101,      2130,      2058
      1380,      2129,      2118,      1898,      1899
      1381,      2127,      2119,      2118,      2129
      1382,      2128,      2129,      1899,      1900
      1383,      2126,      2127,      2129,      2128
      1384,      2061,      2128,      1900,      1901
      1385,      2060,      2126,      2128,      2061
      1386,      2125,       224,       223,      2124
      1387,      2098,       225,       224,      2125
      1388,      2121,      2125,      2124,      2120
      1389,      2099,      2098,      2125,      2121
      1390,      2124,       223,       222,      2122
      1391,      2120,      2124,      2122,      2119
      1392,      2123,       221,       220,      1897
      1393,      2122,       222,       221,      2123
      1394,      2118,      2123,      1897,      1898
      1395,      2119,      2122,      2123,      2118
      1396,      2117,      2115,      2114,      2116
      1397,      2111,      2110,      2115,      2117
      1398,      2104,      2117,      2116,      2105
      1399,      2103,      2111,      2117,      2104
      1400,      2116,      2114,      1968,      1969
      1401,      2105,      2116,      1969,      1970
      1402,      2054,      2115,      2110,      2055
      1403,      2053,      2114,      2115,      2054
      1404,      1967,      1968,      2114,      2053
      1405,      2113,      2102,      2099,      2100
      1406,      2111,      2103,      2102,      2113
      1407,      2112,      2113,      2100,      2101
      1408,      2110,      2111,      2113,      2112
      1409,      2056,      2112,      2101,      2057
      1410,      2055,      2110,      2112,      2056
      1411,      2109,       229,       228,      2108
      1412,      1971,       230,       229,      2109
      1413,      2105,      2109,      2108,      2104
      1414,      1970,      1971,      2109,      2105
      1415,      2108,       228,       227,      2106
      1416,      2104,      2108,      2106,      2103
      1417,      2107,       226,       225,      2098
      1418,      2106,       227,       226,      2107
      1419,      2102,      2107,      2098,      2099
      1420,      2103,      2106,      2107,      2102
      1421,      2097,      2095,      2094,      2096
      1422,      2091,      2090,      2095,      2097
      1423,      2084,      2097,      2096,      2085
      1424,      2083,      2091,      2097,      2084
      1425,      2096,      2094,      2065,      2064
      1426,      2085,      2096,      2064,      2063
      1427,      1978,      2095,      2090,      1979
      1428,      1977,      2094,      2095,      1978
      1429,      1976,      2065,      2094,      1977
      1430,      2093,      2082,      1903,      1904
      1431,      2091,      2083,      2082,      2093
      1432,      2092,      2093,      1904,      1905
      1433,      2090,      2091,      2093,      2092
      1434,      1980,      2092,      1905,      1906
      1435,      1979,      2090,      2092,      1980
      1436,      2089,      2058,      2059,      2088
      1437,      2062,      2057,      2058,      2089
      1438,      2085,      2089,      2088,      2084
      1439,      2063,      2062,      2089,      2085
      1440,      2088,      2059,      2060,      2086
      1441,      2084,      2088,      2086,      2083
      1442,      2087,      2061,      1901,      1902
      1443,      2086,      2060,      2061,      2087
      1444,      2082,      2087,      1902,      1903
      1445,      2083,      2086,      2087,      2082
      1446,      2081,      2079,      2078,      2080
      1447,      2075,      2074,      2079,      2081
      1448,      2068,      2081,      2080,      2069
      1449,      2067,      2075,      2081,      2068
      1450,      2080,      2078,      1963,      1964
      1451,      2069,      2080,      1964,      1965
      1452,      1973,      2079,      2074,      1974
      1453,      1972,      2078,      2079,      1973
      1454,      1962,      1963,      2078,      1972
      1455,      2077,      2066,      2063,      2064
      1456,      2075,      2067,      2066,      2077
      1457,      2076,      2077,      2064,      2065
      1458,      2074,      2075,      2077,      2076
      1459,      1975,      2076,      2065,      1976
      1460,      1974,      2074,      2076,      1975
      1461,      2073,      2053,      2054,      2072
      1462,      1966,      1967,      2053,      2073
      1463,      2069,      2073,      2072,      2068
      1464,      1965,      1966,      2073,      2069
      1465,      2072,      2054,      2055,      2070
      1466,      2068,      2072,      2070,      2067
      1467,      2071,      2056,      2057,      2062
      1468,      2070,      2055,      2056,      2071
      1469,      2066,      2071,      2062,      2063
      1470,      2067,      2070,      2071,      2066
      1471,      2052,      2050,      2049,      2051
      1472,      2046,      2045,      2050,      2052
      1473,      2039,      2052,      2051,      2040
      1474,      2038,      2046,      2052,      2039
      1475,      2051,      2049,      1988,      1987
      1476,      2040,      2051,      1987,      1986
      1477,      1937,      2050,      2045,      1936
      1478,      1938,      2049,      2050,      1937
      1479,      1939,      1988,      2049,      1938
      1480,      2048,      2037,      1912,      1913
      1481,      2046,      2038,      2037,      2048
      1482,      2047,      2048,      1913,      1914
      1483,      2045,      2046,      2048,      2047
      1484,      1935,      2047,      1914,      1915
      1485,      1936,      2045,      2047,      1935
      1486,      2044,      2024,      2023,      2043
      1487,      1985,      1984,      2024,      2044
      1488,      2040,      2044,      2043,      2039
      1489,      1986,      1985,      2044,      2040
      1490,      2043,      2023,      2022,      2041
      1491,      2039,      2043,      2041,      2038
      1492,      2042,      2021,      1910,      1911
      1493,      2041,      2022,      2021,      2042
      1494,      2037,      2042,      1911,      1912
      1495,      2038,      2041,      2042,      2037
      1496,      2036,      2032,      2031,      2035
      1497,      2027,      2026,      2032,      2036
      1498,      1978,      2036,      2035,      1977
      1499,      1979,      2027,      2036,      1978
      1500,      2035,      2031,      1982,      1981
      1501,      1977,      2035,      1981,      1976
      1502,      2034,      2023,      2024,      2033
      1503,      2025,      2022,      2023,      2034
      1504,      2032,      2034,      2033,      2031
      1505,      2026,      2025,      2034,      2032
      1506,      2033,      2024,      1984,      1983
      1507,      2031,      2033,      1983,      1982
      1508,      2030,      1980,      1906,      1907
      1509,      2027,      1979,      1980,      2030
      1510,      2028,      2030,      1907,      1908
      1511,      2026,      2027,      2030,      2028
      1512,      2029,      2028,      1908,      1909
      1513,      2025,      2026,      2028,      2029
      1514,      2021,      2029,      1909,      1910
      1515,      2022,      2025,      2029,      2021
      1516,      2020,      2018,      2017,      2019
      1517,      2014,      2013,      2018,      2020
      1518,      2007,      2020,      2019,      2008
      1519,      2006,      2014,      2020,      2007
      1520,      2019,      2017,      1954,      1955
      1521,      2008,      2019,      1955,      1956
      1522,      1942,      2018,      2013,      1941
      1523,      1943,      2017,      2018,      1942
      1524,      1944,      1954,      2017,      1943
      1525,      2016,      2005,      1986,      1987
      1526,      2014,      2006,      2005,      2016
      1527,      2015,      2016,      1987,      1988
      1528,      2013,      2014,      2016,      2015
      1529,      1940,      2015,      1988,      1939
      1530,      1941,      2013,      2015,      1940
      1531,      2012,      1992,      1991,      2011
      1532,      1957,      1958,      1992,      2012
      1533,      2008,      2012,      2011,      2007
      1534,      1956,      1957,      2012,      2008
      1535,      2011,      1991,      1990,      2009
      1536,      2007,      2011,      2009,      2006
      1537,      2010,      1989,      1984,      1985
      1538,      2009,      1990,      1989,      2010
      1539,      2005,      2010,      1985,      1986
      1540,      2006,      2009,      2010,      2005
      1541,      2004,      2000,      1999,      2003
      1542,      1995,      1994,      2000,      2004
      1543,      1973,      2004,      2003,      1972
      1544,      1974,      1995,      2004,      1973
      1545,      2003,      1999,      1960,      1961
      1546,      1972,      2003,      1961,      1962
      1547,      2002,      1991,      1992,      2001
      1548,      1993,      1990,      1991,      2002
      1549,      2000,      2002,      2001,      1999
      1550,      1994,      1993,      2002,      2000
      1551,      2001,      1992,      1958,      1959
      1552,      1999,      2001,      1959,      1960
      1553,      1998,      1975,      1976,      1981
      1554,      1995,      1974,      1975,      1998
      1555,      1996,      1998,      1981,      1982
      1556,      1994,      1995,      1998,      1996
      1557,      1997,      1996,      1982,      1983
      1558,      1993,      1994,      1996,      1997
      1559,      1989,      1997,      1983,      1984
      1560,      1990,      1993,      1997,      1989
      1561,      1896,      1894,      1893,      1895
      1562,      1890,      1889,      1894,      1896
      1563,      1879,      1896,      1895,      1880
      1564,      1878,      1890,      1896,      1879
      1565,      1895,      1893,      1856,      1855
      1566,      1880,      1895,      1855,      1854
      1567,      1813,      1894,      1889,      1814
      1568,      1812,      1893,      1894,      1813
      1569,      1811,      1856,      1893,      1812
      1570,      1892,      1877,      1714,      1713
      1571,      1890,      1878,      1877,      1892
      1572,      1891,      1892,      1713,      1712
      1573,      1889,      1890,      1892,      1891
      1574,      1815,      1891,      1712,      1711
      1575,      1814,      1889,      1891,      1815
      1576,      1888,      1886,      1885,      1887
      1577,      1882,      1881,      1886,      1888
      1578,       284,      1888,      1887,       283
      1579,       285,      1882,      1888,       284
      1580,      1887,      1885,      1853,      1852
      1581,       283,      1887,      1852,       282
      1582,      1879,      1886,      1881,      1878
      1583,      1880,      1885,      1886,      1879
      1584,      1854,      1853,      1885,      1880
      1585,      1884,       286,       287,      1716
      1586,      1882,       285,       286,      1884
      1587,      1883,      1884,      1716,      1715
      1588,      1881,      1882,      1884,      1883
      1589,      1877,      1883,      1715,      1714
      1590,      1878,      1881,      1883,      1877
      1591,      1874,      1873,      1875,      1876
      1592,      1859,      1874,      1876,      1860
      1593,      1876,      1875,       322,       323
      1594,      1860,      1876,       323,       324
      1595,      1807,      1875,      1873,      1808
      1596,       321,       322,      1875,      1807
      1597,      1874,      1859,      1858,      1870
      1598,      1873,      1874,      1870,      1869
      1599,      1808,      1873,      1869,      1809
      1600,      1872,      1857,      1854,      1855
      1601,      1870,      1858,      1857,      1872
      1602,      1871,      1872,      1855,      1856
      1603,      1869,      1870,      1872,      1871
      1604,      1810,      1871,      1856,      1811
      1605,      1809,      1869,      1871,      1810
      1606,      1866,      1865,      1867,      1868
      1607,       279,      1866,      1868,       278
      1608,      1868,      1867,       325,       326
      1609,       278,      1868,       326,       159
      1610,      1860,      1867,      1865,      1859
      1611,       324,       325,      1867,      1860
      1612,      1866,       279,       280,      1862
      1613,      1865,      1866,      1862,      1861
      1614,      1859,      1865,      1861,      1858
      1615,      1864,       281,       282,      1852
      1616,      1862,       280,       281,      1864
      1617,      1863,      1864,      1852,      1853
      1618,      1861,      1862,      1864,      1863
      1619,      1857,      1863,      1853,      1854
      1620,      1858,      1861,      1863,      1857
      1621,      1849,      1848,      1850,      1851
      1622,      1838,      1849,      1851,      1839
      1623,      1851,      1850,      1819,      1818
      1624,      1839,      1851,      1818,      1817
      1625,       153,      1850,      1848,       152
      1626,       154,      1819,      1850,       153
      1627,      1849,      1838,      1837,      1845
      1628,      1848,      1849,      1845,      1844
      1629,       152,      1848,      1844,       151
      1630,      1847,      1836,      1709,      1708
      1631,      1845,      1837,      1836,      1847
      1632,      1846,      1847,      1708,      1707
      1633,      1844,      1845,      1847,      1846
      1634,       150,      1846,      1707,       149
      1635,       151,      1844,      1846,       150
      1636,      1843,      1812,      1813,      1842
      1637,      1816,      1811,      1812,      1843
      1638,      1839,      1843,      1842,      1838
      1639,      1817,      1816,      1843,      1839
      1640,      1842,      1813,      1814,      1840
      1641,      1838,      1842,      1840,      1837
      1642,      1841,      1815,      1711,      1710
      1643,      1840,      1814,      1815,      1841
      1644,      1836,      1841,      1710,      1709
      1645,      1837,      1840,      1841,      1836
      1646,      1833,      1832,      1834,      1835
      1647,      1828,      1833,      1835,      1829
      1648,      1835,      1834,      1823,      1822
      1649,      1829,      1835,      1822,      1821
      1650,       156,      1834,      1832,       155
      1651,       157,      1823,      1834,       156
      1652,      1833,      1828,      1817,      1818
      1653,      1832,      1833,      1818,      1819
      1654,       155,      1832,      1819,       154
      1655,      1820,      1808,      1809,      1831
      1656,      1821,      1820,      1831,      1829
      1657,      1831,      1809,      1810,      1830
      1658,      1829,      1831,      1830,      1828
      1659,      1830,      1810,      1811,      1816
      1660,      1828,      1830,      1816,      1817
      1661,       317,       318,      1826,      1827
      1662,         1,       317,      1827,       158
      1663,      1827,      1826,      1822,      1823
      1664,       158,      1827,      1823,       157
      1665,      1824,      1826,       318,       319
      1666,      1821,      1822,      1826,      1824
      1667,       320,       321,      1807,      1825
      1668,       319,       320,      1825,      1824
      1669,      1825,      1807,      1808,      1820
      1670,      1824,      1825,      1820,      1821
      1671,      1806,      1804,      1803,      1805
      1672,      1800,      1799,      1804,      1806
      1673,      1789,      1806,      1805,      1790
      1674,      1788,      1800,      1806,      1789
      1675,      1805,      1803,      1766,      1765
      1676,      1790,      1805,      1765,      1764
      1677,      1723,      1804,      1799,      1724
      1678,      1722,      1803,      1804,      1723
      1679,      1721,      1766,      1803,      1722
      1680,      1802,      1787,      1514,      1513
      1681,      1800,      1788,      1787,      1802
      1682,      1801,      1802,      1513,      1512
      1683,      1799,      1800,      1802,      1801
      1684,      1725,      1801,      1512,      1511
      1685,      1724,      1799,      1801,      1725
      1686,      1798,      1796,      1795,      1797
      1687,      1792,      1791,      1796,      1798
      1688,       294,      1798,      1797,       293
      1689,       295,      1792,      1798,       294
      1690,      1797,      1795,      1763,      1762
      1691,       293,      1797,      1762,       292
      1692,      1789,      1796,      1791,      1788
      1693,      1790,      1795,      1796,      1789
      1694,      1764,      1763,      1795,      1790
      1695,      1794,       296,       297,      1516
      1696,      1792,       295,       296,      1794
      1697,      1793,      1794,      1516,      1515
      1698,      1791,      1792,      1794,      1793
      1699,      1787,      1793,      1515,      1514
      1700,      1788,      1791,      1793,      1787
      1701,      1786,      1784,      1783,      1785
      1702,      1780,      1779,      1784,      1786
      1703,      1769,      1786,      1785,      1770
      1704,      1768,      1780,      1786,      1769
      1705,      1785,      1783,      1712,      1713
      1706,      1770,      1785,      1713,      1714
      1707,      1718,      1784,      1779,      1719
      1708,      1717,      1783,      1784,      1718
      1709,      1711,      1712,      1783,      1717
      1710,      1782,      1767,      1764,      1765
      1711,      1780,      1768,      1767,      1782
      1712,      1781,      1782,      1765,      1766
      1713,      1779,      1780,      1782,      1781
      1714,      1720,      1781,      1766,      1721
      1715,      1719,      1779,      1781,      1720
      1716,      1778,      1776,      1775,      1777
      1717,      1772,      1771,      1776,      1778
      1718,       289,      1778,      1777,       288
      1719,       290,      1772,      1778,       289
      1720,      1777,      1775,      1715,      1716
      1721,       288,      1777,      1716,       287
      1722,      1769,      1776,      1771,      1768
      1723,      1770,      1775,      1776,      1769
      1724,      1714,      1715,      1775,      1770
      1725,      1774,       291,       292,      1762
      1726,      1772,       290,       291,      1774
      1727,      1773,      1774,      1762,      1763
      1728,      1771,      1772,      1774,      1773
      1729,      1767,      1773,      1763,      1764
      1730,      1768,      1771,      1773,      1767
      1731,      1761,      1759,      1758,      1760
      1732,      1755,      1754,      1759,      1761
      1733,      1748,      1761,      1760,      1749
      1734,      1747,      1755,      1761,      1748
      1735,      1760,      1758,      1729,      1728
      1736,      1749,      1760,      1728,      1727
      1737,       142,      1759,      1754,       141
      1738,       143,      1758,      1759,       142
      1739,       144,      1729,      1758,       143
      1740,      1757,      1746,      1509,      1508
      1741,      1755,      1747,      1746,      1757
      1742,      1756,      1757,      1508,      1507
      1743,      1754,      1755,      1757,      1756
      1744,       140,      1756,      1507,       139
      1745,       141,      1754,      1756,       140
      1746,      1753,      1722,      1723,      1752
      1747,      1726,      1721,      1722,      1753
      1748,      1749,      1753,      1752,      1748
      1749,      1727,      1726,      1753,      1749
      1750,      1752,      1723,      1724,      1750
      1751,      1748,      1752,      1750,      1747
      1752,      1751,      1725,      1511,      1510
      1753,      1750,      1724,      1725,      1751
      1754,      1746,      1751,      1510,      1509
      1755,      1747,      1750,      1751,      1746
      1756,      1745,      1743,      1742,      1744
      1757,      1739,      1738,      1743,      1745
      1758,      1732,      1745,      1744,      1733
      1759,      1731,      1739,      1745,      1732
      1760,      1744,      1742,      1707,      1708
      1761,      1733,      1744,      1708,      1709
      1762,       147,      1743,      1738,       146
      1763,       148,      1742,      1743,       147
      1764,       149,      1707,      1742,       148
      1765,      1741,      1730,      1727,      1728
      1766,      1739,      1731,      1730,      1741
      1767,      1740,      1741,      1728,      1729
      1768,      1738,      1739,      1741,      1740
      1769,       145,      1740,      1729,       144
      1770,       146,      1738,      1740,       145
      1771,      1737,      1717,      1718,      1736
      1772,      1710,      1711,      1717,      1737
      1773,      1733,      1737,      1736,      1732
      1774,      1709,      1710,      1737,      1733
      1775,      1736,      1718,      1719,      1734
      1776,      1732,      1736,      1734,      1731
      1777,      1735,      1720,      1721,      1726
      1778,      1734,      1719,      1720,      1735
      1779,      1730,      1735,      1726,      1727
      1780,      1731,      1734,      1735,      1730
      1781,      1706,      1704,      1703,      1705
      1782,      1700,      1699,      1704,      1706
      1783,      1689,      1706,      1705,      1690
      1784,      1688,      1700,      1706,      1689
      1785,      1705,      1703,      1666,      1665
      1786,      1690,      1705,      1665,      1664
      1787,      1623,      1704,      1699,      1624
      1788,      1622,      1703,      1704,      1623
      1789,      1621,      1666,      1703,      1622
      1790,      1702,      1687,      1524,      1523
      1791,      1700,      1688,      1687,      1702
      1792,      1701,      1702,      1523,      1522
      1793,      1699,      1700,      1702,      1701
      1794,      1625,      1701,      1522,      1521
      1795,      1624,      1699,      1701,      1625
      1796,      1698,      1696,      1695,      1697
      1797,      1692,      1691,      1696,      1698
      1798,       304,      1698,      1697,       303
      1799,       305,      1692,      1698,       304
      1800,      1697,      1695,      1663,      1662
      1801,       303,      1697,      1662,       302
      1802,      1689,      1696,      1691,      1688
      1803,      1690,      1695,      1696,      1689
      1804,      1664,      1663,      1695,      1690
      1805,      1694,       306,       307,      1526
      1806,      1692,       305,       306,      1694
      1807,      1693,      1694,      1526,      1525
      1808,      1691,      1692,      1694,      1693
      1809,      1687,      1693,      1525,      1524
      1810,      1688,      1691,      1693,      1687
      1811,      1686,      1684,      1683,      1685
      1812,      1680,      1679,      1684,      1686
      1813,      1669,      1686,      1685,      1670
      1814,      1668,      1680,      1686,      1669
      1815,      1685,      1683,      1512,      1513
      1816,      1670,      1685,      1513,      1514
      1817,      1618,      1684,      1679,      1619
      1818,      1617,      1683,      1684,      1618
      1819,      1511,      1512,      1683,      1617
      1820,      1682,      1667,      1664,      1665
      1821,      1680,      1668,      1667,      1682
      1822,      1681,      1682,      1665,      1666
      1823,      1679,      1680,      1682,      1681
      1824,      1620,      1681,      1666,      1621
      1825,      1619,      1679,      1681,      1620
      1826,      1678,      1676,      1675,      1677
      1827,      1672,      1671,      1676,      1678
      1828,       299,      1678,      1677,       298
      1829,       300,      1672,      1678,       299
      1830,      1677,      1675,      1515,      1516
      1831,       298,      1677,      1516,       297
      1832,      1669,      1676,      1671,      1668
      1833,      1670,      1675,      1676,      1669
      1834,      1514,      1515,      1675,      1670
      1835,      1674,       301,       302,      1662
      1836,      1672,       300,       301,      1674
      1837,      1673,      1674,      1662,      1663
      1838,      1671,      1672,      1674,      1673
      1839,      1667,      1673,      1663,      1664
      1840,      1668,      1671,      1673,      1667
      1841,      1661,      1659,      1658,      1660
      1842,      1655,      1654,      1659,      1661
      1843,      1648,      1661,      1660,      1649
      1844,      1647,      1655,      1661,      1648
      1845,      1660,      1658,      1629,      1628
      1846,      1649,      1660,      1628,      1627
      1847,       132,      1659,      1654,       131
      1848,       133,      1658,      1659,       132
      1849,       134,      1629,      1658,       133
      1850,      1657,      1646,      1519,      1518
      1851,      1655,      1647,      1646,      1657
      1852,      1656,      1657,      1518,      1517
      1853,      1654,      1655,      1657,      1656
      1854,       130,      1656,      1517,       129
      1855,       131,      1654,      1656,       130
      1856,      1653,      1622,      1623,      1652
      1857,      1626,      1621,      1622,      1653
      1858,      1649,      1653,      1652,      1648
      1859,      1627,      1626,      1653,      1649
      1860,      1652,      1623,      1624,      1650
      1861,      1648,      1652,      1650,      1647
      1862,      1651,      1625,      1521,      1520
      1863,      1650,      1624,      1625,      1651
      1864,      1646,      1651,      1520,      1519
      1865,      1647,      1650,      1651,      1646
      1866,      1645,      1643,      1642,      1644
      1867,      1639,      1638,      1643,      1645
      1868,      1632,      1645,      1644,      1633
      1869,      1631,      1639,      1645,      1632
      1870,      1644,      1642,      1507,      1508
      1871,      1633,      1644,      1508,      1509
      1872,       137,      1643,      1638,       136
      1873,       138,      1642,      1643,       137
      1874,       139,      1507,      1642,       138
      1875,      1641,      1630,      1627,      1628
      1876,      1639,      1631,      1630,      1641
      1877,      1640,      1641,      1628,      1629
      1878,      1638,      1639,      1641,      1640
      1879,       135,      1640,      1629,       134
      1880,       136,      1638,      1640,       135
      1881,      1637,      1617,      1618,      1636
      1882,      1510,      1511,      1617,      1637
      1883,      1633,      1637,      1636,      1632
      1884,      1509,      1510,      1637,      1633
      1885,      1636,      1618,      1619,      1634
      1886,      1632,      1636,      1634,      1631
      1887,      1635,      1620,      1621,      1626
      1888,      1634,      1619,      1620,      1635
      1889,      1630,      1635,      1626,      1627
      1890,      1631,      1634,      1635,      1630
      1891,      1616,      1600,      1599,      1614
      1892,      1575,      1574,      1600,      1616
      1893,      1615,      1616,      1614,      1613
      1894,      1576,      1575,      1616,      1615
      1895,      1532,      1615,      1613,      1533
      1896,      1531,      1576,      1615,      1532
      1897,      1614,      1599,      1598,      1610
      1898,      1613,      1614,      1610,      1609
      1899,      1533,      1613,      1609,      1534
      1900,       353,       352,      1611,      1612
      1901,       354,       353,      1612,      1597
      1902,      1612,      1611,      1609,      1610
      1903,      1597,      1612,      1610,      1598
      1904,      1535,      1611,       352,       351
      1905,      1534,      1609,      1611,      1535
      1906,      1608,      1606,      1605,      1607
      1907,      1602,      1601,      1606,      1608
      1908,       314,      1608,      1607,       313
      1909,       315,      1602,      1608,       314
      1910,      1607,      1605,      1573,      1572
      1911,       313,      1607,      1572,       312
      1912,      1599,      1606,      1601,      1598
      1913,      1600,      1605,      1606,      1599
      1914,      1574,      1573,      1605,      1600
      1915,       356,       355,      1603,      1604
      1916,       162,       356,      1604,       316
      1917,      1604,      1603,      1601,      1602
      1918,       316,      1604,      1602,       315
      1919,      1597,      1603,       355,       354
      1920,      1598,      1601,      1603,      1597
      1921,      1596,      1594,      1593,      1595
      1922,      1590,      1589,      1594,      1596
      1923,      1579,      1596,      1595,      1580
      1924,      1578,      1590,      1596,      1579
      1925,      1595,      1593,      1522,      1523
      1926,      1580,      1595,      1523,      1524
      1927,      1528,      1594,      1589,      1529
      1928,      1527,      1593,      1594,      1528
      1929,      1521,      1522,      1593,      1527
      1930,      1592,      1577,      1574,      1575
      1931,      1590,      1578,      1577,      1592
      1932,      1591,      1592,      1575,      1576
      1933,      1589,      1590,      1592,      1591
      1934,      1530,      1591,      1576,      1531
      1935,      1529,      1589,      1591,      1530
      1936,      1588,      1586,      1585,      1587
      1937,      1582,      1581,      1586,      1588
      1938,       309,      1588,      1587,       308
      1939,       310,      1582,      1588,       309
      1940,      1587,      1585,      1525,      1526
      1941,       308,      1587,      1526,       307
      1942,      1579,      1586,      1581,      1578
      1943,      1580,      1585,      1586,      1579
      1944,      1524,      1525,      1585,      1580
      1945,      1584,       311,       312,      1572
      1946,      1582,       310,       311,      1584
      1947,      1583,      1584,      1572,      1573
      1948,      1581,      1582,      1584,      1583
      1949,      1577,      1583,      1573,      1574
      1950,      1578,      1581,      1583,      1577
      1951,      1569,      1568,      1570,      1571
      1952,      1564,      1569,      1571,      1565
      1953,      1571,      1570,      1559,      1558
      1954,      1565,      1571,      1558,      1557
      1955,       121,      1570,      1568,       120
      1956,       122,      1559,      1570,       121
      1957,      1569,      1564,       349,       348
      1958,      1568,      1569,       348,       347
      1959,       120,      1568,       347,       119
      1960,      1556,      1533,      1534,      1567
      1961,      1557,      1556,      1567,      1565
      1962,      1567,      1534,      1535,      1566
      1963,      1565,      1567,      1566,      1564
      1964,      1566,      1535,       351,       350
      1965,      1564,      1566,       350,       349
      1966,      1539,      1538,      1562,      1563
      1967,       124,      1539,      1563,       123
      1968,      1563,      1562,      1558,      1559
      1969,       123,      1563,      1559,       122
      1970,      1560,      1562,      1538,      1537
      1971,      1557,      1558,      1562,      1560
      1972,      1536,      1531,      1532,      1561
      1973,      1537,      1536,      1561,      1560
      1974,      1561,      1532,      1533,      1556
      1975,      1560,      1561,      1556,      1557
      1976,      1555,      1553,      1552,      1554
      1977,      1549,      1548,      1553,      1555
      1978,      1542,      1555,      1554,      1543
      1979,      1541,      1549,      1555,      1542
      1980,      1554,      1552,      1517,      1518
      1981,      1543,      1554,      1518,      1519
      1982,       127,      1553,      1548,       126
      1983,       128,      1552,      1553,       127
      1984,       129,      1517,      1552,       128
      1985,      1538,      1539,      1550,      1551
      1986,      1537,      1538,      1551,      1540
      1987,      1551,      1550,      1548,      1549
      1988,      1540,      1551,      1549,      1541
      1989,       125,      1550,      1539,       124
      1990,       126,      1548,      1550,       125
      1991,      1547,      1527,      1528,      1546
      1992,      1520,      1521,      1527,      1547
      1993,      1543,      1547,      1546,      1542
      1994,      1519,      1520,      1547,      1543
      1995,      1546,      1528,      1529,      1544
      1996,      1542,      1546,      1544,      1541
      1997,      1545,      1530,      1531,      1536
      1998,      1544,      1529,      1530,      1545
      1999,      1540,      1545,      1536,      1537
      2000,      1541,      1544,      1545,      1540
      2001,      1506,      1504,      1503,      1505
      2002,      1500,      1499,      1504,      1506
      2003,      1489,      1506,      1505,      1490
      2004,      1488,      1500,      1506,      1489
      2005,      1505,      1503,      1466,      1465
      2006,      1490,      1505,      1465,      1464
      2007,      1423,      1504,      1499,      1424
      2008,      1422,      1503,      1504,      1423
      2009,      1421,      1466,      1503,      1422
      2010,      1502,      1487,      1324,      1323
      2011,      1500,      1488,      1487,      1502
      2012,      1501,      1502,      1323,      1322
      2013,      1499,      1500,      1502,      1501
      2014,      1425,      1501,      1322,      1321
      2015,      1424,      1499,      1501,      1425
      2016,      1498,      1496,      1495,      1497
      2017,      1492,      1491,      1496,      1498
      2018,       246,      1498,      1497,       245
      2019,       247,      1492,      1498,       246
      2020,      1497,      1495,      1463,      1462
      2021,       245,      1497,      1462,       244
      2022,      1489,      1496,      1491,      1488
      2023,      1490,      1495,      1496,      1489
      2024,      1464,      1463,      1495,      1490
      2025,      1494,       248,       249,      1326
      2026,      1492,       247,       248,      1494
      2027,      1493,      1494,      1326,      1325
      2028,      1491,      1492,      1494,      1493
      2029,      1487,      1493,      1325,      1324
      2030,      1488,      1491,      1493,      1487
      2031,      1484,      1483,      1485,      1486
      2032,      1469,      1484,      1486,      1470
      2033,      1486,      1485,       352,       353
      2034,      1470,      1486,       353,       354
      2035,      1417,      1485,      1483,      1418
      2036,       351,       352,      1485,      1417
      2037,      1484,      1469,      1468,      1480
      2038,      1483,      1484,      1480,      1479
      2039,      1418,      1483,      1479,      1419
      2040,      1482,      1467,      1464,      1465
      2041,      1480,      1468,      1467,      1482
      2042,      1481,      1482,      1465,      1466
      2043,      1479,      1480,      1482,      1481
      2044,      1420,      1481,      1466,      1421
      2045,      1419,      1479,      1481,      1420
      2046,      1476,      1475,      1477,      1478
      2047,       241,      1476,      1478,       240
      2048,      1478,      1477,       355,       356
      2049,       240,      1478,       356,       162
      2050,      1470,      1477,      1475,      1469
      2051,       354,       355,      1477,      1470
      2052,      1476,       241,       242,      1472
      2053,      1475,      1476,      1472,      1471
      2054,      1469,      1475,      1471,      1468
      2055,      1474,       243,       244,      1462
      2056,      1472,       242,       243,      1474
      2057,      1473,      1474,      1462,      1463
      2058,      1471,      1472,      1474,      1473
      2059,      1467,      1473,      1463,      1464
      2060,      1468,      1471,      1473,      1467
      2061,      1459,      1458,      1460,      1461
      2062,      1448,      1459,      1461,      1449
      2063,      1461,      1460,      1429,      1428
      2064,      1449,      1461,      1428,      1427
      2065,       113,      1460,      1458,       112
      2066,       114,      1429,      1460,       113
      2067,      1459,      1448,      1447,      1455
      2068,      1458,      1459,      1455,      1454
      2069,       112,      1458,      1454,       111
      2070,      1457,      1446,      1319,      1318
      2071,      1455,      1447,      1446,      1457
      2072,      1456,      1457,      1318,      1317
      2073,      1454,      1455,      1457,      1456
      2074,       110,      1456,      1317,       109
      2075,       111,      1454,      1456,       110
      2076,      1453,      1422,      1423,      1452
      2077,      1426,      1421,      1422,      1453
      2078,      1449,      1453,      1452,      1448
      2079,      1427,      1426,      1453,      1449
      2080,      1452,      1423,      1424,      1450
      2081,      1448,      1452,      1450,      1447
      2082,      1451,      1425,      1321,      1320
      2083,      1450,      1424,      1425,      1451
      2084,      1446,      1451,      1320,      1319
      2085,      1447,      1450,      1451,      1446
      2086,      1443,      1442,      1444,      1445
      2087,      1438,      1443,      1445,      1439
      2088,      1445,      1444,      1433,      1432
      2089,      1439,      1445,      1432,      1431
      2090,       116,      1444,      1442,       115
      2091,       117,      1433,      1444,       116
      2092,      1443,      1438,      1427,      1428
      2093,      1442,      1443,      1428,      1429
      2094,       115,      1442,      1429,       114
      2095,      1430,      1418,      1419,      1441
      2096,      1431,      1430,      1441,      1439
      2097,      1441,      1419,      1420,      1440
      2098,      1439,      1441,      1440,      1438
      2099,      1440,      1420,      1421,      1426
      2100,      1438,      1440,      1426,      1427
      2101,       347,       348,      1436,      1437
      2102,       119,       347,      1437,       118
      2103,      1437,      1436,      1432,      1433
      2104,       118,      1437,      1433,       117
      2105,      1434,      1436,       348,       349
      2106,      1431,      1432,      1436,      1434
      2107,       350,       351,      1417,      1435
      2108,       349,       350,      1435,      1434
      2109,      1435,      1417,      1418,      1430
      2110,      1434,      1435,      1430,      1431
      2111,      1416,      1414,      1413,      1415
      2112,      1410,      1409,      1414,      1416
      2113,      1399,      1416,      1415,      1400
      2114,      1398,      1410,      1416,      1399
      2115,      1415,      1413,      1376,      1375
      2116,      1400,      1415,      1375,      1374
      2117,      1333,      1414,      1409,      1334
      2118,      1332,      1413,      1414,      1333
      2119,      1331,      1376,      1413,      1332
      2120,      1412,      1397,      1134,      1133
      2121,      1410,      1398,      1397,      1412
      2122,      1411,      1412,      1133,      1132
      2123,      1409,      1410,      1412,      1411
      2124,      1335,      1411,      1132,      1131
      2125,      1334,      1409,      1411,      1335
      2126,      1408,      1406,      1405,      1407
      2127,      1402,      1401,      1406,      1408
      2128,       256,      1408,      1407,       255
      2129,       257,      1402,      1408,       256
      2130,      1407,      1405,      1373,      1372
      2131,       255,      1407,      1372,       254
      2132,      1399,      1406,      1401,      1398
      2133,      1400,      1405,      1406,      1399
      2134,      1374,      1373,      1405,      1400
      2135,      1404,       258,       259,      1136
      2136,      1402,       257,       258,      1404
      2137,      1403,      1404,      1136,      1135
      2138,      1401,      1402,      1404,      1403
      2139,      1397,      1403,      1135,      1134
      2140,      1398,      1401,      1403,      1397
      2141,      1396,      1394,      1393,      1395
      2142,      1390,      1389,      1394,      1396
      2143,      1379,      1396,      1395,      1380
      2144,      1378,      1390,      1396,      1379
      2145,      1395,      1393,      1322,      1323
      2146,      1380,      1395,      1323,      1324
      2147,      1328,      1394,      1389,      1329
      2148,      1327,      1393,      1394,      1328
      2149,      1321,      1322,      1393,      1327
      2150,      1392,      1377,      1374,      1375
      2151,      1390,      1378,      1377,      1392
      2152,      1391,      1392,      1375,      1376
      2153,      1389,      1390,      1392,      1391
      2154,      1330,      1391,      1376,      1331
      2155,      1329,      1389,      1391,      1330
      2156,      1388,      1386,      1385,      1387
      2157,      1382,      1381,      1386,      1388
      2158,       251,      1388,      1387,       250
      2159,       252,      1382,      1388,       251
      2160,      1387,      1385,      1325,      1326
      2161,       250,      1387,      1326,       249
      2162,      1379,      1386,      1381,      1378
      2163,      1380,      1385,      1386,      1379
      2164,      1324,      1325,      1385,      1380
      2165,      1384,       253,       254,      1372
      2166,      1382,       252,       253,      1384
      2167,      1383,      1384,      1372,      1373
      2168,      1381,      1382,      1384,      1383
      2169,      1377,      1383,      1373,      1374
      2170,      1378,      1381,      1383,      1377
      2171,      1371,      1369,      1368,      1370
      2172,      1365,      1364,      1369,      1371
      2173,      1358,      1371,      1370,      1359
      2174,      1357,      1365,      1371,      1358
      2175,      1370,      1368,      1339,      1338
      2176,      1359,      1370,      1338,      1337
      2177,       102,      1369,      1364,       101
      2178,       103,      1368,      1369,       102
      2179,       104,      1339,      1368,       103
      2180,      1367,      1356,      1129,      1128
      2181,      1365,      1357,      1356,      1367
      2182,      1366,      1367,      1128,      1127
      2183,      1364,      1365,      1367,      1366
      2184,       100,      1366,      1127,        99
      2185,       101,      1364,      1366,       100
      2186,      1363,      1332,      1333,      1362
      2187,      1336,      1331,      1332,      1363
      2188,      1359,      1363,      1362,      1358
      2189,      1337,      1336,      1363,      1359
      2190,      1362,      1333,      1334,      1360
      2191,      1358,      1362,      1360,      1357
      2192,      1361,      1335,      1131,      1130
      2193,      1360,      1334,      1335,      1361
      2194,      1356,      1361,      1130,      1129
      2195,      1357,      1360,      1361,      1356
      2196,      1355,      1353,      1352,      1354
      2197,      1349,      1348,      1353,      1355
      2198,      1342,      1355,      1354,      1343
      2199,      1341,      1349,      1355,      1342
      2200,      1354,      1352,      1317,      1318
      2201,      1343,      1354,      1318,      1319
      2202,       107,      1353,      1348,       106
      2203,       108,      1352,      1353,       107
      2204,       109,      1317,      1352,       108
      2205,      1351,      1340,      1337,      1338
      2206,      1349,      1341,      1340,      1351
      2207,      1350,      1351,      1338,      1339
      2208,      1348,      1349,      1351,      1350
      2209,       105,      1350,      1339,       104
      2210,       106,      1348,      1350,       105
      2211,      1347,      1327,      1328,      1346
      2212,      1320,      1321,      1327,      1347
      2213,      1343,      1347,      1346,      1342
      2214,      1319,      1320,      1347,      1343
      2215,      1346,      1328,      1329,      1344
      2216,      1342,      1346,      1344,      1341
      2217,      1345,      1330,      1331,      1336
      2218,      1344,      1329,      1330,      1345
      2219,      1340,      1345,      1336,      1337
      2220,      1341,      1344,      1345,      1340
      2221,      1316,      1314,      1313,      1315
      2222,      1310,      1309,      1314,      1316
      2223,      1299,      1316,      1315,      1300
      2224,      1298,      1310,      1316,      1299
      2225,      1315,      1313,      1276,      1275
      2226,      1300,      1315,      1275,      1274
      2227,      1233,      1314,      1309,      1234
      2228,      1232,      1313,      1314,      1233
      2229,      1231,      1276,      1313,      1232
      2230,      1312,      1297,      1144,      1143
      2231,      1310,      1298,      1297,      1312
      2232,      1311,      1312,      1143,      1142
      2233,      1309,      1310,      1312,      1311
      2234,      1235,      1311,      1142,      1141
      2235,      1234,      1309,      1311,      1235
      2236,      1308,      1306,      1305,      1307
      2237,      1302,      1301,      1306,      1308
      2238,       266,      1308,      1307,       265
      2239,       267,      1302,      1308,       266
      2240,      1307,      1305,      1273,      1272
      2241,       265,      1307,      1272,       264
      2242,      1299,      1306,      1301,      1298
      2243,      1300,      1305,      1306,      1299
      2244,      1274,      1273,      1305,      1300
      2245,      1304,       268,       269,      1146
      2246,      1302,       267,       268,      1304
      2247,      1303,      1304,      1146,      1145
      2248,      1301,      1302,      1304,      1303
      2249,      1297,      1303,      1145,      1144
      2250,      1298,      1301,      1303,      1297
      2251,      1296,      1294,      1293,      1295
      2252,      1290,      1289,      1294,      1296
      2253,      1279,      1296,      1295,      1280
      2254,      1278,      1290,      1296,      1279
      2255,      1295,      1293,      1132,      1133
      2256,      1280,      1295,      1133,      1134
      2257,      1228,      1294,      1289,      1229
      2258,      1227,      1293,      1294,      1228
      2259,      1131,      1132,      1293,      1227
      2260,      1292,      1277,      1274,      1275
      2261,      1290,      1278,      1277,      1292
      2262,      1291,      1292,      1275,      1276
      2263,      1289,      1290,      1292,      1291
      2264,      1230,      1291,      1276,      1231
      2265,      1229,      1289,      1291,      1230
      2266,      1288,      1286,      1285,      1287
      2267,      1282,      1281,      1286,      1288
      2268,       261,      1288,      1287,       260
      2269,       262,      1282,      1288,       261
      2270,      1287,      1285,      1135,      1136
      2271,       260,      1287,      1136,       259
      2272,      1279,      1286,      1281,      1278
      2273,      1280,      1285,      1286,      1279
      2274,      1134,      1135,      1285,      1280
      2275,      1284,       263,       264,      1272
      2276,      1282,       262,       263,      1284
      2277,      1283,      1284,      1272,      1273
      2278,      1281,      1282,      1284,      1283
      2279,      1277,      1283,      1273,      1274
      2280,      1278,      1281,      1283,      1277
      2281,      1271,      1269,      1268,      1270
      2282,      1265,      1264,      1269,      1271
      2283,      1258,      1271,      1270,      1259
      2284,      1257,      1265,      1271,      1258
      2285,      1270,      1268,      1239,      1238
      2286,      1259,      1270,      1238,      1237
      2287,        92,      1269,      1264,        91
      2288,        93,      1268,      1269,        92
      2289,        94,      1239,      1268,        93
      2290,      1267,      1256,      1139,      1138
      2291,      1265,      1257,      1256,      1267
      2292,      1266,      1267,      1138,      1137
      2293,      1264,      1265,      1267,      1266
      2294,        90,      1266,      1137,        89
      2295,        91,      1264,      1266,        90
      2296,      1263,      1232,      1233,      1262
      2297,      1236,      1231,      1232,      1263
      2298,      1259,      1263,      1262,      1258
      2299,      1237,      1236,      1263,      1259
      2300,      1262,      1233,      1234,      1260
      2301,      1258,      1262,      1260,      1257
      2302,      1261,      1235,      1141,      1140
      2303,      1260,      1234,      1235,      1261
      2304,      1256,      1261,      1140,      1139
      2305,      1257,      1260,      1261,      1256
      2306,      1255,      1253,      1252,      1254
      2307,      1249,      1248,      1253,      1255
      2308,      1242,      1255,      1254,      1243
      2309,      1241,      1249,      1255,      1242
      2310,      1254,      1252,      1127,      1128
      2311,      1243,      1254,      1128,      1129
      2312,        97,      1253,      1248,        96
      2313,        98,      1252,      1253,        97
      2314,        99,      1127,      1252,        98
      2315,      1251,      1240,      1237,      1238
      2316,      1249,      1241,      1240,      1251
      2317,      1250,      1251,      1238,      1239
      2318,      1248,      1249,      1251,      1250
      2319,        95,      1250,      1239,        94
      2320,        96,      1248,      1250,        95
      2321,      1247,      1227,      1228,      1246
      2322,      1130,      1131,      1227,      1247
      2323,      1243,      1247,      1246,      1242
      2324,      1129,      1130,      1247,      1243
      2325,      1246,      1228,      1229,      1244
      2326,      1242,      1246,      1244,      1241
      2327,      1245,      1230,      1231,      1236
      2328,      1244,      1229,      1230,      1245
      2329,      1240,      1245,      1236,      1237
      2330,      1241,      1244,      1245,      1240
      2331,      1226,      1210,      1209,      1224
      2332,      1190,      1189,      1210,      1226
      2333,      1225,      1226,      1224,      1223
      2334,      1191,      1190,      1226,      1225
      2335,      1151,      1225,      1223,      1152
      2336,      1150,      1191,      1225,      1151
      2337,      1224,      1209,      1208,      1220
      2338,      1223,      1224,      1220,      1219
      2339,      1152,      1223,      1219,      1153
      2340,       343,       342,      1221,      1222
      2341,       344,       343,      1222,      1207
      2342,      1222,      1221,      1219,      1220
      2343,      1207,      1222,      1220,      1208
      2344,      1154,      1221,       342,       341
      2345,      1153,      1219,      1221,      1154
      2346,      1212,      1211,      1216,      1218
      2347,       276,      1212,      1218,       275
      2348,      1218,      1216,      1215,      1217
      2349,       275,      1218,      1217,       274
      2350,      1217,      1215,      1188,      1187
      2351,       274,      1217,      1187,       273
      2352,      1209,      1216,      1211,      1208
      2353,      1210,      1215,      1216,      1209
      2354,      1189,      1188,      1215,      1210
      2355,       346,       345,      1213,      1214
      2356,       161,       346,      1214,       277
      2357,      1214,      1213,      1211,      1212
      2358,       277,      1214,      1212,       276
      2359,      1207,      1213,       345,       344
      2360,      1208,      1211,      1213,      1207
      2361,      1206,      1194,      1193,      1202
      2362,      1143,      1144,      1194,      1206
      2363,      1205,      1206,      1202,      1201
      2364,      1142,      1143,      1206,      1205
      2365,      1147,      1205,      1201,      1148
      2366,      1141,      1142,      1205,      1147
      2367,      1204,      1192,      1189,      1190
      2368,      1202,      1193,      1192,      1204
      2369,      1203,      1204,      1190,      1191
      2370,      1201,      1202,      1204,      1203
      2371,      1149,      1203,      1191,      1150
      2372,      1148,      1201,      1203,      1149
      2373,      1200,       270,       271,      1196
      2374,      1146,       269,       270,      1200
      2375,      1199,      1200,      1196,      1195
      2376,      1145,      1146,      1200,      1199
      2377,      1194,      1199,      1195,      1193
      2378,      1144,      1145,      1199,      1194
      2379,      1198,       272,       273,      1187
      2380,      1196,       271,       272,      1198
      2381,      1197,      1198,      1187,      1188
      2382,      1195,      1196,      1198,      1197
      2383,      1192,      1197,      1188,      1189
      2384,      1193,      1195,      1197,      1192
      2385,      1184,      1183,      1185,      1186
      2386,      1179,      1184,      1186,      1180
      2387,      1186,      1185,      1174,      1173
      2388,      1180,      1186,      1173,      1172
      2389,        82,      1185,      1183,        81
      2390,        83,      1174,      1185,        82
      2391,      1184,      1179,       339,       338
      2392,      1183,      1184,       338,       337
      2393,        81,      1183,       337,        80
      2394,      1171,      1152,      1153,      1182
      2395,      1172,      1171,      1182,      1180
      2396,      1182,      1153,      1154,      1181
      2397,      1180,      1182,      1181,      1179
      2398,      1181,      1154,       341,       340
      2399,      1179,      1181,       340,       339
      2400,      1158,      1157,      1177,      1178
      2401,        85,      1158,      1178,        84
      2402,      1178,      1177,      1173,      1174
      2403,        84,      1178,      1174,        83
      2404,      1175,      1177,      1157,      1156
      2405,      1172,      1173,      1177,      1175
      2406,      1155,      1150,      1151,      1176
      2407,      1156,      1155,      1176,      1175
      2408,      1176,      1151,      1152,      1171
      2409,      1175,      1176,      1171,      1172
      2410,      1170,      1161,      1160,      1166
      2411,      1138,      1139,      1161,      1170
      2412,      1169,      1170,      1166,      1165
      2413,      1137,      1138,      1170,      1169
      2414,        88,      1169,      1165,        87
      2415,        89,      1137,      1169,        88
      2416,      1157,      1158,      1167,      1168
      2417,      1156,      1157,      1168,      1159
      2418,      1168,      1167,      1165,      1166
      2419,      1159,      1168,      1166,      1160
      2420,        86,      1167,      1158,        85
      2421,        87,      1165,      1167,        86
      2422,      1164,      1147,      1148,      1162
      2423,      1140,      1141,      1147,      1164
      2424,      1161,      1164,      1162,      1160
      2425,      1139,      1140,      1164,      1161
      2426,      1163,      1149,      1150,      1155
      2427,      1162,      1148,      1149,      1163
      2428,      1159,      1163,      1155,      1156
      2429,      1160,      1162,      1163,      1159
      2430,      1126,      1124,      1123,      1125
      2431,      1120,      1119,      1124,      1126
      2432,      1109,      1126,      1125,      1110
      2433,      1108,      1120,      1126,      1109
      2434,      1125,      1123,      1086,      1085
      2435,      1110,      1125,      1085,      1084
      2436,      1043,      1124,      1119,      1044
      2437,      1042,      1123,      1124,      1043
      2438,      1041,      1086,      1123,      1042
      2439,      1122,      1107,       944,       943
      2440,      1120,      1108,      1107,      1122
      2441,      1121,      1122,       943,       942
      2442,      1119,      1120,      1122,      1121
      2443,      1045,      1121,       942,       941
      2444,      1044,      1119,      1121,      1045
      2445,      1118,      1116,      1115,      1117
      2446,      1112,      1111,      1116,      1118
      2447,       207,      1118,      1117,       206
      2448,       208,      1112,      1118,       207
      2449,      1117,      1115,      1083,      1082
      2450,       206,      1117,      1082,       205
      2451,      1109,      1116,      1111,      1108
      2452,      1110,      1115,      1116,      1109
      2453,      1084,      1083,      1115,      1110
      2454,      1114,       209,       210,       946
      2455,      1112,       208,       209,      1114
      2456,      1113,      1114,       946,       945
      2457,      1111,      1112,      1114,      1113
      2458,      1107,      1113,       945,       944
      2459,      1108,      1111,      1113,      1107
      2460,      1104,      1103,      1105,      1106
      2461,      1089,      1104,      1106,      1090
      2462,      1106,      1105,       342,       343
      2463,      1090,      1106,       343,       344
      2464,      1037,      1105,      1103,      1038
      2465,       341,       342,      1105,      1037
      2466,      1104,      1089,      1088,      1100
      2467,      1103,      1104,      1100,      1099
      2468,      1038,      1103,      1099,      1039
      2469,      1102,      1087,      1084,      1085
      2470,      1100,      1088,      1087,      1102
      2471,      1101,      1102,      1085,      1086
      2472,      1099,      1100,      1102,      1101
      2473,      1040,      1101,      1086,      1041
      2474,      1039,      1099,      1101,      1040
      2475,      1096,      1095,      1097,      1098
      2476,       202,      1096,      1098,       201
      2477,      1098,      1097,       345,       346
      2478,       201,      1098,       346,       161
      2479,      1090,      1097,      1095,      1089
      2480,       344,       345,      1097,      1090
      2481,      1096,       202,       203,      1092
      2482,      1095,      1096,      1092,      1091
      2483,      1089,      1095,      1091,      1088
      2484,      1094,       204,       205,      1082
      2485,      1092,       203,       204,      1094
      2486,      1093,      1094,      1082,      1083
      2487,      1091,      1092,      1094,      1093
      2488,      1087,      1093,      1083,      1084
      2489,      1088,      1091,      1093,      1087
      2490,      1079,      1078,      1080,      1081
      2491,      1068,      1079,      1081,      1069
      2492,      1081,      1080,      1049,      1048
      2493,      1069,      1081,      1048,      1047
      2494,        74,      1080,      1078,        73
      2495,        75,      1049,      1080,        74
      2496,      1079,      1068,      1067,      1075
      2497,      1078,      1079,      1075,      1074
      2498,        73,      1078,      1074,        72
      2499,      1077,      1066,       939,       938
      2500,      1075,      1067,      1066,      1077
      2501,      1076,      1077,       938,       937
      2502,      1074,      1075,      1077,      1076
      2503,        71,      1076,       937,        70
      2504,        72,      1074,      1076,        71
      2505,      1073,      1042,      1043,      1072
      2506,      1046,      1041,      1042,      1073
      2507,      1069,      1073,      1072,      1068
      2508,      1047,      1046,      1073,      1069
      2509,      1072,      1043,      1044,      1070
      2510,      1068,      1072,      1070,      1067
      2511,      1071,      1045,       941,       940
      2512,      1070,      1044,      1045,      1071
      2513,      1066,      1071,       940,       939
      2514,      1067,      1070,      1071,      1066
      2515,      1063,      1062,      1064,      1065
      2516,      1058,      1063,      1065,      1059
      2517,      1065,      1064,      1053,      1052
      2518,      1059,      1065,      1052,      1051
      2519,        77,      1064,      1062,        76
      2520,        78,      1053,      1064,        77
      2521,      1063,      1058,      1047,      1048
      2522,      1062,      1063,      1048,      1049
      2523,        76,      1062,      1049,        75
      2524,      1050,      1038,      1039,      1061
      2525,      1051,      1050,      1061,      1059
      2526,      1061,      1039,      1040,      1060
      2527,      1059,      1061,      1060,      1058
      2528,      1060,      1040,      1041,      1046
      2529,      1058,      1060,      1046,      1047
      2530,       337,       338,      1056,      1057
      2531,        80,       337,      1057,        79
      2532,      1057,      1056,      1052,      1053
      2533,        79,      1057,      1053,        78
      2534,      1054,      1056,       338,       339
      2535,      1051,      1052,      1056,      1054
      2536,       340,       341,      1037,      1055
      2537,       339,       340,      1055,      1054
      2538,      1055,      1037,      1038,      1050
      2539,      1054,      1055,      1050,      1051
      2540,      1036,      1034,      1033,      1035
      2541,      1030,      1029,      1034,      1036
      2542,      1019,      1036,      1035,      1020
      2543,      1018,      1030,      1036,      1019
      2544,      1035,      1033,       996,       995
      2545,      1020,      1035,       995,       994
      2546,       953,      1034,      1029,       954
      2547,       952,      1033,      1034,       953
      2548,       951,       996,      1033,       952
      2549,      1032,      1017,       744,       743
      2550,      1030,      1018,      1017,      1032
      2551,      1031,      1032,       743,       742
      2552,      1029,      1030,      1032,      1031
      2553,       955,      1031,       742,       741
      2554,       954,      1029,      1031,       955
      2555,      1028,      1026,      1025,      1027
      2556,      1022,      1021,      1026,      1028
      2557,       217,      1028,      1027,       216
      2558,       218,      1022,      1028,       217
      2559,      1027,      1025,       993,       992
      2560,       216,      1027,       992,       215
      2561,      1019,      1026,      1021,      1018
      2562,      1020,      1025,      1026,      1019
      2563,       994,       993,      1025,      1020
      2564,      1024,       219,       220,       746
      2565,      1022,       218,       219,      1024
      2566,      1023,      1024,       746,       745
      2567,      1021,      1022,      1024,      1023
      2568,      1017,      1023,       745,       744
      2569,      1018,      1021,      1023,      1017
      2570,      1016,      1014,      1013,      1015
      2571,      1010,      1009,      1014,      1016
      2572,       999,      1016,      1015,      1000
      2573,       998,      1010,      1016,       999
      2574,      1015,      1013,       942,       943
      2575,      1000,      1015,       943,       944
      2576,       948,      1014,      1009,       949
      2577,       947,      1013,      1014,       948
      2578,       941,       942,      1013,       947
      2579,      1012,       997,       994,       995
      2580,      1010,       998,       997,      1012
      2581,      1011,      1012,       995,       996
      2582,      1009,      1010,      1012,      1011
      2583,       950,      1011,       996,       951
      2584,       949,      1009,      1011,       950
      2585,      1008,      1006,      1005,      1007
      2586,      1002,      1001,      1006,      1008
      2587,       212,      1008,      1007,       211
      2588,       213,      1002,      1008,       212
      2589,      1007,      1005,       945,       946
      2590,       211,      1007,       946,       210
      2591,       999,      1006,      1001,       998
      2592,      1000,      1005,      1006,       999
      2593,       944,       945,      1005,      1000
      2594,      1004,       214,       215,       992
      2595,      1002,       213,       214,      1004
      2596,      1003,      1004,       992,       993
      2597,      1001,      1002,      1004,      1003
      2598,       997,      1003,       993,       994
      2599,       998,      1001,      1003,       997
      2600,       991,       989,       988,       990
      2601,       985,       984,       989,       991
      2602,       978,       991,       990,       979
      2603,       977,       985,       991,       978
      2604,       990,       988,       959,       958
      2605,       979,       990,       958,       957
      2606,        63,       989,       984,        62
      2607,        64,       988,       989,        63
      2608,        65,       959,       988,        64
      2609,       987,       976,       739,       738
      2610,       985,       977,       976,       987
      2611,       986,       987,       738,       737
      2612,       984,       985,       987,       986
      2613,        61,       986,       737,        60
      2614,        62,       984,       986,        61
      2615,       983,       952,       953,       982
      2616,       956,       951,       952,       983
      2617,       979,       983,       982,       978
      2618,       957,       956,       983,       979
      2619,       982,       953,       954,       980
      2620,       978,       982,       980,       977
      2621,       981,       955,       741,       740
      2622,       980,       954,       955,       981
      2623,       976,       981,       740,       739
      2624,       977,       980,       981,       976
      2625,       975,       973,       972,       974
      2626,       969,       968,       973,       975
      2627,       962,       975,       974,       963
      2628,       961,       969,       975,       962
      2629,       974,       972,       937,       938
      2630,       963,       974,       938,       939
      2631,        68,       973,       968,        67
      2632,        69,       972,       973,        68
      2633,        70,       937,       972,        69
      2634,       971,       960,       957,       958
      2635,       969,       961,       960,       971
      2636,       970,       971,       958,       959
      2637,       968,       969,       971,       970
      2638,        66,       970,       959,        65
      2639,        67,       968,       970,        66
      2640,       967,       947,       948,       966
      2641,       940,       941,       947,       967
      2642,       963,       967,       966,       962
      2643,       939,       940,       967,       963
      2644,       966,       948,       949,       964
      2645,       962,       966,       964,       961
      2646,       965,       950,       951,       956
      2647,       964,       949,       950,       965
      2648,       960,       965,       956,       957
      2649,       961,       964,       965,       960
      2650,       936,       934,       933,       935
      2651,       930,       929,       934,       936
      2652,       919,       936,       935,       920
      2653,       918,       930,       936,       919
      2654,       935,       933,       896,       895
      2655,       920,       935,       895,       894
      2656,       853,       934,       929,       854
      2657,       852,       933,       934,       853
      2658,       851,       896,       933,       852
      2659,       932,       917,       754,       753
      2660,       930,       918,       917,       932
      2661,       931,       932,       753,       752
      2662,       929,       930,       932,       931
      2663,       855,       931,       752,       751
      2664,       854,       929,       931,       855
      2665,       928,       926,       925,       927
      2666,       922,       921,       926,       928
      2667,       227,       928,       927,       226
      2668,       228,       922,       928,       227
      2669,       927,       925,       893,       892
      2670,       226,       927,       892,       225
      2671,       919,       926,       921,       918
      2672,       920,       925,       926,       919
      2673,       894,       893,       925,       920
      2674,       924,       229,       230,       756
      2675,       922,       228,       229,       924
      2676,       923,       924,       756,       755
      2677,       921,       922,       924,       923
      2678,       917,       923,       755,       754
      2679,       918,       921,       923,       917
      2680,       916,       914,       913,       915
      2681,       910,       909,       914,       916
      2682,       899,       916,       915,       900
      2683,       898,       910,       916,       899
      2684,       915,       913,       742,       743
      2685,       900,       915,       743,       744
      2686,       848,       914,       909,       849
      2687,       847,       913,       914,       848
      2688,       741,       742,       913,       847
      2689,       912,       897,       894,       895
      2690,       910,       898,       897,       912
      2691,       911,       912,       895,       896
      2692,       909,       910,       912,       911
      2693,       850,       911,       896,       851
      2694,       849,       909,       911,       850
      2695,       908,       906,       905,       907
      2696,       902,       901,       906,       908
      2697,       222,       908,       907,       221
      2698,       223,       902,       908,       222
      2699,       907,       905,       745,       746
      2700,       221,       907,       746,       220
      2701,       899,       906,       901,       898
      2702,       900,       905,       906,       899
      2703,       744,       745,       905,       900
      2704,       904,       224,       225,       892
      2705,       902,       223,       224,       904
      2706,       903,       904,       892,       893
      2707,       901,       902,       904,       903
      2708,       897,       903,       893,       894
      2709,       898,       901,       903,       897
      2710,       891,       889,       888,       890
      2711,       885,       884,       889,       891
      2712,       878,       891,       890,       879
      2713,       877,       885,       891,       878
      2714,       890,       888,       859,       858
      2715,       879,       890,       858,       857
      2716,        53,       889,       884,        52
      2717,        54,       888,       889,        53
      2718,        55,       859,       888,        54
      2719,       887,       876,       749,       748
      2720,       885,       877,       876,       887
      2721,       886,       887,       748,       747
      2722,       884,       885,       887,       886
      2723,        51,       886,       747,        50
      2724,        52,       884,       886,        51
      2725,       883,       852,       853,       882
      2726,       856,       851,       852,       883
      2727,       879,       883,       882,       878
      2728,       857,       856,       883,       879
      2729,       882,       853,       854,       880
      2730,       878,       882,       880,       877
      2731,       881,       855,       751,       750
      2732,       880,       854,       855,       881
      2733,       876,       881,       750,       749
      2734,       877,       880,       881,       876
      2735,       875,       873,       872,       874
      2736,       869,       868,       873,       875
      2737,       862,       875,       874,       863
      2738,       861,       869,       875,       862
      2739,       874,       872,       737,       738
      2740,       863,       874,       738,       739
      2741,        58,       873,       868,        57
      2742,        59,       872,       873,        58
      2743,        60,       737,       872,        59
      2744,       871,       860,       857,       858
      2745,       869,       861,       860,       871
      2746,       870,       871,       858,       859
      2747,       868,       869,       871,       870
      2748,        56,       870,       859,        55
      2749,        57,       868,       870,        56
      2750,       867,       847,       848,       866
      2751,       740,       741,       847,       867
      2752,       863,       867,       866,       862
      2753,       739,       740,       867,       863
      2754,       866,       848,       849,       864
      2755,       862,       866,       864,       861
      2756,       865,       850,       851,       856
      2757,       864,       849,       850,       865
      2758,       860,       865,       856,       857
      2759,       861,       864,       865,       860
      2760,       846,       830,       829,       844
      2761,       805,       804,       830,       846
      2762,       845,       846,       844,       843
      2763,       806,       805,       846,       845
      2764,       762,       845,       843,       763
      2765,       761,       806,       845,       762
      2766,       844,       829,       828,       840
      2767,       843,       844,       840,       839
      2768,       763,       843,       839,       764
      2769,       333,       332,       841,       842
      2770,       334,       333,       842,       827
      2771,       842,       841,       839,       840
      2772,       827,       842,       840,       828
      2773,       765,       841,       332,       331
      2774,       764,       839,       841,       765
      2775,       838,       836,       835,       837
      2776,       832,       831,       836,       838
      2777,       237,       838,       837,       236
      2778,       238,       832,       838,       237
      2779,       837,       835,       803,       802
      2780,       236,       837,       802,       235
      2781,       829,       836,       831,       828
      2782,       830,       835,       836,       829
      2783,       804,       803,       835,       830
      2784,       336,       335,       833,       834
      2785,       160,       336,       834,       239
      2786,       834,       833,       831,       832
      2787,       239,       834,       832,       238
      2788,       827,       833,       335,       334
      2789,       828,       831,       833,       827
      2790,       826,       824,       823,       825
      2791,       820,       819,       824,       826
      2792,       809,       826,       825,       810
      2793,       808,       820,       826,       809
      2794,       825,       823,       752,       753
      2795,       810,       825,       753,       754
      2796,       758,       824,       819,       759
      2797,       757,       823,       824,       758
      2798,       751,       752,       823,       757
      2799,       822,       807,       804,       805
      2800,       820,       808,       807,       822
      2801,       821,       822,       805,       806
      2802,       819,       820,       822,       821
      2803,       760,       821,       806,       761
      2804,       759,       819,       821,       760
      2805,       818,       816,       815,       817
      2806,       812,       811,       816,       818
      2807,       232,       818,       817,       231
      2808,       233,       812,       818,       232
      2809,       817,       815,       755,       756
      2810,       231,       817,       756,       230
      2811,       809,       816,       811,       808
      2812,       810,       815,       816,       809
      2813,       754,       755,       815,       810
      2814,       814,       234,       235,       802
      2815,       812,       233,       234,       814
      2816,       813,       814,       802,       803
      2817,       811,       812,       814,       813
      2818,       807,       813,       803,       804
      2819,       808,       811,       813,       807
      2820,       799,       798,       800,       801
      2821,       794,       799,       801,       795
      2822,       801,       800,       789,       788
      2823,       795,       801,       788,       787
      2824,        42,       800,       798,        41
      2825,        43,       789,       800,        42
      2826,       799,       794,       329,       328
      2827,       798,       799,       328,       327
      2828,        41,       798,       327,        40
      2829,       786,       763,       764,       797
      2830,       787,       786,       797,       795
      2831,       797,       764,       765,       796
      2832,       795,       797,       796,       794
      2833,       796,       765,       331,       330
      2834,       794,       796,       330,       329
      2835,       769,       768,       792,       793
      2836,        45,       769,       793,        44
      2837,       793,       792,       788,       789
      2838,        44,       793,       789,        43
      2839,       790,       792,       768,       767
      2840,       787,       788,       792,       790
      2841,       766,       761,       762,       791
      2842,       767,       766,       791,       790
      2843,       791,       762,       763,       786
      2844,       790,       791,       786,       787
      2845,       785,       783,       782,       784
      2846,       779,       778,       783,       785
      2847,       772,       785,       784,       773
      2848,       771,       779,       785,       772
      2849,       784,       782,       747,       748
      2850,       773,       784,       748,       749
      2851,        48,       783,       778,        47
      2852,        49,       782,       783,        48
      2853,        50,       747,       782,        49
      2854,       768,       769,       780,       781
      2855,       767,       768,       781,       770
      2856,       781,       780,       778,       779
      2857,       770,       781,       779,       771
      2858,        46,       780,       769,        45
      2859,        47,       778,       780,        46
      2860,       777,       757,       758,       776
      2861,       750,       751,       757,       777
      2862,       773,       777,       776,       772
      2863,       749,       750,       777,       773
      2864,       776,       758,       759,       774
      2865,       772,       776,       774,       771
      2866,       775,       760,       761,       766
      2867,       774,       759,       760,       775
      2868,       770,       775,       766,       767
      2869,       771,       774,       775,       770
      2870,       736,       734,       733,       735
      2871,       730,       729,       734,       736
      2872,       719,       736,       735,       720
      2873,       718,       730,       736,       719
      2874,       735,       733,       696,       695
      2875,       720,       735,       695,       694
      2876,       653,       734,       729,       654
      2877,       652,       733,       734,       653
      2878,       651,       696,       733,       652
      2879,       732,       717,       554,       553
      2880,       730,       718,       717,       732
      2881,       731,       732,       553,       552
      2882,       729,       730,       732,       731
      2883,       655,       731,       552,       551
      2884,       654,       729,       731,       655
      2885,       728,       726,       725,       727
      2886,       722,       721,       726,       728
      2887,       169,       728,       727,       168
      2888,       170,       722,       728,       169
      2889,       727,       725,       693,       692
      2890,       168,       727,       692,       167
      2891,       719,       726,       721,       718
      2892,       720,       725,       726,       719
      2893,       694,       693,       725,       720
      2894,       724,       171,       172,       556
      2895,       722,       170,       171,       724
      2896,       723,       724,       556,       555
      2897,       721,       722,       724,       723
      2898,       717,       723,       555,       554
      2899,       718,       721,       723,       717
      2900,       714,       713,       715,       716
      2901,       699,       714,       716,       700
      2902,       716,       715,       332,       333
      2903,       700,       716,       333,       334
      2904,       647,       715,       713,       648
      2905,       331,       332,       715,       647
      2906,       714,       699,       698,       710
      2907,       713,       714,       710,       709
      2908,       648,       713,       709,       649
      2909,       712,       697,       694,       695
      2910,       710,       698,       697,       712
      2911,       711,       712,       695,       696
      2912,       709,       710,       712,       711
      2913,       650,       711,       696,       651
      2914,       649,       709,       711,       650
      2915,       706,       705,       707,       708
      2916,       164,       706,       708,       163
      2917,       708,       707,       335,       336
      2918,       163,       708,       336,       160
      2919,       700,       707,       705,       699
      2920,       334,       335,       707,       700
      2921,       706,       164,       165,       702
      2922,       705,       706,       702,       701
      2923,       699,       705,       701,       698
      2924,       704,       166,       167,       692
      2925,       702,       165,       166,       704
      2926,       703,       704,       692,       693
      2927,       701,       702,       704,       703
      2928,       697,       703,       693,       694
      2929,       698,       701,       703,       697
      2930,       689,       688,       690,       691
      2931,       678,       689,       691,       679
      2932,       691,       690,       659,       658
      2933,       679,       691,       658,       657
      2934,        34,       690,       688,        33
      2935,        35,       659,       690,        34
      2936,       689,       678,       677,       685
      2937,       688,       689,       685,       684
      2938,        33,       688,       684,        32
      2939,       687,       676,       549,       548
      2940,       685,       677,       676,       687
      2941,       686,       687,       548,       547
      2942,       684,       685,       687,       686
      2943,        31,       686,       547,        30
      2944,        32,       684,       686,        31
      2945,       683,       652,       653,       682
      2946,       656,       651,       652,       683
      2947,       679,       683,       682,       678
      2948,       657,       656,       683,       679
      2949,       682,       653,       654,       680
      2950,       678,       682,       680,       677
      2951,       681,       655,       551,       550
      2952,       680,       654,       655,       681
      2953,       676,       681,       550,       549
      2954,       677,       680,       681,       676
      2955,       673,       672,       674,       675
      2956,       668,       673,       675,       669
      2957,       675,       674,       663,       662
      2958,       669,       675,       662,       661
      2959,        37,       674,       672,        36
      2960,        38,       663,       674,        37
      2961,       673,       668,       657,       658
      2962,       672,       673,       658,       659
      2963,        36,       672,       659,        35
      2964,       660,       648,       649,       671
      2965,       661,       660,       671,       669
      2966,       671,       649,       650,       670
      2967,       669,       671,       670,       668
      2968,       670,       650,       651,       656
      2969,       668,       670,       656,       657
      2970,       327,       328,       666,       667
      2971,        40,       327,       667,        39
      2972,       667,       666,       662,       663
      2973,        39,       667,       663,        38
      2974,       664,       666,       328,       329
      2975,       661,       662,       666,       664
      2976,       330,       331,       647,       665
      2977,       329,       330,       665,       664
      2978,       665,       647,       648,       660
      2979,       664,       665,       660,       661
      2980,       646,       644,       643,       645
      2981,       640,       639,       644,       646
      2982,       629,       646,       645,       630
      2983,       628,       640,       646,       629
      2984,       645,       643,       606,       605
      2985,       630,       645,       605,       604
      2986,       563,       644,       639,       564
      2987,       562,       643,       644,       563
      2988,       561,       606,       643,       562
      2989,       642,       627,       364,       363
      2990,       640,       628,       627,       642
      2991,       641,       642,       363,       362
      2992,       639,       640,       642,       641
      2993,       565,       641,       362,       361
      2994,       564,       639,       641,       565
      2995,       638,       636,       635,       637
      2996,       632,       631,       636,       638
      2997,       179,       638,       637,       178
      2998,       180,       632,       638,       179
      2999,       637,       635,       603,       602
      3000,       178,       637,       602,       177
      3001,       629,       636,       631,       628
      3002,       630,       635,       636,       629
      3003,       604,       603,       635,       630
      3004,       634,       181,       182,       366
      3005,       632,       180,       181,       634
      3006,       633,       634,       366,       365
      3007,       631,       632,       634,       633
      3008,       627,       633,       365,       364
      3009,       628,       631,       633,       627
      3010,       626,       624,       623,       625
      3011,       620,       619,       624,       626
      3012,       609,       626,       625,       610
      3013,       608,       620,       626,       609
      3014,       625,       623,       552,       553
      3015,       610,       625,       553,       554
      3016,       558,       624,       619,       559
      3017,       557,       623,       624,       558
      3018,       551,       552,       623,       557
      3019,       622,       607,       604,       605
      3020,       620,       608,       607,       622
      3021,       621,       622,       605,       606
      3022,       619,       620,       622,       621
      3023,       560,       621,       606,       561
      3024,       559,       619,       621,       560
      3025,       618,       616,       615,       617
      3026,       612,       611,       616,       618
      3027,       174,       618,       617,       173
      3028,       175,       612,       618,       174
      3029,       617,       615,       555,       556
      3030,       173,       617,       556,       172
      3031,       609,       616,       611,       608
      3032,       610,       615,       616,       609
      3033,       554,       555,       615,       610
      3034,       614,       176,       177,       602
      3035,       612,       175,       176,       614
      3036,       613,       614,       602,       603
      3037,       611,       612,       614,       613
      3038,       607,       613,       603,       604
      3039,       608,       611,       613,       607
      3040,       601,       599,       598,       600
      3041,       595,       594,       599,       601
      3042,       588,       601,       600,       589
      3043,       587,       595,       601,       588
      3044,       600,       598,       569,       568
      3045,       589,       600,       568,       567
      3046,        23,       599,       594,        22
      3047,        24,       598,       599,        23
      3048,        25,       569,       598,        24
      3049,       597,       586,       359,       358
      3050,       595,       587,       586,       597
      3051,       596,       597,       358,       357
      3052,       594,       595,       597,       596
      3053,        21,       596,       357,        20
      3054,        22,       594,       596,        21
      3055,       593,       562,       563,       592
      3056,       566,       561,       562,       593
      3057,       589,       593,       592,       588
      3058,       567,       566,       593,       589
      3059,       592,       563,       564,       590
      3060,       588,       592,       590,       587
      3061,       591,       565,       361,       360
      3062,       590,       564,       565,       591
      3063,       586,       591,       360,       359
      3064,       587,       590,       591,       586
      3065,       585,       583,       582,       584
      3066,       579,       578,       583,       585
      3067,       572,       585,       584,       573
      3068,       571,       579,       585,       572
      3069,       584,       582,       547,       548
      3070,       573,       584,       548,       549
      3071,        28,       583,       578,        27
      3072,        29,       582,       583,        28
      3073,        30,       547,       582,        29
      3074,       581,       570,       567,       568
      3075,       579,       571,       570,       581
      3076,       580,       581,       568,       569
      3077,       578,       579,       581,       580
      3078,        26,       580,       569,        25
      3079,        27,       578,       580,        26
      3080,       577,       557,       558,       576
      3081,       550,       551,       557,       577
      3082,       573,       577,       576,       572
      3083,       549,       550,       577,       573
      3084,       576,       558,       559,       574
      3085,       572,       576,       574,       571
      3086,       575,       560,       561,       566
      3087,       574,       559,       560,       575
      3088,       570,       575,       566,       567
      3089,       571,       574,       575,       570
      3090,       546,       544,       543,       545
      3091,       540,       539,       544,       546
      3092,       529,       546,       545,       530
      3093,       528,       540,       546,       529
      3094,       545,       543,       506,       505
      3095,       530,       545,       505,       504
      3096,       463,       544,       539,       464
      3097,       462,       543,       544,       463
      3098,       461,       506,       543,       462
      3099,       542,       527,       374,       373
      3100,       540,       528,       527,       542
      3101,       541,       542,       373,       372
      3102,       539,       540,       542,       541
      3103,       465,       541,       372,       371
      3104,       464,       539,       541,       465
      3105,       538,       536,       535,       537
      3106,       532,       531,       536,       538
      3107,       189,       538,       537,       188
      3108,       190,       532,       538,       189
      3109,       537,       535,       503,       502
      3110,       188,       537,       502,       187
      3111,       529,       536,       531,       528
      3112,       530,       535,       536,       529
      3113,       504,       503,       535,       530
      3114,       534,       191,       192,       376
      3115,       532,       190,       191,       534
      3116,       533,       534,       376,       375
      3117,       531,       532,       534,       533
      3118,       527,       533,       375,       374
      3119,       528,       531,       533,       527
      3120,       526,       524,       523,       525
      3121,       520,       519,       524,       526
      3122,       509,       526,       525,       510
      3123,       508,       520,       526,       509
      3124,       525,       523,       362,       363
      3125,       510,       525,       363,       364
      3126,       458,       524,       519,       459
      3127,       457,       523,       524,       458
      3128,       361,       362,       523,       457
      3129,       522,       507,       504,       505
      3130,       520,       508,       507,       522
      3131,       521,       522,       505,       506
      3132,       519,       520,       522,       521
      3133,       460,       521,       506,       461
      3134,       459,       519,       521,       460
      3135,       518,       516,       515,       517
      3136,       512,       511,       516,       518
      3137,       184,       518,       517,       183
      3138,       185,       512,       518,       184
      3139,       517,       515,       365,       366
      3140,       183,       517,       366,       182
      3141,       509,       516,       511,       508
      3142,       510,       515,       516,       509
      3143,       364,       365,       515,       510
      3144,       514,       186,       187,       502
      3145,       512,       185,       186,       514
      3146,       513,       514,       502,       503
      3147,       511,       512,       514,       513
      3148,       507,       513,       503,       504
      3149,       508,       511,       513,       507
      3150,       501,       499,       498,       500
      3151,       495,       494,       499,       501
      3152,       488,       501,       500,       489
      3153,       487,       495,       501,       488
      3154,       500,       498,       469,       468
      3155,       489,       500,       468,       467
      3156,        13,       499,       494,        12
      3157,        14,       498,       499,        13
      3158,        15,       469,       498,        14
      3159,       497,       486,       369,       368
      3160,       495,       487,       486,       497
      3161,       496,       497,       368,       367
      3162,       494,       495,       497,       496
      3163,        11,       496,       367,        10
      3164,        12,       494,       496,        11
      3165,       493,       462,       463,       492
      3166,       466,       461,       462,       493
      3167,       489,       493,       492,       488
      3168,       467,       466,       493,       489
      3169,       492,       463,       464,       490
      3170,       488,       492,       490,       487
      3171,       491,       465,       371,       370
      3172,       490,       464,       465,       491
      3173,       486,       491,       370,       369
      3174,       487,       490,       491,       486
      3175,       485,       483,       482,       484
      3176,       479,       478,       483,       485
      3177,       472,       485,       484,       473
      3178,       471,       479,       485,       472
      3179,       484,       482,       357,       358
      3180,       473,       484,       358,       359
      3181,        18,       483,       478,        17
      3182,        19,       482,       483,        18
      3183,        20,       357,       482,        19
      3184,       481,       470,       467,       468
      3185,       479,       471,       470,       481
      3186,       480,       481,       468,       469
      3187,       478,       479,       481,       480
      3188,        16,       480,       469,        15
      3189,        17,       478,       480,        16
      3190,       477,       457,       458,       476
      3191,       360,       361,       457,       477
      3192,       473,       477,       476,       472
      3193,       359,       360,       477,       473
      3194,       476,       458,       459,       474
      3195,       472,       476,       474,       471
      3196,       475,       460,       461,       466
      3197,       474,       459,       460,       475
      3198,       470,       475,       466,       467
      3199,       471,       474,       475,       470
      3200,       456,       440,       439,       454
      3201,       420,       419,       440,       456
      3202,       455,       456,       454,       453
      3203,       421,       420,       456,       455
      3204,       381,       455,       453,       382
      3205,       380,       421,       455,       381
      3206,       454,       439,       438,       450
      3207,       453,       454,       450,       449
      3208,       382,       453,       449,       383
      3209,       323,       322,       451,       452
      3210,       324,       323,       452,       437
      3211,       452,       451,       449,       450
      3212,       437,       452,       450,       438
      3213,       384,       451,       322,       321
      3214,       383,       449,       451,       384
      3215,       442,       441,       446,       448
      3216,       199,       442,       448,       198
      3217,       448,       446,       445,       447
      3218,       198,       448,       447,       197
      3219,       447,       445,       418,       417
      3220,       197,       447,       417,       196
      3221,       439,       446,       441,       438
      3222,       440,       445,       446,       439
      3223,       419,       418,       445,       440
      3224,       326,       325,       443,       444
      3225,       159,       326,       444,       200
      3226,       444,       443,       441,       442
      3227,       200,       444,       442,       199
      3228,       437,       443,       325,       324
      3229,       438,       441,       443,       437
      3230,       436,       424,       423,       432
      3231,       373,       374,       424,       436
      3232,       435,       436,       432,       431
      3233,       372,       373,       436,       435
      3234,       377,       435,       431,       378
      3235,       371,       372,       435,       377
      3236,       434,       422,       419,       420
      3237,       432,       423,       422,       434
      3238,       433,       434,       420,       421
      3239,       431,       432,       434,       433
      3240,       379,       433,       421,       380
      3241,       378,       431,       433,       379
      3242,       430,       193,       194,       426
      3243,       376,       192,       193,       430
      3244,       429,       430,       426,       425
      3245,       375,       376,       430,       429
      3246,       424,       429,       425,       423
      3247,       374,       375,       429,       424
      3248,       428,       195,       196,       417
      3249,       426,       194,       195,       428
      3250,       427,       428,       417,       418
      3251,       425,       426,       428,       427
      3252,       422,       427,       418,       419
      3253,       423,       425,       427,       422
      3254,       414,       413,       415,       416
      3255,       409,       414,       416,       410
      3256,       416,       415,       404,       403
      3257,       410,       416,       403,       402
      3258,         3,       415,       413,         2
      3259,         4,       404,       415,         3
      3260,       414,       409,       319,       318
      3261,       413,       414,       318,       317
      3262,         2,       413,       317,         1
      3263,       401,       382,       383,       412
      3264,       402,       401,       412,       410
      3265,       412,       383,       384,       411
      3266,       410,       412,       411,       409
      3267,       411,       384,       321,       320
      3268,       409,       411,       320,       319
      3269,       388,       387,       407,       408
      3270,         6,       388,       408,         5
      3271,       408,       407,       403,       404
      3272,         5,       408,       404,         4
      3273,       405,       407,       387,       386
      3274,       402,       403,       407,       405
      3275,       385,       380,       381,       406
      3276,       386,       385,       406,       405
      3277,       406,       381,       382,       401
      3278,       405,       406,       401,       402
      3279,       400,       391,       390,       396
      3280,       368,       369,       391,       400
      3281,       399,       400,       396,       395
      3282,       367,       368,       400,       399
      3283,         9,       399,       395,         8
      3284,        10,       367,       399,         9
      3285,       387,       388,       397,       398
      3286,       386,       387,       398,       389
      3287,       398,       397,       395,       396
      3288,       389,       398,       396,       390
      3289,         7,       397,       388,         6
      3290,         8,       395,       397,         7
      3291,       394,       377,       378,       392
      3292,       370,       371,       377,       394
      3293,       391,       394,       392,       390
      3294,       369,       370,       394,       391
      3295,       393,       379,       380,       385
      3296,       392,       378,       379,       393
      3297,       389,       393,       385,       386
      3298,       390,       392,       393,       389
*****