**
**   Template:  Wave 2D Solver
**
*NODE
         1,  -1000.0        ,  -1000.0        ,  0.0            
         2,  1000.0         ,  -1000.0        ,  0.0            
         3,  1000.0         ,  1000.0         ,  0.0            
         4,  -1000.0        ,  1000.0         ,  0.0            
         5,  -1000.0        ,  -960.0         ,  0.0            
         6,  -1000.0        ,  -920.0         ,  0.0            
         7,  -1000.0        ,  -880.0         ,  0.0            
         8,  -1000.0        ,  -840.0         ,  0.0            
         9,  -1000.0        ,  -800.0         ,  0.0            
        10,  -1000.0        ,  -760.0         ,  0.0            
        11,  -1000.0        ,  -720.0         ,  0.0            
        12,  -1000.0        ,  -680.0         ,  0.0            
        13,  -1000.0        ,  -640.0         ,  0.0            
        14,  -1000.0        ,  -600.0         ,  0.0            
        15,  -1000.0        ,  -560.0         ,  0.0            
        16,  -1000.0        ,  -520.0         ,  0.0            
        17,  -1000.0        ,  -480.0         ,  0.0            
        18,  -1000.0        ,  -440.0         ,  0.0            
        19,  -1000.0        ,  -400.0         ,  0.0            
        20,  -1000.0        ,  -360.0         ,  0.0            
        21,  -1000.0        ,  -320.0         ,  0.0            
        22,  -1000.0        ,  -280.0         ,  0.0            
        23,  -1000.0        ,  -240.0         ,  0.0            
        24,  -1000.0        ,  -200.0         ,  0.0            
        25,  -1000.0        ,  -160.0         ,  0.0            
        26,  -1000.0        ,  -120.0         ,  0.0            
        27,  -1000.0        ,  -80.0          ,  0.0            
        28,  -1000.0        ,  -40.0          ,  0.0            
        29,  -1000.0        ,  0.0            ,  0.0            
        30,  -1000.0        ,  40.0           ,  0.0            
        31,  -1000.0        ,  80.0           ,  0.0            
        32,  -1000.0        ,  120.0          ,  0.0            
        33,  -1000.0        ,  160.0          ,  0.0            
        34,  -1000.0        ,  200.0          ,  0.0            
        35,  -1000.0        ,  240.0          ,  0.0            
        36,  -1000.0        ,  280.0          ,  0.0            
        37,  -1000.0        ,  320.0          ,  0.0            
        38,  -1000.0        ,  360.0          ,  0.0            
        39,  -1000.0        ,  400.0          ,  0.0            
        40,  -1000.0        ,  440.0          ,  0.0            
        41,  -1000.0        ,  480.0          ,  0.0            
        42,  -1000.0        ,  520.0          ,  0.0            
        43,  -1000.0        ,  560.0          ,  0.0            
        44,  -1000.0        ,  600.0          ,  0.0            
        45,  -1000.0        ,  640.0          ,  0.0            
        46,  -1000.0        ,  680.0          ,  0.0            
        47,  -1000.0        ,  720.0          ,  0.0            
        48,  -1000.0        ,  760.0          ,  0.0            
        49,  -1000.0        ,  800.0          ,  0.0            
        50,  -1000.0        ,  840.0          ,  0.0            
        51,  -1000.0        ,  880.0          ,  0.0            
        52,  -1000.0        ,  920.0          ,  0.0            
        53,  -1000.0        ,  960.0          ,  0.0            
        54,  -960.0         ,  1000.0         ,  0.0            
        55,  -920.0         ,  1000.0         ,  0.0            
        56,  -880.0         ,  1000.0         ,  0.0            
        57,  -840.0         ,  1000.0         ,  0.0            
        58,  -800.0         ,  1000.0         ,  0.0            
        59,  -760.0         ,  1000.0         ,  0.0            
        60,  -720.0         ,  1000.0         ,  0.0            
        61,  -680.0         ,  1000.0         ,  0.0            
        62,  -640.0         ,  1000.0         ,  0.0            
        63,  -600.0         ,  1000.0         ,  0.0            
        64,  -560.0         ,  1000.0         ,  0.0            
        65,  -520.0         ,  1000.0         ,  0.0            
        66,  -480.0         ,  1000.0         ,  0.0            
        67,  -440.0         ,  1000.0         ,  0.0            
        68,  -400.0         ,  1000.0         ,  0.0            
        69,  -360.0         ,  1000.0         ,  0.0            
        70,  -320.0         ,  1000.0         ,  0.0            
        71,  -280.0         ,  1000.0         ,  0.0            
        72,  -240.0         ,  1000.0         ,  0.0            
        73,  -200.0         ,  1000.0         ,  0.0            
        74,  -160.0         ,  1000.0         ,  0.0            
        75,  -120.0         ,  1000.0         ,  0.0            
        76,  -80.0          ,  1000.0         ,  0.0            
        77,  -40.0          ,  1000.0         ,  0.0            
        78,  0.0            ,  1000.0         ,  0.0            
        79,  40.0           ,  1000.0         ,  0.0            
        80,  80.0           ,  1000.0         ,  0.0            
        81,  120.0          ,  1000.0         ,  0.0            
        82,  160.0          ,  1000.0         ,  0.0            
        83,  200.0          ,  1000.0         ,  0.0            
        84,  240.0          ,  1000.0         ,  0.0            
        85,  280.0          ,  1000.0         ,  0.0            
        86,  320.0          ,  1000.0         ,  0.0            
        87,  360.0          ,  1000.0         ,  0.0            
        88,  400.0          ,  1000.0         ,  0.0            
        89,  440.0          ,  1000.0         ,  0.0            
        90,  480.0          ,  1000.0         ,  0.0            
        91,  520.0          ,  1000.0         ,  0.0            
        92,  560.0          ,  1000.0         ,  0.0            
        93,  600.0          ,  1000.0         ,  0.0            
        94,  640.0          ,  1000.0         ,  0.0            
        95,  680.0          ,  1000.0         ,  0.0            
        96,  720.0          ,  1000.0         ,  0.0            
        97,  760.0          ,  1000.0         ,  0.0            
        98,  800.0          ,  1000.0         ,  0.0            
        99,  840.0          ,  1000.0         ,  0.0            
       100,  880.0          ,  1000.0         ,  0.0            
       101,  920.0          ,  1000.0         ,  0.0            
       102,  960.0          ,  1000.0         ,  0.0            
       103,  1000.0         ,  960.0          ,  0.0            
       104,  1000.0         ,  920.0          ,  0.0            
       105,  1000.0         ,  880.0          ,  0.0            
       106,  1000.0         ,  840.0          ,  0.0            
       107,  1000.0         ,  800.0          ,  0.0            
       108,  1000.0         ,  760.0          ,  0.0            
       109,  1000.0         ,  720.0          ,  0.0            
       110,  1000.0         ,  680.0          ,  0.0            
       111,  1000.0         ,  640.0          ,  0.0            
       112,  1000.0         ,  600.0          ,  0.0            
       113,  1000.0         ,  560.0          ,  0.0            
       114,  1000.0         ,  520.0          ,  0.0            
       115,  1000.0         ,  480.0          ,  0.0            
       116,  1000.0         ,  440.0          ,  0.0            
       117,  1000.0         ,  400.0          ,  0.0            
       118,  1000.0         ,  360.0          ,  0.0            
       119,  1000.0         ,  320.0          ,  0.0            
       120,  1000.0         ,  280.0          ,  0.0            
       121,  1000.0         ,  240.0          ,  0.0            
       122,  1000.0         ,  200.0          ,  0.0            
       123,  1000.0         ,  160.0          ,  0.0            
       124,  1000.0         ,  120.0          ,  0.0            
       125,  1000.0         ,  80.0           ,  0.0            
       126,  1000.0         ,  40.0           ,  0.0            
       127,  1000.0         ,  0.0            ,  0.0            
       128,  1000.0         ,  -40.0          ,  0.0            
       129,  1000.0         ,  -80.0          ,  0.0            
       130,  1000.0         ,  -120.0         ,  0.0            
       131,  1000.0         ,  -160.0         ,  0.0            
       132,  1000.0         ,  -200.0         ,  0.0            
       133,  1000.0         ,  -240.0         ,  0.0            
       134,  1000.0         ,  -280.0         ,  0.0            
       135,  1000.0         ,  -320.0         ,  0.0            
       136,  1000.0         ,  -360.0         ,  0.0            
       137,  1000.0         ,  -400.0         ,  0.0            
       138,  1000.0         ,  -440.0         ,  0.0            
       139,  1000.0         ,  -480.0         ,  0.0            
       140,  1000.0         ,  -520.0         ,  0.0            
       141,  1000.0         ,  -560.0         ,  0.0            
       142,  1000.0         ,  -600.0         ,  0.0            
       143,  1000.0         ,  -640.0         ,  0.0            
       144,  1000.0         ,  -680.0         ,  0.0            
       145,  1000.0         ,  -720.0         ,  0.0            
       146,  1000.0         ,  -760.0         ,  0.0            
       147,  1000.0         ,  -800.0         ,  0.0            
       148,  1000.0         ,  -840.0         ,  0.0            
       149,  1000.0         ,  -880.0         ,  0.0            
       150,  1000.0         ,  -920.0         ,  0.0            
       151,  1000.0         ,  -960.0         ,  0.0            
       152,  960.0          ,  -1000.0        ,  0.0            
       153,  920.0          ,  -1000.0        ,  0.0            
       154,  880.0          ,  -1000.0        ,  0.0            
       155,  840.0          ,  -1000.0        ,  0.0            
       156,  800.0          ,  -1000.0        ,  0.0            
       157,  760.0          ,  -1000.0        ,  0.0            
       158,  720.0          ,  -1000.0        ,  0.0            
       159,  680.0          ,  -1000.0        ,  0.0            
       160,  640.0          ,  -1000.0        ,  0.0            
       161,  600.0          ,  -1000.0        ,  0.0            
       162,  560.0          ,  -1000.0        ,  0.0            
       163,  520.0          ,  -1000.0        ,  0.0            
       164,  480.0          ,  -1000.0        ,  0.0            
       165,  440.0          ,  -1000.0        ,  0.0            
       166,  400.0          ,  -1000.0        ,  0.0            
       167,  360.0          ,  -1000.0        ,  0.0            
       168,  320.0          ,  -1000.0        ,  0.0            
       169,  280.0          ,  -1000.0        ,  0.0            
       170,  240.0          ,  -1000.0        ,  0.0            
       171,  200.0          ,  -1000.0        ,  0.0            
       172,  160.0          ,  -1000.0        ,  0.0            
       173,  120.0          ,  -1000.0        ,  0.0            
       174,  80.0           ,  -1000.0        ,  0.0            
       175,  40.0           ,  -1000.0        ,  0.0            
       176,  0.0            ,  -1000.0        ,  0.0            
       177,  -40.0          ,  -1000.0        ,  0.0            
       178,  -80.0          ,  -1000.0        ,  0.0            
       179,  -120.0         ,  -1000.0        ,  0.0            
       180,  -160.0         ,  -1000.0        ,  0.0            
       181,  -200.0         ,  -1000.0        ,  0.0            
       182,  -240.0         ,  -1000.0        ,  0.0            
       183,  -280.0         ,  -1000.0        ,  0.0            
       184,  -320.0         ,  -1000.0        ,  0.0            
       185,  -360.0         ,  -1000.0        ,  0.0            
       186,  -400.0         ,  -1000.0        ,  0.0            
       187,  -440.0         ,  -1000.0        ,  0.0            
       188,  -480.0         ,  -1000.0        ,  0.0            
       189,  -520.0         ,  -1000.0        ,  0.0            
       190,  -560.0         ,  -1000.0        ,  0.0            
       191,  -600.0         ,  -1000.0        ,  0.0            
       192,  -640.0         ,  -1000.0        ,  0.0            
       193,  -680.0         ,  -1000.0        ,  0.0            
       194,  -720.0         ,  -1000.0        ,  0.0            
       195,  -760.0         ,  -1000.0        ,  0.0            
       196,  -800.0         ,  -1000.0        ,  0.0            
       197,  -840.0         ,  -1000.0        ,  0.0            
       198,  -880.0         ,  -1000.0        ,  0.0            
       199,  -920.0         ,  -1000.0        ,  0.0            
       200,  -960.0         ,  -1000.0        ,  0.0            
       201,  960.0          ,  0.0            ,  0.0            
       202,  920.0          ,  0.0            ,  0.0            
       203,  880.0          ,  0.0            ,  0.0            
       204,  840.0          ,  0.0            ,  0.0            
       205,  800.0          ,  0.0            ,  0.0            
       206,  760.0          ,  0.0            ,  0.0            
       207,  720.0          ,  0.0            ,  0.0            
       208,  680.0          ,  0.0            ,  0.0            
       209,  640.0          ,  0.0            ,  0.0            
       210,  600.0          ,  0.0            ,  0.0            
       211,  560.0          ,  0.0            ,  0.0            
       212,  520.0          ,  0.0            ,  0.0            
       213,  480.0          ,  0.0            ,  0.0            
       214,  440.0          ,  0.0            ,  0.0            
       215,  400.0          ,  0.0            ,  0.0            
       216,  360.0          ,  0.0            ,  0.0            
       217,  320.0          ,  0.0			  ,  0.0            
       218,  280.0          ,  0.0            ,  0.0            
       219,  240.0          ,  0.0            ,  0.0            
       220,  200.0          ,  0.0            ,  0.0            
       221,  160.0          ,  0.0            ,  0.0            
       222,  120.0          ,  0.0            ,  0.0            
       223,  80.0           ,  0.0            ,  0.0            
       224,  40.0           ,  0.0            ,  0.0            
       225,  0.0            ,  0.0            ,  0.0            
       226,  -40.0          ,  0.0            ,  0.0            
       227,  -80.0          ,  0.0			  ,  0.0            
       228,  -120.0         ,  0.0			  ,  0.0            
       229,  -160.0         ,  0.0			  ,  0.0            
       230,  -200.0         ,  0.0            ,  0.0            
       231,  -240.0         ,  0.0            ,  0.0            
       232,  -280.0         ,  0.0            ,  0.0            
       233,  -320.0         ,  0.0			  ,  0.0            
       234,  -360.0         ,  0.0			  ,  0.0            
       235,  -400.0         ,  0.0			  ,  0.0            
       236,  -440.0         ,  0.0            ,  0.0            
       237,  -480.0         ,  0.0            ,  0.0            
       238,  -520.0         ,  0.0            ,  0.0            
       239,  -560.0         ,  0.0			  ,  0.0            
       240,  -600.0         ,  0.0			  ,  0.0            
       241,  -640.0         ,  0.0			  ,  0.0            
       242,  -680.0         ,  0.0			  ,  0.0            
       243,  -720.0         ,  0.0            ,  0.0            
       244,  -760.0         ,  0.0            ,  0.0            
       245,  -800.0         ,  0.0			  ,  0.0            
       246,  -840.0         ,  0.0			  ,  0.0            
       247,  -880.0         ,  0.0			  ,  0.0            
       248,  -920.0         ,  0.0			  ,  0.0            
       249,  -960.0         ,  0.0			  ,  0.0            
       250,  0.0            ,  40.0           ,  0.0            
       251,  0.0            ,  80.0           ,  0.0            
       252,  0.0            ,  120.0          ,  0.0            
       253,  0.0            ,  160.0          ,  0.0            
       254,  0.0            ,  200.0          ,  0.0            
       255,  0.0            ,  240.0          ,  0.0            
       256,  0.0            ,  280.0          ,  0.0            
       257,  0.0            ,  320.0          ,  0.0            
       258,  0.0            ,  360.0          ,  0.0            
       259,  0.0            ,  400.0          ,  0.0            
       260,  0.0            ,  440.0          ,  0.0            
       261,  0.0            ,  480.0          ,  0.0            
       262,  0.0            ,  520.0          ,  0.0            
       263,  0.0            ,  560.0          ,  0.0            
       264,  0.0            ,  600.0          ,  0.0            
       265,  0.0            ,  640.0          ,  0.0            
       266,  0.0            ,  680.0          ,  0.0            
       267,  0.0            ,  720.0          ,  0.0            
       268,  0.0            ,  760.0          ,  0.0            
       269,  0.0            ,  800.0          ,  0.0            
       270,  0.0            ,  840.0          ,  0.0            
       271,  0.0            ,  880.0          ,  0.0            
       272,  0.0            ,  920.0          ,  0.0            
       273,  0.0            ,  960.0          ,  0.0            
       274,  40.0           ,  480.0          ,  0.0            
       275,  80.0           ,  480.0          ,  0.0            
       276,  120.0          ,  480.0          ,  0.0            
       277,  160.0          ,  480.0          ,  0.0            
       278,  200.0          ,  480.0          ,  0.0            
       279,  240.0          ,  480.0          ,  0.0            
       280,  280.0          ,  480.0          ,  0.0            
       281,  320.0          ,  480.0          ,  0.0            
       282,  360.0          ,  480.0          ,  0.0            
       283,  400.0          ,  480.0          ,  0.0            
       284,  440.0          ,  480.0          ,  0.0            
       285,  480.0          ,  480.0          ,  0.0            
       286,  520.0          ,  480.0          ,  0.0            
       287,  560.0          ,  480.0          ,  0.0            
       288,  600.0          ,  480.0          ,  0.0            
       289,  640.0          ,  480.0          ,  0.0            
       290,  680.0          ,  480.0          ,  0.0            
       291,  720.0          ,  480.0          ,  0.0            
       292,  760.0          ,  480.0          ,  0.0            
       293,  800.0          ,  480.0          ,  0.0            
       294,  840.0          ,  480.0          ,  0.0            
       295,  880.0          ,  480.0          ,  0.0            
       296,  920.0          ,  480.0          ,  0.0            
       297,  960.0          ,  480.0          ,  0.0            
       298,  480.0          ,  440.0          ,  0.0            
       299,  480.0          ,  400.0          ,  0.0            
       300,  480.0          ,  360.0          ,  0.0            
       301,  480.0          ,  320.0          ,  0.0            
       302,  480.0          ,  280.0          ,  0.0            
       303,  480.0          ,  240.0          ,  0.0            
       304,  480.0          ,  200.0          ,  0.0            
       305,  480.0          ,  160.0          ,  0.0            
       306,  480.0          ,  120.0          ,  0.0            
       307,  480.0          ,  80.0           ,  0.0            
       308,  480.0          ,  40.0           ,  0.0            
       309,  440.0          ,  240.0          ,  0.0            
       310,  400.0          ,  240.0          ,  0.0            
       311,  360.0          ,  240.0          ,  0.0            
       312,  320.0          ,  240.0          ,  0.0            
       313,  280.0          ,  240.0          ,  0.0            
       314,  240.0          ,  240.0          ,  0.0            
       315,  200.0          ,  240.0          ,  0.0            
       316,  160.0          ,  240.0          ,  0.0            
       317,  120.0          ,  240.0          ,  0.0            
       318,  80.0           ,  240.0          ,  0.0            
       319,  40.0           ,  240.0          ,  0.0            
       320,  240.0          ,  280.0          ,  0.0            
       321,  240.0          ,  320.0          ,  0.0            
       322,  240.0          ,  360.0          ,  0.0            
       323,  240.0          ,  400.0          ,  0.0            
       324,  240.0          ,  440.0          ,  0.0            
       325,  280.0          ,  360.0          ,  0.0            
       326,  320.0          ,  360.0          ,  0.0            
       327,  360.0          ,  360.0          ,  0.0            
       328,  400.0          ,  360.0          ,  0.0            
       329,  440.0          ,  360.0          ,  0.0            
       330,  360.0          ,  320.0          ,  0.0            
       331,  360.0          ,  280.0          ,  0.0            
       332,  280.0          ,  320.0          ,  0.0            
       333,  280.0          ,  280.0          ,  0.0            
       334,  320.0          ,  320.0          ,  0.0            
       335,  320.0          ,  280.0          ,  0.0            
       336,  440.0          ,  320.0          ,  0.0            
       337,  400.0          ,  320.0          ,  0.0            
       338,  440.0          ,  280.0          ,  0.0            
       339,  400.0          ,  280.0          ,  0.0            
       340,  360.0          ,  440.0          ,  0.0            
       341,  360.0          ,  400.0          ,  0.0            
       342,  320.0          ,  440.0          ,  0.0            
       343,  280.0          ,  440.0          ,  0.0            
       344,  320.0          ,  400.0          ,  0.0            
       345,  280.0          ,  400.0          ,  0.0            
       346,  440.0          ,  440.0          ,  0.0            
       347,  400.0          ,  440.0          ,  0.0            
       348,  440.0          ,  400.0          ,  0.0            
       349,  400.0          ,  400.0          ,  0.0            
       350,  120.0          ,  280.0          ,  0.0            
       351,  120.0          ,  320.0          ,  0.0            
       352,  120.0          ,  360.0          ,  0.0            
       353,  120.0          ,  400.0          ,  0.0            
       354,  120.0          ,  440.0          ,  0.0            
       355,  160.0          ,  360.0          ,  0.0            
       356,  200.0          ,  360.0          ,  0.0            
       357,  160.0          ,  320.0          ,  0.0            
       358,  160.0          ,  280.0          ,  0.0            
       359,  200.0          ,  320.0          ,  0.0            
       360,  200.0          ,  280.0          ,  0.0            
       361,  160.0          ,  400.0          ,  0.0            
       362,  200.0          ,  400.0          ,  0.0            
       363,  160.0          ,  440.0          ,  0.0            
       364,  200.0          ,  440.0          ,  0.0            
       365,  40.0           ,  360.0          ,  0.0            
       366,  80.0           ,  360.0          ,  0.0            
       367,  40.0           ,  320.0          ,  0.0            
       368,  40.0           ,  280.0          ,  0.0            
       369,  80.0           ,  320.0          ,  0.0            
       370,  80.0           ,  280.0          ,  0.0            
       371,  40.0           ,  440.0          ,  0.0            
       372,  40.0           ,  400.0          ,  0.0            
       373,  80.0           ,  440.0          ,  0.0            
       374,  80.0           ,  400.0          ,  0.0            
       375,  240.0          ,  40.0           ,  0.0            
       376,  240.0          ,  80.0           ,  0.0            
       377,  240.0          ,  120.0          ,  0.0            
       378,  240.0          ,  160.0          ,  0.0            
       379,  240.0          ,  200.0          ,  0.0            
       380,  280.0          ,  120.0          ,  0.0            
       381,  320.0          ,  120.0          ,  0.0            
       382,  360.0          ,  120.0          ,  0.0            
       383,  400.0          ,  120.0          ,  0.0            
       384,  440.0          ,  120.0          ,  0.0            
       385,  360.0          ,  80.0           ,  0.0            
       386,  360.0          ,  40.0           ,  0.0            
       387,  320.0          ,  80.0           ,  0.0            
       388,  280.0          ,  80.0           ,  0.0            
       389,  320.0          ,  40.0           ,  0.0            
       390,  280.0          ,  40.0           ,  0.0            
       391,  440.0          ,  80.0           ,  0.0            
       392,  400.0          ,  80.0           ,  0.0            
       393,  440.0          ,  40.0           ,  0.0            
       394,  400.0          ,  40.0           ,  0.0            
       395,  360.0          ,  200.0          ,  0.0            
       396,  360.0          ,  160.0          ,  0.0            
       397,  320.0          ,  200.0          ,  0.0            
       398,  280.0          ,  200.0          ,  0.0            
       399,  320.0          ,  160.0          ,  0.0            
       400,  280.0          ,  160.0          ,  0.0            
       401,  400.0          ,  200.0          ,  0.0            
       402,  400.0          ,  160.0          ,  0.0            
       403,  440.0          ,  200.0          ,  0.0            
       404,  440.0          ,  160.0          ,  0.0            
       405,  40.0           ,  120.0          ,  0.0            
       406,  80.0           ,  120.0          ,  0.0            
       407,  120.0          ,  120.0          ,  0.0            
       408,  160.0          ,  120.0          ,  0.0            
       409,  200.0          ,  120.0          ,  0.0            
       410,  120.0          ,  80.0           ,  0.0            
       411,  120.0          ,  40.0           ,  0.0            
       412,  80.0           ,  80.0           ,  0.0            
       413,  40.0           ,  80.0           ,  0.0            
       414,  80.0           ,  40.0           ,  0.0            
       415,  40.0           ,  40.0           ,  0.0            
       416,  200.0          ,  80.0           ,  0.0            
       417,  160.0          ,  80.0           ,  0.0            
       418,  200.0          ,  40.0           ,  0.0            
       419,  160.0          ,  40.0           ,  0.0            
       420,  120.0          ,  200.0          ,  0.0            
       421,  120.0          ,  160.0          ,  0.0            
       422,  40.0           ,  200.0          ,  0.0            
       423,  40.0           ,  160.0          ,  0.0            
       424,  80.0           ,  200.0          ,  0.0            
       425,  80.0           ,  160.0          ,  0.0            
       426,  160.0          ,  200.0          ,  0.0            
       427,  160.0          ,  160.0          ,  0.0            
       428,  200.0          ,  200.0          ,  0.0            
       429,  200.0          ,  160.0          ,  0.0            
       430,  720.0          ,  440.0          ,  0.0            
       431,  720.0          ,  400.0          ,  0.0            
       432,  720.0          ,  360.0          ,  0.0            
       433,  720.0          ,  320.0          ,  0.0            
       434,  720.0          ,  280.0          ,  0.0            
       435,  720.0          ,  240.0          ,  0.0            
       436,  720.0          ,  200.0          ,  0.0            
       437,  720.0          ,  160.0          ,  0.0            
       438,  720.0          ,  120.0          ,  0.0            
       439,  720.0          ,  80.0           ,  0.0            
       440,  720.0          ,  40.0           ,  0.0            
       441,  680.0          ,  240.0          ,  0.0            
       442,  640.0          ,  240.0          ,  0.0            
       443,  600.0          ,  240.0          ,  0.0            
       444,  560.0          ,  240.0          ,  0.0            
       445,  520.0          ,  240.0          ,  0.0            
       446,  600.0          ,  280.0          ,  0.0            
       447,  600.0          ,  320.0          ,  0.0            
       448,  600.0          ,  360.0          ,  0.0            
       449,  600.0          ,  400.0          ,  0.0            
       450,  600.0          ,  440.0          ,  0.0            
       451,  640.0          ,  360.0          ,  0.0            
       452,  680.0          ,  360.0          ,  0.0            
       453,  640.0          ,  320.0          ,  0.0            
       454,  640.0          ,  280.0          ,  0.0            
       455,  680.0          ,  320.0          ,  0.0            
       456,  680.0          ,  280.0          ,  0.0            
       457,  640.0          ,  440.0          ,  0.0            
       458,  640.0          ,  400.0          ,  0.0            
       459,  680.0          ,  440.0          ,  0.0            
       460,  680.0          ,  400.0          ,  0.0            
       461,  520.0          ,  360.0          ,  0.0            
       462,  560.0          ,  360.0          ,  0.0            
       463,  520.0          ,  280.0          ,  0.0            
       464,  560.0          ,  280.0          ,  0.0            
       465,  520.0          ,  320.0          ,  0.0            
       466,  560.0          ,  320.0          ,  0.0            
       467,  520.0          ,  440.0          ,  0.0            
       468,  520.0          ,  400.0          ,  0.0            
       469,  560.0          ,  440.0          ,  0.0            
       470,  560.0          ,  400.0          ,  0.0            
       471,  680.0          ,  120.0          ,  0.0            
       472,  640.0          ,  120.0          ,  0.0            
       473,  600.0          ,  120.0          ,  0.0            
       474,  560.0          ,  120.0          ,  0.0            
       475,  520.0          ,  120.0          ,  0.0            
       476,  600.0          ,  160.0          ,  0.0            
       477,  600.0          ,  200.0          ,  0.0            
       478,  680.0          ,  160.0          ,  0.0            
       479,  680.0          ,  200.0          ,  0.0            
       480,  640.0          ,  160.0          ,  0.0            
       481,  640.0          ,  200.0          ,  0.0            
       482,  520.0          ,  160.0          ,  0.0            
       483,  560.0          ,  160.0          ,  0.0            
       484,  520.0          ,  200.0          ,  0.0            
       485,  560.0          ,  200.0          ,  0.0            
       486,  600.0          ,  40.0           ,  0.0            
       487,  600.0          ,  80.0           ,  0.0            
       488,  640.0          ,  40.0           ,  0.0            
       489,  680.0          ,  40.0           ,  0.0            
       490,  640.0          ,  80.0           ,  0.0            
       491,  680.0          ,  80.0           ,  0.0            
       492,  520.0          ,  40.0           ,  0.0            
       493,  560.0          ,  40.0           ,  0.0            
       494,  520.0          ,  80.0           ,  0.0            
       495,  560.0          ,  80.0           ,  0.0            
       496,  960.0          ,  240.0          ,  0.0            
       497,  920.0          ,  240.0          ,  0.0            
       498,  880.0          ,  240.0          ,  0.0            
       499,  840.0          ,  240.0          ,  0.0            
       500,  800.0          ,  240.0          ,  0.0            
       501,  760.0          ,  240.0          ,  0.0            
       502,  880.0          ,  280.0          ,  0.0            
       503,  880.0          ,  320.0          ,  0.0            
       504,  880.0          ,  360.0          ,  0.0            
       505,  880.0          ,  400.0          ,  0.0            
       506,  880.0          ,  440.0          ,  0.0            
       507,  920.0          ,  360.0          ,  0.0            
       508,  960.0          ,  360.0          ,  0.0            
       509,  920.0          ,  280.0          ,  0.0            
       510,  960.0          ,  280.0          ,  0.0            
       511,  920.0          ,  320.0          ,  0.0            
       512,  960.0          ,  320.0          ,  0.0            
       513,  920.0          ,  400.0          ,  0.0            
       514,  960.0          ,  400.0          ,  0.0            
       515,  920.0          ,  440.0          ,  0.0            
       516,  960.0          ,  440.0          ,  0.0            
       517,  760.0          ,  360.0          ,  0.0            
       518,  800.0          ,  360.0          ,  0.0            
       519,  840.0          ,  360.0          ,  0.0            
       520,  800.0          ,  320.0          ,  0.0            
       521,  800.0          ,  280.0          ,  0.0            
       522,  760.0          ,  320.0          ,  0.0            
       523,  760.0          ,  280.0          ,  0.0            
       524,  840.0          ,  320.0          ,  0.0            
       525,  840.0          ,  280.0          ,  0.0            
       526,  800.0          ,  440.0          ,  0.0            
       527,  800.0          ,  400.0          ,  0.0            
       528,  760.0          ,  440.0          ,  0.0            
       529,  760.0          ,  400.0          ,  0.0            
       530,  840.0          ,  440.0          ,  0.0            
       531,  840.0          ,  400.0          ,  0.0            
       532,  880.0          ,  40.0           ,  0.0            
       533,  880.0          ,  80.0           ,  0.0            
       534,  880.0          ,  120.0          ,  0.0            
       535,  880.0          ,  160.0          ,  0.0            
       536,  880.0          ,  200.0          ,  0.0            
       537,  920.0          ,  120.0          ,  0.0            
       538,  960.0          ,  120.0          ,  0.0            
       539,  920.0          ,  40.0           ,  0.0            
       540,  960.0          ,  40.0           ,  0.0            
       541,  920.0          ,  80.0           ,  0.0            
       542,  960.0          ,  80.0           ,  0.0            
       543,  920.0          ,  160.0          ,  0.0            
       544,  960.0          ,  160.0          ,  0.0            
       545,  920.0          ,  200.0          ,  0.0            
       546,  960.0          ,  200.0          ,  0.0            
       547,  760.0          ,  120.0          ,  0.0            
       548,  800.0          ,  120.0          ,  0.0            
       549,  840.0          ,  120.0          ,  0.0            
       550,  800.0          ,  80.0           ,  0.0            
       551,  800.0          ,  40.0           ,  0.0            
       552,  760.0          ,  80.0           ,  0.0            
       553,  760.0          ,  40.0           ,  0.0            
       554,  840.0          ,  80.0           ,  0.0            
       555,  840.0          ,  40.0           ,  0.0            
       556,  800.0          ,  200.0          ,  0.0            
       557,  800.0          ,  160.0          ,  0.0            
       558,  760.0          ,  200.0          ,  0.0            
       559,  760.0          ,  160.0          ,  0.0            
       560,  840.0          ,  200.0          ,  0.0            
       561,  840.0          ,  160.0          ,  0.0            
       562,  480.0          ,  960.0          ,  0.0            
       563,  480.0          ,  920.0          ,  0.0            
       564,  480.0          ,  880.0          ,  0.0            
       565,  480.0          ,  840.0          ,  0.0            
       566,  480.0          ,  800.0          ,  0.0            
       567,  480.0          ,  760.0          ,  0.0            
       568,  480.0          ,  720.0          ,  0.0            
       569,  480.0          ,  680.0          ,  0.0            
       570,  480.0          ,  640.0          ,  0.0            
       571,  480.0          ,  600.0          ,  0.0            
       572,  480.0          ,  560.0          ,  0.0            
       573,  480.0          ,  520.0          ,  0.0            
       574,  440.0          ,  760.0          ,  0.0            
       575,  400.0          ,  760.0          ,  0.0            
       576,  360.0          ,  760.0          ,  0.0            
       577,  320.0          ,  760.0          ,  0.0            
       578,  280.0          ,  760.0          ,  0.0            
       579,  240.0          ,  760.0          ,  0.0            
       580,  200.0          ,  760.0          ,  0.0            
       581,  160.0          ,  760.0          ,  0.0            
       582,  120.0          ,  760.0          ,  0.0            
       583,  80.0           ,  760.0          ,  0.0            
       584,  40.0           ,  760.0          ,  0.0            
       585,  240.0          ,  800.0          ,  0.0            
       586,  240.0          ,  840.0          ,  0.0            
       587,  240.0          ,  880.0          ,  0.0            
       588,  240.0          ,  920.0          ,  0.0            
       589,  240.0          ,  960.0          ,  0.0            
       590,  280.0          ,  880.0          ,  0.0            
       591,  320.0          ,  880.0          ,  0.0            
       592,  360.0          ,  880.0          ,  0.0            
       593,  400.0          ,  880.0          ,  0.0            
       594,  440.0          ,  880.0          ,  0.0            
       595,  360.0          ,  840.0          ,  0.0            
       596,  360.0          ,  800.0          ,  0.0            
       597,  320.0          ,  840.0          ,  0.0            
       598,  280.0          ,  840.0          ,  0.0            
       599,  320.0          ,  800.0          ,  0.0            
       600,  280.0          ,  800.0          ,  0.0            
       601,  440.0          ,  840.0          ,  0.0            
       602,  400.0          ,  840.0          ,  0.0            
       603,  440.0          ,  800.0          ,  0.0            
       604,  400.0          ,  800.0          ,  0.0            
       605,  360.0          ,  960.0          ,  0.0            
       606,  360.0          ,  920.0          ,  0.0            
       607,  280.0          ,  960.0          ,  0.0            
       608,  280.0          ,  920.0          ,  0.0            
       609,  320.0          ,  960.0          ,  0.0            
       610,  320.0          ,  920.0          ,  0.0            
       611,  400.0          ,  960.0          ,  0.0            
       612,  400.0          ,  920.0          ,  0.0            
       613,  440.0          ,  960.0          ,  0.0            
       614,  440.0          ,  920.0          ,  0.0            
       615,  40.0           ,  880.0          ,  0.0            
       616,  80.0           ,  880.0          ,  0.0            
       617,  120.0          ,  880.0          ,  0.0            
       618,  160.0          ,  880.0          ,  0.0            
       619,  200.0          ,  880.0          ,  0.0            
       620,  120.0          ,  840.0          ,  0.0            
       621,  120.0          ,  800.0          ,  0.0            
       622,  80.0           ,  840.0          ,  0.0            
       623,  40.0           ,  840.0          ,  0.0            
       624,  80.0           ,  800.0          ,  0.0            
       625,  40.0           ,  800.0          ,  0.0            
       626,  160.0          ,  840.0          ,  0.0            
       627,  160.0          ,  800.0          ,  0.0            
       628,  200.0          ,  840.0          ,  0.0            
       629,  200.0          ,  800.0          ,  0.0            
       630,  120.0          ,  960.0          ,  0.0            
       631,  120.0          ,  920.0          ,  0.0            
       632,  40.0           ,  960.0          ,  0.0            
       633,  40.0           ,  920.0          ,  0.0            
       634,  80.0           ,  960.0          ,  0.0            
       635,  80.0           ,  920.0          ,  0.0            
       636,  160.0          ,  960.0          ,  0.0            
       637,  160.0          ,  920.0          ,  0.0            
       638,  200.0          ,  960.0          ,  0.0            
       639,  200.0          ,  920.0          ,  0.0            
       640,  240.0          ,  520.0          ,  0.0            
       641,  240.0          ,  560.0          ,  0.0            
       642,  240.0          ,  600.0          ,  0.0            
       643,  240.0          ,  640.0          ,  0.0            
       644,  240.0          ,  680.0          ,  0.0            
       645,  240.0          ,  720.0          ,  0.0            
       646,  280.0          ,  600.0          ,  0.0            
       647,  320.0          ,  600.0          ,  0.0            
       648,  360.0          ,  600.0          ,  0.0            
       649,  400.0          ,  600.0          ,  0.0            
       650,  440.0          ,  600.0          ,  0.0            
       651,  360.0          ,  560.0          ,  0.0            
       652,  360.0          ,  520.0          ,  0.0            
       653,  320.0          ,  560.0          ,  0.0            
       654,  280.0          ,  560.0          ,  0.0            
       655,  320.0          ,  520.0          ,  0.0            
       656,  280.0          ,  520.0          ,  0.0            
       657,  440.0          ,  560.0          ,  0.0            
       658,  400.0          ,  560.0          ,  0.0            
       659,  440.0          ,  520.0          ,  0.0            
       660,  400.0          ,  520.0          ,  0.0            
       661,  360.0          ,  720.0          ,  0.0            
       662,  360.0          ,  680.0          ,  0.0            
       663,  360.0          ,  640.0          ,  0.0            
       664,  320.0          ,  680.0          ,  0.0            
       665,  280.0          ,  680.0          ,  0.0            
       666,  320.0          ,  720.0          ,  0.0            
       667,  280.0          ,  720.0          ,  0.0            
       668,  320.0          ,  640.0          ,  0.0            
       669,  280.0          ,  640.0          ,  0.0            
       670,  440.0          ,  680.0          ,  0.0            
       671,  400.0          ,  680.0          ,  0.0            
       672,  440.0          ,  720.0          ,  0.0            
       673,  400.0          ,  720.0          ,  0.0            
       674,  440.0          ,  640.0          ,  0.0            
       675,  400.0          ,  640.0          ,  0.0            
       676,  40.0           ,  600.0          ,  0.0            
       677,  80.0           ,  600.0          ,  0.0            
       678,  120.0          ,  600.0          ,  0.0            
       679,  160.0          ,  600.0          ,  0.0            
       680,  200.0          ,  600.0          ,  0.0            
       681,  120.0          ,  560.0          ,  0.0            
       682,  120.0          ,  520.0          ,  0.0            
       683,  80.0           ,  560.0          ,  0.0            
       684,  40.0           ,  560.0          ,  0.0            
       685,  80.0           ,  520.0          ,  0.0            
       686,  40.0           ,  520.0          ,  0.0            
       687,  200.0          ,  560.0          ,  0.0            
       688,  160.0          ,  560.0          ,  0.0            
       689,  200.0          ,  520.0          ,  0.0            
       690,  160.0          ,  520.0          ,  0.0            
       691,  120.0          ,  720.0          ,  0.0            
       692,  120.0          ,  680.0          ,  0.0            
       693,  120.0          ,  640.0          ,  0.0            
       694,  80.0           ,  680.0          ,  0.0            
       695,  40.0           ,  680.0          ,  0.0            
       696,  80.0           ,  720.0          ,  0.0            
       697,  40.0           ,  720.0          ,  0.0            
       698,  80.0           ,  640.0          ,  0.0            
       699,  40.0           ,  640.0          ,  0.0            
       700,  200.0          ,  680.0          ,  0.0            
       701,  160.0          ,  680.0          ,  0.0            
       702,  200.0          ,  720.0          ,  0.0            
       703,  160.0          ,  720.0          ,  0.0            
       704,  200.0          ,  640.0          ,  0.0            
       705,  160.0          ,  640.0          ,  0.0            
       706,  720.0          ,  960.0          ,  0.0            
       707,  720.0          ,  920.0          ,  0.0            
       708,  720.0          ,  880.0          ,  0.0            
       709,  720.0          ,  840.0          ,  0.0            
       710,  720.0          ,  800.0          ,  0.0            
       711,  720.0          ,  760.0          ,  0.0            
       712,  720.0          ,  720.0          ,  0.0            
       713,  720.0          ,  680.0          ,  0.0            
       714,  720.0          ,  640.0          ,  0.0            
       715,  720.0          ,  600.0          ,  0.0            
       716,  720.0          ,  560.0          ,  0.0            
       717,  720.0          ,  520.0          ,  0.0            
       718,  680.0          ,  760.0          ,  0.0            
       719,  640.0          ,  760.0          ,  0.0            
       720,  600.0          ,  760.0          ,  0.0            
       721,  560.0          ,  760.0          ,  0.0            
       722,  520.0          ,  760.0          ,  0.0            
       723,  600.0          ,  800.0          ,  0.0            
       724,  600.0          ,  840.0          ,  0.0            
       725,  600.0          ,  880.0          ,  0.0            
       726,  600.0          ,  920.0          ,  0.0            
       727,  600.0          ,  960.0          ,  0.0            
       728,  640.0          ,  880.0          ,  0.0            
       729,  680.0          ,  880.0          ,  0.0            
       730,  640.0          ,  840.0          ,  0.0            
       731,  640.0          ,  800.0          ,  0.0            
       732,  680.0          ,  840.0          ,  0.0            
       733,  680.0          ,  800.0          ,  0.0            
       734,  640.0          ,  920.0          ,  0.0            
       735,  680.0          ,  920.0          ,  0.0            
       736,  640.0          ,  960.0          ,  0.0            
       737,  680.0          ,  960.0          ,  0.0            
       738,  520.0          ,  880.0          ,  0.0            
       739,  560.0          ,  880.0          ,  0.0            
       740,  520.0          ,  840.0          ,  0.0            
       741,  520.0          ,  800.0          ,  0.0            
       742,  560.0          ,  840.0          ,  0.0            
       743,  560.0          ,  800.0          ,  0.0            
       744,  520.0          ,  960.0          ,  0.0            
       745,  520.0          ,  920.0          ,  0.0            
       746,  560.0          ,  960.0          ,  0.0            
       747,  560.0          ,  920.0          ,  0.0            
       748,  680.0          ,  640.0          ,  0.0            
       749,  640.0          ,  640.0          ,  0.0            
       750,  600.0          ,  640.0          ,  0.0            
       751,  560.0          ,  640.0          ,  0.0            
       752,  520.0          ,  640.0          ,  0.0            
       753,  600.0          ,  680.0          ,  0.0            
       754,  600.0          ,  720.0          ,  0.0            
       755,  640.0          ,  680.0          ,  0.0            
       756,  680.0          ,  680.0          ,  0.0            
       757,  640.0          ,  720.0          ,  0.0            
       758,  680.0          ,  720.0          ,  0.0            
       759,  520.0          ,  680.0          ,  0.0            
       760,  560.0          ,  680.0          ,  0.0            
       761,  520.0          ,  720.0          ,  0.0            
       762,  560.0          ,  720.0          ,  0.0            
       763,  600.0          ,  520.0          ,  0.0            
       764,  600.0          ,  560.0          ,  0.0            
       765,  600.0          ,  600.0          ,  0.0            
       766,  640.0          ,  560.0          ,  0.0            
       767,  680.0          ,  560.0          ,  0.0            
       768,  640.0          ,  520.0          ,  0.0            
       769,  680.0          ,  520.0          ,  0.0            
       770,  640.0          ,  600.0          ,  0.0            
       771,  680.0          ,  600.0          ,  0.0            
       772,  520.0          ,  560.0          ,  0.0            
       773,  560.0          ,  560.0          ,  0.0            
       774,  520.0          ,  520.0          ,  0.0            
       775,  560.0          ,  520.0          ,  0.0            
       776,  520.0          ,  600.0          ,  0.0            
       777,  560.0          ,  600.0          ,  0.0            
       778,  960.0          ,  760.0          ,  0.0            
       779,  920.0          ,  760.0          ,  0.0            
       780,  880.0          ,  760.0          ,  0.0            
       781,  840.0          ,  760.0          ,  0.0            
       782,  800.0          ,  760.0          ,  0.0            
       783,  760.0          ,  760.0          ,  0.0            
       784,  880.0          ,  800.0          ,  0.0            
       785,  880.0          ,  840.0          ,  0.0            
       786,  880.0          ,  880.0          ,  0.0            
       787,  880.0          ,  920.0          ,  0.0            
       788,  880.0          ,  960.0          ,  0.0            
       789,  920.0          ,  880.0          ,  0.0            
       790,  960.0          ,  880.0          ,  0.0            
       791,  920.0          ,  840.0          ,  0.0            
       792,  920.0          ,  800.0          ,  0.0            
       793,  960.0          ,  840.0          ,  0.0            
       794,  960.0          ,  800.0          ,  0.0            
       795,  920.0          ,  960.0          ,  0.0            
       796,  920.0          ,  920.0          ,  0.0            
       797,  960.0          ,  960.0          ,  0.0            
       798,  960.0          ,  920.0          ,  0.0            
       799,  760.0          ,  880.0          ,  0.0            
       800,  800.0          ,  880.0          ,  0.0            
       801,  840.0          ,  880.0          ,  0.0            
       802,  800.0          ,  840.0          ,  0.0            
       803,  800.0          ,  800.0          ,  0.0            
       804,  760.0          ,  840.0          ,  0.0            
       805,  760.0          ,  800.0          ,  0.0            
       806,  840.0          ,  840.0          ,  0.0            
       807,  840.0          ,  800.0          ,  0.0            
       808,  800.0          ,  960.0          ,  0.0            
       809,  800.0          ,  920.0          ,  0.0            
       810,  760.0          ,  960.0          ,  0.0            
       811,  760.0          ,  920.0          ,  0.0            
       812,  840.0          ,  960.0          ,  0.0            
       813,  840.0          ,  920.0          ,  0.0            
       814,  960.0          ,  640.0          ,  0.0            
       815,  920.0          ,  640.0          ,  0.0            
       816,  880.0          ,  640.0          ,  0.0            
       817,  840.0          ,  640.0          ,  0.0            
       818,  800.0          ,  640.0          ,  0.0            
       819,  760.0          ,  640.0          ,  0.0            
       820,  880.0          ,  680.0          ,  0.0            
       821,  880.0          ,  720.0          ,  0.0            
       822,  920.0          ,  680.0          ,  0.0            
       823,  960.0          ,  680.0          ,  0.0            
       824,  920.0          ,  720.0          ,  0.0            
       825,  960.0          ,  720.0          ,  0.0            
       826,  800.0          ,  680.0          ,  0.0            
       827,  800.0          ,  720.0          ,  0.0            
       828,  840.0          ,  680.0          ,  0.0            
       829,  840.0          ,  720.0          ,  0.0            
       830,  760.0          ,  680.0          ,  0.0            
       831,  760.0          ,  720.0          ,  0.0            
       832,  880.0          ,  520.0          ,  0.0            
       833,  880.0          ,  560.0          ,  0.0            
       834,  880.0          ,  600.0          ,  0.0            
       835,  920.0          ,  560.0          ,  0.0            
       836,  960.0          ,  560.0          ,  0.0            
       837,  920.0          ,  520.0          ,  0.0            
       838,  960.0          ,  520.0          ,  0.0            
       839,  920.0          ,  600.0          ,  0.0            
       840,  960.0          ,  600.0          ,  0.0            
       841,  800.0          ,  520.0          ,  0.0            
       842,  800.0          ,  560.0          ,  0.0            
       843,  800.0          ,  600.0          ,  0.0            
       844,  840.0          ,  560.0          ,  0.0            
       845,  840.0          ,  520.0          ,  0.0            
       846,  840.0          ,  600.0          ,  0.0            
       847,  760.0          ,  560.0          ,  0.0            
       848,  760.0          ,  520.0          ,  0.0            
       849,  760.0          ,  600.0          ,  0.0            
       850,  -960.0         ,  480.0          ,  0.0            
       851,  -920.0         ,  480.0          ,  0.0            
       852,  -880.0         ,  480.0          ,  0.0            
       853,  -840.0         ,  480.0          ,  0.0            
       854,  -800.0         ,  480.0          ,  0.0            
       855,  -760.0         ,  480.0          ,  0.0            
       856,  -720.0         ,  480.0          ,  0.0            
       857,  -680.0         ,  480.0          ,  0.0            
       858,  -640.0         ,  480.0          ,  0.0            
       859,  -600.0         ,  480.0          ,  0.0            
       860,  -560.0         ,  480.0          ,  0.0            
       861,  -520.0         ,  480.0          ,  0.0            
       862,  -480.0         ,  480.0          ,  0.0            
       863,  -440.0         ,  480.0          ,  0.0            
       864,  -400.0         ,  480.0          ,  0.0            
       865,  -360.0         ,  480.0          ,  0.0            
       866,  -320.0         ,  480.0          ,  0.0            
       867,  -280.0         ,  480.0          ,  0.0            
       868,  -240.0         ,  480.0          ,  0.0            
       869,  -200.0         ,  480.0          ,  0.0            
       870,  -160.0         ,  480.0          ,  0.0            
       871,  -120.0         ,  480.0          ,  0.0            
       872,  -80.0          ,  480.0          ,  0.0            
       873,  -40.0          ,  480.0          ,  0.0            
       874,  -520.0         ,  440.0          ,  0.0            
       875,  -520.0         ,  400.0          ,  0.0            
       876,  -520.0         ,  360.0          ,  0.0            
       877,  -520.0         ,  320.0          ,  0.0            
       878,  -520.0         ,  280.0          ,  0.0            
       879,  -520.0         ,  240.0          ,  0.0            
       880,  -520.0         ,  200.0          ,  0.0            
       881,  -520.0         ,  160.0          ,  0.0            
       882,  -520.0         ,  120.0          ,  0.0            
       883,  -520.0         ,  80.0           ,  0.0            
       884,  -520.0         ,  40.0           ,  0.0            
       885,  -760.0         ,  440.0          ,  0.0            
       886,  -760.0         ,  400.0          ,  0.0            
       887,  -760.0         ,  360.0          ,  0.0            
       888,  -760.0         ,  320.0          ,  0.0            
       889,  -760.0         ,  280.0          ,  0.0            
       890,  -760.0         ,  240.0          ,  0.0            
       891,  -760.0         ,  200.0          ,  0.0            
       892,  -760.0         ,  160.0          ,  0.0            
       893,  -760.0         ,  120.0          ,  0.0            
       894,  -760.0         ,  80.0           ,  0.0            
       895,  -760.0         ,  40.0           ,  0.0            
       896,  -800.0         ,  240.0          ,  0.0            
       897,  -840.0         ,  240.0          ,  0.0            
       898,  -880.0         ,  240.0          ,  0.0            
       899,  -920.0         ,  240.0          ,  0.0            
       900,  -960.0         ,  240.0          ,  0.0            
       901,  -880.0         ,  280.0          ,  0.0            
       902,  -880.0         ,  320.0          ,  0.0            
       903,  -880.0         ,  360.0          ,  0.0            
       904,  -880.0         ,  400.0          ,  0.0            
       905,  -880.0         ,  440.0          ,  0.0            
       906,  -840.0         ,  360.0          ,  0.0            
       907,  -800.0         ,  360.0          ,  0.0            
       908,  -840.0         ,  320.0          ,  0.0            
       909,  -840.0         ,  280.0          ,  0.0            
       910,  -800.0         ,  320.0          ,  0.0            
       911,  -800.0         ,  280.0          ,  0.0            
       912,  -840.0         ,  400.0          ,  0.0            
       913,  -800.0         ,  400.0          ,  0.0            
       914,  -840.0         ,  440.0          ,  0.0            
       915,  -800.0         ,  440.0          ,  0.0            
       916,  -960.0         ,  360.0          ,  0.0            
       917,  -920.0         ,  360.0          ,  0.0            
       918,  -960.0         ,  320.0          ,  0.0            
       919,  -960.0         ,  280.0          ,  0.0            
       920,  -920.0         ,  320.0          ,  0.0            
       921,  -920.0         ,  280.0          ,  0.0            
       922,  -960.0         ,  440.0          ,  0.0            
       923,  -960.0         ,  400.0          ,  0.0            
       924,  -920.0         ,  440.0          ,  0.0            
       925,  -920.0         ,  400.0          ,  0.0            
       926,  -880.0         ,  40.0           ,  0.0            
       927,  -880.0         ,  80.0           ,  0.0            
       928,  -880.0         ,  120.0          ,  0.0            
       929,  -880.0         ,  160.0          ,  0.0            
       930,  -880.0         ,  200.0          ,  0.0            
       931,  -840.0         ,  120.0          ,  0.0            
       932,  -800.0         ,  120.0          ,  0.0            
       933,  -840.0         ,  80.0           ,  0.0            
       934,  -840.0         ,  40.0           ,  0.0            
       935,  -800.0         ,  80.0           ,  0.0            
       936,  -800.0         ,  40.0           ,  0.0            
       937,  -840.0         ,  160.0          ,  0.0            
       938,  -800.0         ,  160.0          ,  0.0            
       939,  -840.0         ,  200.0          ,  0.0            
       940,  -800.0         ,  200.0          ,  0.0            
       941,  -960.0         ,  120.0          ,  0.0            
       942,  -920.0         ,  120.0          ,  0.0            
       943,  -960.0         ,  80.0           ,  0.0            
       944,  -960.0         ,  40.0           ,  0.0            
       945,  -920.0         ,  80.0           ,  0.0            
       946,  -920.0         ,  40.0           ,  0.0            
       947,  -960.0         ,  200.0          ,  0.0            
       948,  -960.0         ,  160.0          ,  0.0            
       949,  -920.0         ,  200.0          ,  0.0            
       950,  -920.0         ,  160.0          ,  0.0            
       951,  -560.0         ,  240.0          ,  0.0            
       952,  -600.0         ,  240.0          ,  0.0            
       953,  -640.0         ,  240.0          ,  0.0            
       954,  -680.0         ,  240.0          ,  0.0            
       955,  -720.0         ,  240.0          ,  0.0            
       956,  -640.0         ,  280.0          ,  0.0            
       957,  -640.0         ,  320.0          ,  0.0            
       958,  -640.0         ,  360.0          ,  0.0            
       959,  -640.0         ,  400.0          ,  0.0            
       960,  -640.0         ,  440.0          ,  0.0            
       961,  -600.0         ,  360.0          ,  0.0            
       962,  -560.0         ,  360.0          ,  0.0            
       963,  -600.0         ,  320.0          ,  0.0            
       964,  -600.0         ,  280.0          ,  0.0            
       965,  -560.0         ,  320.0          ,  0.0            
       966,  -560.0         ,  280.0          ,  0.0            
       967,  -600.0         ,  400.0          ,  0.0            
       968,  -560.0         ,  400.0          ,  0.0            
       969,  -600.0         ,  440.0          ,  0.0            
       970,  -560.0         ,  440.0          ,  0.0            
       971,  -720.0         ,  360.0          ,  0.0            
       972,  -680.0         ,  360.0          ,  0.0            
       973,  -720.0         ,  320.0          ,  0.0            
       974,  -720.0         ,  280.0          ,  0.0            
       975,  -680.0         ,  320.0          ,  0.0            
       976,  -680.0         ,  280.0          ,  0.0            
       977,  -720.0         ,  400.0          ,  0.0            
       978,  -680.0         ,  400.0          ,  0.0            
       979,  -720.0         ,  440.0          ,  0.0            
       980,  -680.0         ,  440.0          ,  0.0            
       981,  -640.0         ,  40.0           ,  0.0            
       982,  -640.0         ,  80.0           ,  0.0            
       983,  -640.0         ,  120.0          ,  0.0            
       984,  -640.0         ,  160.0          ,  0.0            
       985,  -640.0         ,  200.0          ,  0.0            
       986,  -600.0         ,  120.0          ,  0.0            
       987,  -560.0         ,  120.0          ,  0.0            
       988,  -600.0         ,  40.0           ,  0.0            
       989,  -560.0         ,  40.0           ,  0.0            
       990,  -600.0         ,  80.0           ,  0.0            
       991,  -560.0         ,  80.0           ,  0.0            
       992,  -600.0         ,  160.0          ,  0.0            
       993,  -560.0         ,  160.0          ,  0.0            
       994,  -600.0         ,  200.0          ,  0.0            
       995,  -560.0         ,  200.0          ,  0.0            
       996,  -720.0         ,  120.0          ,  0.0            
       997,  -680.0         ,  120.0          ,  0.0            
       998,  -720.0         ,  80.0           ,  0.0            
       999,  -720.0         ,  40.0           ,  0.0            
      1000,  -680.0         ,  80.0           ,  0.0            
      1001,  -680.0         ,  40.0           ,  0.0            
      1002,  -720.0         ,  200.0          ,  0.0            
      1003,  -720.0         ,  160.0          ,  0.0            
      1004,  -680.0         ,  200.0          ,  0.0            
      1005,  -680.0         ,  160.0          ,  0.0            
      1006,  -280.0         ,  440.0          ,  0.0            
      1007,  -280.0         ,  400.0          ,  0.0            
      1008,  -280.0         ,  360.0          ,  0.0            
      1009,  -280.0         ,  320.0          ,  0.0            
      1010,  -280.0         ,  280.0          ,  0.0            
      1011,  -280.0         ,  240.0          ,  0.0            
      1012,  -280.0         ,  200.0          ,  0.0            
      1013,  -280.0         ,  160.0          ,  0.0            
      1014,  -280.0         ,  120.0          ,  0.0            
      1015,  -280.0         ,  80.0           ,  0.0            
      1016,  -280.0         ,  40.0           ,  0.0            
      1017,  -320.0         ,  240.0          ,  0.0            
      1018,  -360.0         ,  240.0          ,  0.0            
      1019,  -400.0         ,  240.0          ,  0.0            
      1020,  -440.0         ,  240.0          ,  0.0            
      1021,  -480.0         ,  240.0          ,  0.0            
      1022,  -400.0         ,  280.0          ,  0.0            
      1023,  -400.0         ,  320.0          ,  0.0            
      1024,  -400.0         ,  360.0          ,  0.0            
      1025,  -400.0         ,  400.0          ,  0.0            
      1026,  -400.0         ,  440.0          ,  0.0            
      1027,  -360.0         ,  360.0          ,  0.0            
      1028,  -320.0         ,  360.0          ,  0.0            
      1029,  -360.0         ,  320.0          ,  0.0            
      1030,  -360.0         ,  280.0          ,  0.0            
      1031,  -320.0         ,  320.0          ,  0.0            
      1032,  -320.0         ,  280.0          ,  0.0            
      1033,  -360.0         ,  400.0          ,  0.0            
      1034,  -320.0         ,  400.0          ,  0.0            
      1035,  -360.0         ,  440.0          ,  0.0            
      1036,  -320.0         ,  440.0          ,  0.0            
      1037,  -480.0         ,  360.0          ,  0.0            
      1038,  -440.0         ,  360.0          ,  0.0            
      1039,  -480.0         ,  320.0          ,  0.0            
      1040,  -480.0         ,  280.0          ,  0.0            
      1041,  -440.0         ,  320.0          ,  0.0            
      1042,  -440.0         ,  280.0          ,  0.0            
      1043,  -480.0         ,  400.0          ,  0.0            
      1044,  -440.0         ,  400.0          ,  0.0            
      1045,  -480.0         ,  440.0          ,  0.0            
      1046,  -440.0         ,  440.0          ,  0.0            
      1047,  -400.0         ,  40.0           ,  0.0            
      1048,  -400.0         ,  80.0           ,  0.0            
      1049,  -400.0         ,  120.0          ,  0.0            
      1050,  -400.0         ,  160.0          ,  0.0            
      1051,  -400.0         ,  200.0          ,  0.0            
      1052,  -360.0         ,  120.0          ,  0.0            
      1053,  -320.0         ,  120.0          ,  0.0            
      1054,  -360.0         ,  40.0           ,  0.0            
      1055,  -320.0         ,  40.0           ,  0.0            
      1056,  -360.0         ,  80.0           ,  0.0            
      1057,  -320.0         ,  80.0           ,  0.0            
      1058,  -360.0         ,  200.0          ,  0.0            
      1059,  -360.0         ,  160.0          ,  0.0            
      1060,  -320.0         ,  200.0          ,  0.0            
      1061,  -320.0         ,  160.0          ,  0.0            
      1062,  -480.0         ,  120.0          ,  0.0            
      1063,  -440.0         ,  120.0          ,  0.0            
      1064,  -480.0         ,  40.0           ,  0.0            
      1065,  -440.0         ,  40.0           ,  0.0            
      1066,  -480.0         ,  80.0           ,  0.0            
      1067,  -440.0         ,  80.0           ,  0.0            
      1068,  -480.0         ,  200.0          ,  0.0            
      1069,  -480.0         ,  160.0          ,  0.0            
      1070,  -440.0         ,  200.0          ,  0.0            
      1071,  -440.0         ,  160.0          ,  0.0            
      1072,  -40.0          ,  240.0          ,  0.0            
      1073,  -80.0          ,  240.0          ,  0.0            
      1074,  -120.0         ,  240.0          ,  0.0            
      1075,  -160.0         ,  240.0          ,  0.0            
      1076,  -200.0         ,  240.0          ,  0.0            
      1077,  -240.0         ,  240.0          ,  0.0            
      1078,  -120.0         ,  280.0          ,  0.0            
      1079,  -120.0         ,  320.0          ,  0.0            
      1080,  -120.0         ,  360.0          ,  0.0            
      1081,  -120.0         ,  400.0          ,  0.0            
      1082,  -120.0         ,  440.0          ,  0.0            
      1083,  -80.0          ,  360.0          ,  0.0            
      1084,  -40.0          ,  360.0          ,  0.0            
      1085,  -80.0          ,  320.0          ,  0.0            
      1086,  -80.0          ,  280.0          ,  0.0            
      1087,  -40.0          ,  320.0          ,  0.0            
      1088,  -40.0          ,  280.0          ,  0.0            
      1089,  -80.0          ,  440.0          ,  0.0            
      1090,  -80.0          ,  400.0          ,  0.0            
      1091,  -40.0          ,  440.0          ,  0.0            
      1092,  -40.0          ,  400.0          ,  0.0            
      1093,  -240.0         ,  360.0          ,  0.0            
      1094,  -200.0         ,  360.0          ,  0.0            
      1095,  -160.0         ,  360.0          ,  0.0            
      1096,  -200.0         ,  320.0          ,  0.0            
      1097,  -200.0         ,  280.0          ,  0.0            
      1098,  -240.0         ,  320.0          ,  0.0            
      1099,  -240.0         ,  280.0          ,  0.0            
      1100,  -160.0         ,  320.0          ,  0.0            
      1101,  -160.0         ,  280.0          ,  0.0            
      1102,  -200.0         ,  440.0          ,  0.0            
      1103,  -200.0         ,  400.0          ,  0.0            
      1104,  -240.0         ,  440.0          ,  0.0            
      1105,  -240.0         ,  400.0          ,  0.0            
      1106,  -160.0         ,  440.0          ,  0.0            
      1107,  -160.0         ,  400.0          ,  0.0            
      1108,  -120.0         ,  40.0           ,  0.0            
      1109,  -120.0         ,  80.0           ,  0.0            
      1110,  -120.0         ,  120.0          ,  0.0            
      1111,  -120.0         ,  160.0          ,  0.0            
      1112,  -120.0         ,  200.0          ,  0.0            
      1113,  -80.0          ,  120.0          ,  0.0            
      1114,  -40.0          ,  120.0          ,  0.0            
      1115,  -80.0          ,  40.0           ,  0.0            
      1116,  -40.0          ,  40.0           ,  0.0            
      1117,  -80.0          ,  80.0           ,  0.0            
      1118,  -40.0          ,  80.0           ,  0.0            
      1119,  -80.0          ,  200.0          ,  0.0            
      1120,  -80.0          ,  160.0          ,  0.0            
      1121,  -40.0          ,  200.0          ,  0.0            
      1122,  -40.0          ,  160.0          ,  0.0            
      1123,  -240.0         ,  120.0          ,  0.0            
      1124,  -200.0         ,  120.0          ,  0.0            
      1125,  -160.0         ,  120.0          ,  0.0            
      1126,  -200.0         ,  80.0           ,  0.0            
      1127,  -200.0         ,  40.0           ,  0.0            
      1128,  -240.0         ,  80.0           ,  0.0            
      1129,  -240.0         ,  40.0           ,  0.0            
      1130,  -160.0         ,  80.0           ,  0.0            
      1131,  -160.0         ,  40.0           ,  0.0            
      1132,  -200.0         ,  200.0          ,  0.0            
      1133,  -200.0         ,  160.0          ,  0.0            
      1134,  -240.0         ,  200.0          ,  0.0            
      1135,  -240.0         ,  160.0          ,  0.0            
      1136,  -160.0         ,  200.0          ,  0.0            
      1137,  -160.0         ,  160.0          ,  0.0            
      1138,  -520.0         ,  960.0          ,  0.0            
      1139,  -520.0         ,  920.0          ,  0.0            
      1140,  -520.0         ,  880.0          ,  0.0            
      1141,  -520.0         ,  840.0          ,  0.0            
      1142,  -520.0         ,  800.0          ,  0.0            
      1143,  -520.0         ,  760.0          ,  0.0            
      1144,  -520.0         ,  720.0          ,  0.0            
      1145,  -520.0         ,  680.0          ,  0.0            
      1146,  -520.0         ,  640.0          ,  0.0            
      1147,  -520.0         ,  600.0          ,  0.0            
      1148,  -520.0         ,  560.0          ,  0.0            
      1149,  -520.0         ,  520.0          ,  0.0            
      1150,  -560.0         ,  760.0          ,  0.0            
      1151,  -600.0         ,  760.0          ,  0.0            
      1152,  -640.0         ,  760.0          ,  0.0            
      1153,  -680.0         ,  760.0          ,  0.0            
      1154,  -720.0         ,  760.0          ,  0.0            
      1155,  -760.0         ,  760.0          ,  0.0            
      1156,  -800.0         ,  760.0          ,  0.0            
      1157,  -840.0         ,  760.0          ,  0.0            
      1158,  -880.0         ,  760.0          ,  0.0            
      1159,  -920.0         ,  760.0          ,  0.0            
      1160,  -960.0         ,  760.0          ,  0.0            
      1161,  -760.0         ,  800.0          ,  0.0            
      1162,  -760.0         ,  840.0          ,  0.0            
      1163,  -760.0         ,  880.0          ,  0.0            
      1164,  -760.0         ,  920.0          ,  0.0            
      1165,  -760.0         ,  960.0          ,  0.0            
      1166,  -720.0         ,  880.0          ,  0.0            
      1167,  -680.0         ,  880.0          ,  0.0            
      1168,  -640.0         ,  880.0          ,  0.0            
      1169,  -600.0         ,  880.0          ,  0.0            
      1170,  -560.0         ,  880.0          ,  0.0            
      1171,  -640.0         ,  840.0          ,  0.0            
      1172,  -640.0         ,  800.0          ,  0.0            
      1173,  -680.0         ,  840.0          ,  0.0            
      1174,  -720.0         ,  840.0          ,  0.0            
      1175,  -680.0         ,  800.0          ,  0.0            
      1176,  -720.0         ,  800.0          ,  0.0            
      1177,  -560.0         ,  840.0          ,  0.0            
      1178,  -600.0         ,  840.0          ,  0.0            
      1179,  -560.0         ,  800.0          ,  0.0            
      1180,  -600.0         ,  800.0          ,  0.0            
      1181,  -640.0         ,  960.0          ,  0.0            
      1182,  -640.0         ,  920.0          ,  0.0            
      1183,  -720.0         ,  960.0          ,  0.0            
      1184,  -720.0         ,  920.0          ,  0.0            
      1185,  -680.0         ,  960.0          ,  0.0            
      1186,  -680.0         ,  920.0          ,  0.0            
      1187,  -600.0         ,  960.0          ,  0.0            
      1188,  -600.0         ,  920.0          ,  0.0            
      1189,  -560.0         ,  960.0          ,  0.0            
      1190,  -560.0         ,  920.0          ,  0.0            
      1191,  -960.0         ,  880.0          ,  0.0            
      1192,  -920.0         ,  880.0          ,  0.0            
      1193,  -880.0         ,  880.0          ,  0.0            
      1194,  -840.0         ,  880.0          ,  0.0            
      1195,  -800.0         ,  880.0          ,  0.0            
      1196,  -880.0         ,  840.0          ,  0.0            
      1197,  -880.0         ,  800.0          ,  0.0            
      1198,  -960.0         ,  840.0          ,  0.0            
      1199,  -960.0         ,  800.0          ,  0.0            
      1200,  -920.0         ,  840.0          ,  0.0            
      1201,  -920.0         ,  800.0          ,  0.0            
      1202,  -800.0         ,  840.0          ,  0.0            
      1203,  -840.0         ,  840.0          ,  0.0            
      1204,  -800.0         ,  800.0          ,  0.0            
      1205,  -840.0         ,  800.0          ,  0.0            
      1206,  -880.0         ,  960.0          ,  0.0            
      1207,  -880.0         ,  920.0          ,  0.0            
      1208,  -920.0         ,  960.0          ,  0.0            
      1209,  -960.0         ,  960.0          ,  0.0            
      1210,  -920.0         ,  920.0          ,  0.0            
      1211,  -960.0         ,  920.0          ,  0.0            
      1212,  -840.0         ,  960.0          ,  0.0            
      1213,  -840.0         ,  920.0          ,  0.0            
      1214,  -800.0         ,  960.0          ,  0.0            
      1215,  -800.0         ,  920.0          ,  0.0            
      1216,  -760.0         ,  520.0          ,  0.0            
      1217,  -760.0         ,  560.0          ,  0.0            
      1218,  -760.0         ,  600.0          ,  0.0            
      1219,  -760.0         ,  640.0          ,  0.0            
      1220,  -760.0         ,  680.0          ,  0.0            
      1221,  -760.0         ,  720.0          ,  0.0            
      1222,  -720.0         ,  600.0          ,  0.0            
      1223,  -680.0         ,  600.0          ,  0.0            
      1224,  -640.0         ,  600.0          ,  0.0            
      1225,  -600.0         ,  600.0          ,  0.0            
      1226,  -560.0         ,  600.0          ,  0.0            
      1227,  -640.0         ,  560.0          ,  0.0            
      1228,  -640.0         ,  520.0          ,  0.0            
      1229,  -720.0         ,  560.0          ,  0.0            
      1230,  -720.0         ,  520.0          ,  0.0            
      1231,  -680.0         ,  560.0          ,  0.0            
      1232,  -680.0         ,  520.0          ,  0.0            
      1233,  -560.0         ,  560.0          ,  0.0            
      1234,  -600.0         ,  560.0          ,  0.0            
      1235,  -560.0         ,  520.0          ,  0.0            
      1236,  -600.0         ,  520.0          ,  0.0            
      1237,  -640.0         ,  720.0          ,  0.0            
      1238,  -640.0         ,  680.0          ,  0.0            
      1239,  -640.0         ,  640.0          ,  0.0            
      1240,  -680.0         ,  680.0          ,  0.0            
      1241,  -720.0         ,  680.0          ,  0.0            
      1242,  -680.0         ,  720.0          ,  0.0            
      1243,  -720.0         ,  720.0          ,  0.0            
      1244,  -680.0         ,  640.0          ,  0.0            
      1245,  -720.0         ,  640.0          ,  0.0            
      1246,  -560.0         ,  680.0          ,  0.0            
      1247,  -600.0         ,  680.0          ,  0.0            
      1248,  -560.0         ,  720.0          ,  0.0            
      1249,  -600.0         ,  720.0          ,  0.0            
      1250,  -560.0         ,  640.0          ,  0.0            
      1251,  -600.0         ,  640.0          ,  0.0            
      1252,  -960.0         ,  600.0          ,  0.0            
      1253,  -920.0         ,  600.0          ,  0.0            
      1254,  -880.0         ,  600.0          ,  0.0            
      1255,  -840.0         ,  600.0          ,  0.0            
      1256,  -800.0         ,  600.0          ,  0.0            
      1257,  -880.0         ,  560.0          ,  0.0            
      1258,  -880.0         ,  520.0          ,  0.0            
      1259,  -920.0         ,  560.0          ,  0.0            
      1260,  -960.0         ,  560.0          ,  0.0            
      1261,  -920.0         ,  520.0          ,  0.0            
      1262,  -960.0         ,  520.0          ,  0.0            
      1263,  -800.0         ,  560.0          ,  0.0            
      1264,  -840.0         ,  560.0          ,  0.0            
      1265,  -800.0         ,  520.0          ,  0.0            
      1266,  -840.0         ,  520.0          ,  0.0            
      1267,  -880.0         ,  720.0          ,  0.0            
      1268,  -880.0         ,  680.0          ,  0.0            
      1269,  -880.0         ,  640.0          ,  0.0            
      1270,  -920.0         ,  680.0          ,  0.0            
      1271,  -960.0         ,  680.0          ,  0.0            
      1272,  -920.0         ,  720.0          ,  0.0            
      1273,  -960.0         ,  720.0          ,  0.0            
      1274,  -920.0         ,  640.0          ,  0.0            
      1275,  -960.0         ,  640.0          ,  0.0            
      1276,  -800.0         ,  680.0          ,  0.0            
      1277,  -840.0         ,  680.0          ,  0.0            
      1278,  -800.0         ,  720.0          ,  0.0            
      1279,  -840.0         ,  720.0          ,  0.0            
      1280,  -800.0         ,  640.0          ,  0.0            
      1281,  -840.0         ,  640.0          ,  0.0            
      1282,  -40.0          ,  760.0          ,  0.0            
      1283,  -80.0          ,  760.0          ,  0.0            
      1284,  -120.0         ,  760.0          ,  0.0            
      1285,  -160.0         ,  760.0          ,  0.0            
      1286,  -200.0         ,  760.0          ,  0.0            
      1287,  -240.0         ,  760.0          ,  0.0            
      1288,  -280.0         ,  760.0          ,  0.0            
      1289,  -320.0         ,  760.0          ,  0.0            
      1290,  -360.0         ,  760.0          ,  0.0            
      1291,  -400.0         ,  760.0          ,  0.0            
      1292,  -440.0         ,  760.0          ,  0.0            
      1293,  -480.0         ,  760.0          ,  0.0            
      1294,  -240.0         ,  800.0          ,  0.0            
      1295,  -240.0         ,  840.0          ,  0.0            
      1296,  -240.0         ,  880.0          ,  0.0            
      1297,  -240.0         ,  920.0          ,  0.0            
      1298,  -240.0         ,  960.0          ,  0.0            
      1299,  -200.0         ,  880.0          ,  0.0            
      1300,  -160.0         ,  880.0          ,  0.0            
      1301,  -120.0         ,  880.0          ,  0.0            
      1302,  -80.0          ,  880.0          ,  0.0            
      1303,  -40.0          ,  880.0          ,  0.0            
      1304,  -120.0         ,  840.0          ,  0.0            
      1305,  -120.0         ,  800.0          ,  0.0            
      1306,  -160.0         ,  840.0          ,  0.0            
      1307,  -200.0         ,  840.0          ,  0.0            
      1308,  -160.0         ,  800.0          ,  0.0            
      1309,  -200.0         ,  800.0          ,  0.0            
      1310,  -40.0          ,  840.0          ,  0.0            
      1311,  -80.0          ,  840.0          ,  0.0            
      1312,  -40.0          ,  800.0          ,  0.0            
      1313,  -80.0          ,  800.0          ,  0.0            
      1314,  -120.0         ,  960.0          ,  0.0            
      1315,  -120.0         ,  920.0          ,  0.0            
      1316,  -200.0         ,  960.0          ,  0.0            
      1317,  -200.0         ,  920.0          ,  0.0            
      1318,  -160.0         ,  960.0          ,  0.0            
      1319,  -160.0         ,  920.0          ,  0.0            
      1320,  -80.0          ,  960.0          ,  0.0            
      1321,  -80.0          ,  920.0          ,  0.0            
      1322,  -40.0          ,  960.0          ,  0.0            
      1323,  -40.0          ,  920.0          ,  0.0            
      1324,  -360.0         ,  800.0          ,  0.0            
      1325,  -360.0         ,  840.0          ,  0.0            
      1326,  -360.0         ,  880.0          ,  0.0            
      1327,  -360.0         ,  920.0          ,  0.0            
      1328,  -360.0         ,  960.0          ,  0.0            
      1329,  -320.0         ,  880.0          ,  0.0            
      1330,  -280.0         ,  880.0          ,  0.0            
      1331,  -320.0         ,  840.0          ,  0.0            
      1332,  -320.0         ,  800.0          ,  0.0            
      1333,  -280.0         ,  840.0          ,  0.0            
      1334,  -280.0         ,  800.0          ,  0.0            
      1335,  -320.0         ,  960.0          ,  0.0            
      1336,  -320.0         ,  920.0          ,  0.0            
      1337,  -280.0         ,  960.0          ,  0.0            
      1338,  -280.0         ,  920.0          ,  0.0            
      1339,  -480.0         ,  880.0          ,  0.0            
      1340,  -440.0         ,  880.0          ,  0.0            
      1341,  -400.0         ,  880.0          ,  0.0            
      1342,  -440.0         ,  840.0          ,  0.0            
      1343,  -440.0         ,  800.0          ,  0.0            
      1344,  -480.0         ,  840.0          ,  0.0            
      1345,  -480.0         ,  800.0          ,  0.0            
      1346,  -400.0         ,  840.0          ,  0.0            
      1347,  -400.0         ,  800.0          ,  0.0            
      1348,  -440.0         ,  960.0          ,  0.0            
      1349,  -440.0         ,  920.0          ,  0.0            
      1350,  -480.0         ,  960.0          ,  0.0            
      1351,  -480.0         ,  920.0          ,  0.0            
      1352,  -400.0         ,  960.0          ,  0.0            
      1353,  -400.0         ,  920.0          ,  0.0            
      1354,  -240.0         ,  520.0          ,  0.0            
      1355,  -240.0         ,  560.0          ,  0.0            
      1356,  -240.0         ,  600.0          ,  0.0            
      1357,  -240.0         ,  640.0          ,  0.0            
      1358,  -240.0         ,  680.0          ,  0.0            
      1359,  -240.0         ,  720.0          ,  0.0            
      1360,  -200.0         ,  600.0          ,  0.0            
      1361,  -160.0         ,  600.0          ,  0.0            
      1362,  -120.0         ,  600.0          ,  0.0            
      1363,  -80.0          ,  600.0          ,  0.0            
      1364,  -40.0          ,  600.0          ,  0.0            
      1365,  -120.0         ,  560.0          ,  0.0            
      1366,  -120.0         ,  520.0          ,  0.0            
      1367,  -160.0         ,  560.0          ,  0.0            
      1368,  -200.0         ,  560.0          ,  0.0            
      1369,  -160.0         ,  520.0          ,  0.0            
      1370,  -200.0         ,  520.0          ,  0.0            
      1371,  -80.0          ,  560.0          ,  0.0            
      1372,  -80.0          ,  520.0          ,  0.0            
      1373,  -40.0          ,  560.0          ,  0.0            
      1374,  -40.0          ,  520.0          ,  0.0            
      1375,  -120.0         ,  720.0          ,  0.0            
      1376,  -120.0         ,  680.0          ,  0.0            
      1377,  -120.0         ,  640.0          ,  0.0            
      1378,  -160.0         ,  680.0          ,  0.0            
      1379,  -200.0         ,  680.0          ,  0.0            
      1380,  -160.0         ,  720.0          ,  0.0            
      1381,  -200.0         ,  720.0          ,  0.0            
      1382,  -160.0         ,  640.0          ,  0.0            
      1383,  -200.0         ,  640.0          ,  0.0            
      1384,  -40.0          ,  680.0          ,  0.0            
      1385,  -80.0          ,  680.0          ,  0.0            
      1386,  -40.0          ,  720.0          ,  0.0            
      1387,  -80.0          ,  720.0          ,  0.0            
      1388,  -40.0          ,  640.0          ,  0.0            
      1389,  -80.0          ,  640.0          ,  0.0            
      1390,  -480.0         ,  600.0          ,  0.0            
      1391,  -440.0         ,  600.0          ,  0.0            
      1392,  -400.0         ,  600.0          ,  0.0            
      1393,  -360.0         ,  600.0          ,  0.0            
      1394,  -320.0         ,  600.0          ,  0.0            
      1395,  -280.0         ,  600.0          ,  0.0            
      1396,  -400.0         ,  560.0          ,  0.0            
      1397,  -400.0         ,  520.0          ,  0.0            
      1398,  -440.0         ,  560.0          ,  0.0            
      1399,  -480.0         ,  560.0          ,  0.0            
      1400,  -440.0         ,  520.0          ,  0.0            
      1401,  -480.0         ,  520.0          ,  0.0            
      1402,  -320.0         ,  560.0          ,  0.0            
      1403,  -320.0         ,  520.0          ,  0.0            
      1404,  -360.0         ,  560.0          ,  0.0            
      1405,  -360.0         ,  520.0          ,  0.0            
      1406,  -280.0         ,  560.0          ,  0.0            
      1407,  -280.0         ,  520.0          ,  0.0            
      1408,  -400.0         ,  720.0          ,  0.0            
      1409,  -400.0         ,  680.0          ,  0.0            
      1410,  -400.0         ,  640.0          ,  0.0            
      1411,  -440.0         ,  680.0          ,  0.0            
      1412,  -480.0         ,  680.0          ,  0.0            
      1413,  -440.0         ,  720.0          ,  0.0            
      1414,  -480.0         ,  720.0          ,  0.0            
      1415,  -440.0         ,  640.0          ,  0.0            
      1416,  -480.0         ,  640.0          ,  0.0            
      1417,  -280.0         ,  680.0          ,  0.0            
      1418,  -320.0         ,  680.0          ,  0.0            
      1419,  -360.0         ,  680.0          ,  0.0            
      1420,  -320.0         ,  720.0          ,  0.0            
      1421,  -280.0         ,  720.0          ,  0.0            
      1422,  -360.0         ,  720.0          ,  0.0            
      1423,  -320.0         ,  640.0          ,  0.0            
      1424,  -280.0         ,  640.0          ,  0.0            
      1425,  -360.0         ,  640.0          ,  0.0            
      1426,  0.0            ,  -960.0         ,  0.0            
      1427,  0.0            ,  -920.0         ,  0.0            
      1428,  0.0            ,  -880.0         ,  0.0            
      1429,  0.0            ,  -840.0         ,  0.0            
      1430,  0.0            ,  -800.0         ,  0.0            
      1431,  0.0            ,  -760.0         ,  0.0            
      1432,  0.0            ,  -720.0         ,  0.0            
      1433,  0.0            ,  -680.0         ,  0.0            
      1434,  0.0            ,  -640.0         ,  0.0            
      1435,  0.0            ,  -600.0         ,  0.0            
      1436,  0.0            ,  -560.0         ,  0.0            
      1437,  0.0            ,  -520.0         ,  0.0            
      1438,  0.0            ,  -480.0         ,  0.0            
      1439,  0.0            ,  -440.0         ,  0.0            
      1440,  0.0            ,  -400.0         ,  0.0            
      1441,  0.0            ,  -360.0         ,  0.0            
      1442,  0.0            ,  -320.0         ,  0.0            
      1443,  0.0            ,  -280.0         ,  0.0            
      1444,  0.0            ,  -240.0         ,  0.0            
      1445,  0.0            ,  -200.0         ,  0.0            
      1446,  0.0            ,  -160.0         ,  0.0            
      1447,  0.0            ,  -120.0         ,  0.0            
      1448,  0.0            ,  -80.0          ,  0.0            
      1449,  0.0            ,  -40.0          ,  0.0            
      1450,  40.0           ,  -520.0         ,  0.0            
      1451,  80.0           ,  -520.0         ,  0.0            
      1452,  120.0          ,  -520.0         ,  0.0            
      1453,  160.0          ,  -520.0         ,  0.0            
      1454,  200.0          ,  -520.0         ,  0.0            
      1455,  240.0          ,  -520.0         ,  0.0            
      1456,  280.0          ,  -520.0         ,  0.0            
      1457,  320.0          ,  -520.0         ,  0.0            
      1458,  360.0          ,  -520.0         ,  0.0            
      1459,  400.0          ,  -520.0         ,  0.0            
      1460,  440.0          ,  -520.0         ,  0.0            
      1461,  480.0          ,  -520.0         ,  0.0            
      1462,  520.0          ,  -520.0         ,  0.0            
      1463,  560.0          ,  -520.0         ,  0.0            
      1464,  600.0          ,  -520.0         ,  0.0            
      1465,  640.0          ,  -520.0         ,  0.0            
      1466,  680.0          ,  -520.0         ,  0.0            
      1467,  720.0          ,  -520.0         ,  0.0            
      1468,  760.0          ,  -520.0         ,  0.0            
      1469,  800.0          ,  -520.0         ,  0.0            
      1470,  840.0          ,  -520.0         ,  0.0            
      1471,  880.0          ,  -520.0         ,  0.0            
      1472,  920.0          ,  -520.0         ,  0.0            
      1473,  960.0          ,  -520.0         ,  0.0            
      1474,  480.0          ,  -560.0         ,  0.0            
      1475,  480.0          ,  -600.0         ,  0.0            
      1476,  480.0          ,  -640.0         ,  0.0            
      1477,  480.0          ,  -680.0         ,  0.0            
      1478,  480.0          ,  -720.0         ,  0.0            
      1479,  480.0          ,  -760.0         ,  0.0            
      1480,  480.0          ,  -800.0         ,  0.0            
      1481,  480.0          ,  -840.0         ,  0.0            
      1482,  480.0          ,  -880.0         ,  0.0            
      1483,  480.0          ,  -920.0         ,  0.0            
      1484,  480.0          ,  -960.0         ,  0.0            
      1485,  440.0          ,  -760.0         ,  0.0            
      1486,  400.0          ,  -760.0         ,  0.0            
      1487,  360.0          ,  -760.0         ,  0.0            
      1488,  320.0          ,  -760.0         ,  0.0            
      1489,  280.0          ,  -760.0         ,  0.0            
      1490,  240.0          ,  -760.0         ,  0.0            
      1491,  200.0          ,  -760.0         ,  0.0            
      1492,  160.0          ,  -760.0         ,  0.0            
      1493,  120.0          ,  -760.0         ,  0.0            
      1494,  80.0           ,  -760.0         ,  0.0            
      1495,  40.0           ,  -760.0         ,  0.0            
      1496,  240.0          ,  -720.0         ,  0.0            
      1497,  240.0          ,  -680.0         ,  0.0            
      1498,  240.0          ,  -640.0         ,  0.0            
      1499,  240.0          ,  -600.0         ,  0.0            
      1500,  240.0          ,  -560.0         ,  0.0            
      1501,  280.0          ,  -640.0         ,  0.0            
      1502,  320.0          ,  -640.0         ,  0.0            
      1503,  360.0          ,  -640.0         ,  0.0            
      1504,  400.0          ,  -640.0         ,  0.0            
      1505,  440.0          ,  -640.0         ,  0.0            
      1506,  360.0          ,  -680.0         ,  0.0            
      1507,  360.0          ,  -720.0         ,  0.0            
      1508,  280.0          ,  -680.0         ,  0.0            
      1509,  280.0          ,  -720.0         ,  0.0            
      1510,  320.0          ,  -680.0         ,  0.0            
      1511,  320.0          ,  -720.0         ,  0.0            
      1512,  400.0          ,  -680.0         ,  0.0            
      1513,  400.0          ,  -720.0         ,  0.0            
      1514,  440.0          ,  -680.0         ,  0.0            
      1515,  440.0          ,  -720.0         ,  0.0            
      1516,  360.0          ,  -560.0         ,  0.0            
      1517,  360.0          ,  -600.0         ,  0.0            
      1518,  320.0          ,  -560.0         ,  0.0            
      1519,  280.0          ,  -560.0         ,  0.0            
      1520,  320.0          ,  -600.0         ,  0.0            
      1521,  280.0          ,  -600.0         ,  0.0            
      1522,  440.0          ,  -560.0         ,  0.0            
      1523,  400.0          ,  -560.0         ,  0.0            
      1524,  440.0          ,  -600.0         ,  0.0            
      1525,  400.0          ,  -600.0         ,  0.0            
      1526,  120.0          ,  -720.0         ,  0.0            
      1527,  120.0          ,  -680.0         ,  0.0            
      1528,  120.0          ,  -640.0         ,  0.0            
      1529,  120.0          ,  -600.0         ,  0.0            
      1530,  120.0          ,  -560.0         ,  0.0            
      1531,  160.0          ,  -640.0         ,  0.0            
      1532,  200.0          ,  -640.0         ,  0.0            
      1533,  160.0          ,  -680.0         ,  0.0            
      1534,  160.0          ,  -720.0         ,  0.0            
      1535,  200.0          ,  -680.0         ,  0.0            
      1536,  200.0          ,  -720.0         ,  0.0            
      1537,  160.0          ,  -600.0         ,  0.0            
      1538,  200.0          ,  -600.0         ,  0.0            
      1539,  160.0          ,  -560.0         ,  0.0            
      1540,  200.0          ,  -560.0         ,  0.0            
      1541,  40.0           ,  -640.0         ,  0.0            
      1542,  80.0           ,  -640.0         ,  0.0            
      1543,  40.0           ,  -680.0         ,  0.0            
      1544,  40.0           ,  -720.0         ,  0.0            
      1545,  80.0           ,  -680.0         ,  0.0            
      1546,  80.0           ,  -720.0         ,  0.0            
      1547,  40.0           ,  -600.0         ,  0.0            
      1548,  80.0           ,  -600.0         ,  0.0            
      1549,  40.0           ,  -560.0         ,  0.0            
      1550,  80.0           ,  -560.0         ,  0.0            
      1551,  240.0          ,  -960.0         ,  0.0            
      1552,  240.0          ,  -920.0         ,  0.0            
      1553,  240.0          ,  -880.0         ,  0.0            
      1554,  240.0          ,  -840.0         ,  0.0            
      1555,  240.0          ,  -800.0         ,  0.0            
      1556,  360.0          ,  -960.0         ,  0.0            
      1557,  360.0          ,  -920.0         ,  0.0            
      1558,  360.0          ,  -880.0         ,  0.0            
      1559,  360.0          ,  -840.0         ,  0.0            
      1560,  360.0          ,  -800.0         ,  0.0            
      1561,  400.0          ,  -880.0         ,  0.0            
      1562,  440.0          ,  -880.0         ,  0.0            
      1563,  400.0          ,  -920.0         ,  0.0            
      1564,  400.0          ,  -960.0         ,  0.0            
      1565,  440.0          ,  -920.0         ,  0.0            
      1566,  440.0          ,  -960.0         ,  0.0            
      1567,  400.0          ,  -800.0         ,  0.0            
      1568,  400.0          ,  -840.0         ,  0.0            
      1569,  440.0          ,  -800.0         ,  0.0            
      1570,  440.0          ,  -840.0         ,  0.0            
      1571,  280.0          ,  -880.0         ,  0.0            
      1572,  320.0          ,  -880.0         ,  0.0            
      1573,  280.0          ,  -920.0         ,  0.0            
      1574,  280.0          ,  -960.0         ,  0.0            
      1575,  320.0          ,  -920.0         ,  0.0            
      1576,  320.0          ,  -960.0         ,  0.0            
      1577,  280.0          ,  -840.0         ,  0.0            
      1578,  320.0          ,  -840.0         ,  0.0            
      1579,  280.0          ,  -800.0         ,  0.0            
      1580,  320.0          ,  -800.0         ,  0.0            
      1581,  120.0          ,  -960.0         ,  0.0            
      1582,  120.0          ,  -920.0         ,  0.0            
      1583,  120.0          ,  -880.0         ,  0.0            
      1584,  120.0          ,  -840.0         ,  0.0            
      1585,  120.0          ,  -800.0         ,  0.0            
      1586,  160.0          ,  -880.0         ,  0.0            
      1587,  200.0          ,  -880.0         ,  0.0            
      1588,  160.0          ,  -920.0         ,  0.0            
      1589,  160.0          ,  -960.0         ,  0.0            
      1590,  200.0          ,  -920.0         ,  0.0            
      1591,  200.0          ,  -960.0         ,  0.0            
      1592,  160.0          ,  -800.0         ,  0.0            
      1593,  160.0          ,  -840.0         ,  0.0            
      1594,  200.0          ,  -800.0         ,  0.0            
      1595,  200.0          ,  -840.0         ,  0.0            
      1596,  40.0           ,  -880.0         ,  0.0            
      1597,  80.0           ,  -880.0         ,  0.0            
      1598,  40.0           ,  -920.0         ,  0.0            
      1599,  40.0           ,  -960.0         ,  0.0            
      1600,  80.0           ,  -920.0         ,  0.0            
      1601,  80.0           ,  -960.0         ,  0.0            
      1602,  40.0           ,  -840.0         ,  0.0            
      1603,  80.0           ,  -840.0         ,  0.0            
      1604,  40.0           ,  -800.0         ,  0.0            
      1605,  80.0           ,  -800.0         ,  0.0            
      1606,  720.0          ,  -560.0         ,  0.0            
      1607,  720.0          ,  -600.0         ,  0.0            
      1608,  720.0          ,  -640.0         ,  0.0            
      1609,  720.0          ,  -680.0         ,  0.0            
      1610,  720.0          ,  -720.0         ,  0.0            
      1611,  720.0          ,  -760.0         ,  0.0            
      1612,  720.0          ,  -800.0         ,  0.0            
      1613,  720.0          ,  -840.0         ,  0.0            
      1614,  720.0          ,  -880.0         ,  0.0            
      1615,  720.0          ,  -920.0         ,  0.0            
      1616,  720.0          ,  -960.0         ,  0.0            
      1617,  680.0          ,  -760.0         ,  0.0            
      1618,  640.0          ,  -760.0         ,  0.0            
      1619,  600.0          ,  -760.0         ,  0.0            
      1620,  560.0          ,  -760.0         ,  0.0            
      1621,  520.0          ,  -760.0         ,  0.0            
      1622,  680.0          ,  -640.0         ,  0.0            
      1623,  640.0          ,  -640.0         ,  0.0            
      1624,  600.0          ,  -640.0         ,  0.0            
      1625,  560.0          ,  -640.0         ,  0.0            
      1626,  520.0          ,  -640.0         ,  0.0            
      1627,  600.0          ,  -600.0         ,  0.0            
      1628,  600.0          ,  -560.0         ,  0.0            
      1629,  640.0          ,  -600.0         ,  0.0            
      1630,  680.0          ,  -600.0         ,  0.0            
      1631,  640.0          ,  -560.0         ,  0.0            
      1632,  680.0          ,  -560.0         ,  0.0            
      1633,  520.0          ,  -600.0         ,  0.0            
      1634,  560.0          ,  -600.0         ,  0.0            
      1635,  520.0          ,  -560.0         ,  0.0            
      1636,  560.0          ,  -560.0         ,  0.0            
      1637,  600.0          ,  -720.0         ,  0.0            
      1638,  600.0          ,  -680.0         ,  0.0            
      1639,  680.0          ,  -720.0         ,  0.0            
      1640,  680.0          ,  -680.0         ,  0.0            
      1641,  640.0          ,  -720.0         ,  0.0            
      1642,  640.0          ,  -680.0         ,  0.0            
      1643,  520.0          ,  -720.0         ,  0.0            
      1644,  560.0          ,  -720.0         ,  0.0            
      1645,  520.0          ,  -680.0         ,  0.0            
      1646,  560.0          ,  -680.0         ,  0.0            
      1647,  600.0          ,  -960.0         ,  0.0            
      1648,  600.0          ,  -920.0         ,  0.0            
      1649,  600.0          ,  -880.0         ,  0.0            
      1650,  600.0          ,  -840.0         ,  0.0            
      1651,  600.0          ,  -800.0         ,  0.0            
      1652,  640.0          ,  -880.0         ,  0.0            
      1653,  680.0          ,  -880.0         ,  0.0            
      1654,  640.0          ,  -920.0         ,  0.0            
      1655,  640.0          ,  -960.0         ,  0.0            
      1656,  680.0          ,  -920.0         ,  0.0            
      1657,  680.0          ,  -960.0         ,  0.0            
      1658,  640.0          ,  -800.0         ,  0.0            
      1659,  640.0          ,  -840.0         ,  0.0            
      1660,  680.0          ,  -800.0         ,  0.0            
      1661,  680.0          ,  -840.0         ,  0.0            
      1662,  520.0          ,  -880.0         ,  0.0            
      1663,  560.0          ,  -880.0         ,  0.0            
      1664,  520.0          ,  -920.0         ,  0.0            
      1665,  520.0          ,  -960.0         ,  0.0            
      1666,  560.0          ,  -920.0         ,  0.0            
      1667,  560.0          ,  -960.0         ,  0.0            
      1668,  520.0          ,  -840.0         ,  0.0            
      1669,  560.0          ,  -840.0         ,  0.0            
      1670,  520.0          ,  -800.0         ,  0.0            
      1671,  560.0          ,  -800.0         ,  0.0            
      1672,  960.0          ,  -760.0         ,  0.0            
      1673,  920.0          ,  -760.0         ,  0.0            
      1674,  880.0          ,  -760.0         ,  0.0            
      1675,  840.0          ,  -760.0         ,  0.0            
      1676,  800.0          ,  -760.0         ,  0.0            
      1677,  760.0          ,  -760.0         ,  0.0            
      1678,  880.0          ,  -720.0         ,  0.0            
      1679,  880.0          ,  -680.0         ,  0.0            
      1680,  880.0          ,  -640.0         ,  0.0            
      1681,  880.0          ,  -600.0         ,  0.0            
      1682,  880.0          ,  -560.0         ,  0.0            
      1683,  920.0          ,  -640.0         ,  0.0            
      1684,  960.0          ,  -640.0         ,  0.0            
      1685,  920.0          ,  -680.0         ,  0.0            
      1686,  920.0          ,  -720.0         ,  0.0            
      1687,  960.0          ,  -680.0         ,  0.0            
      1688,  960.0          ,  -720.0         ,  0.0            
      1689,  920.0          ,  -560.0         ,  0.0            
      1690,  920.0          ,  -600.0         ,  0.0            
      1691,  960.0          ,  -560.0         ,  0.0            
      1692,  960.0          ,  -600.0         ,  0.0            
      1693,  760.0          ,  -640.0         ,  0.0            
      1694,  800.0          ,  -640.0         ,  0.0            
      1695,  840.0          ,  -640.0         ,  0.0            
      1696,  800.0          ,  -680.0         ,  0.0            
      1697,  800.0          ,  -720.0         ,  0.0            
      1698,  760.0          ,  -680.0         ,  0.0            
      1699,  760.0          ,  -720.0         ,  0.0            
      1700,  840.0          ,  -680.0         ,  0.0            
      1701,  840.0          ,  -720.0         ,  0.0            
      1702,  800.0          ,  -560.0         ,  0.0            
      1703,  800.0          ,  -600.0         ,  0.0            
      1704,  760.0          ,  -560.0         ,  0.0            
      1705,  760.0          ,  -600.0         ,  0.0            
      1706,  840.0          ,  -560.0         ,  0.0            
      1707,  840.0          ,  -600.0         ,  0.0            
      1708,  880.0          ,  -960.0         ,  0.0            
      1709,  880.0          ,  -920.0         ,  0.0            
      1710,  880.0          ,  -880.0         ,  0.0            
      1711,  880.0          ,  -840.0         ,  0.0            
      1712,  880.0          ,  -800.0         ,  0.0            
      1713,  920.0          ,  -880.0         ,  0.0            
      1714,  960.0          ,  -880.0         ,  0.0            
      1715,  920.0          ,  -920.0         ,  0.0            
      1716,  920.0          ,  -960.0         ,  0.0            
      1717,  960.0          ,  -920.0         ,  0.0            
      1718,  960.0          ,  -960.0         ,  0.0            
      1719,  920.0          ,  -800.0         ,  0.0            
      1720,  920.0          ,  -840.0         ,  0.0            
      1721,  960.0          ,  -800.0         ,  0.0            
      1722,  960.0          ,  -840.0         ,  0.0            
      1723,  760.0          ,  -880.0         ,  0.0            
      1724,  800.0          ,  -880.0         ,  0.0            
      1725,  840.0          ,  -880.0         ,  0.0            
      1726,  800.0          ,  -920.0         ,  0.0            
      1727,  800.0          ,  -960.0         ,  0.0            
      1728,  760.0          ,  -920.0         ,  0.0            
      1729,  760.0          ,  -960.0         ,  0.0            
      1730,  840.0          ,  -920.0         ,  0.0            
      1731,  840.0          ,  -960.0         ,  0.0            
      1732,  800.0          ,  -800.0         ,  0.0            
      1733,  800.0          ,  -840.0         ,  0.0            
      1734,  760.0          ,  -800.0         ,  0.0            
      1735,  760.0          ,  -840.0         ,  0.0            
      1736,  840.0          ,  -800.0         ,  0.0            
      1737,  840.0          ,  -840.0         ,  0.0            
      1738,  480.0          ,  -40.0          ,  0.0            
      1739,  480.0          ,  -80.0          ,  0.0            
      1740,  480.0          ,  -120.0         ,  0.0            
      1741,  480.0          ,  -160.0         ,  0.0            
      1742,  480.0          ,  -200.0         ,  0.0            
      1743,  480.0          ,  -240.0         ,  0.0            
      1744,  480.0          ,  -280.0         ,  0.0            
      1745,  480.0          ,  -320.0         ,  0.0            
      1746,  480.0          ,  -360.0         ,  0.0            
      1747,  480.0          ,  -400.0         ,  0.0            
      1748,  480.0          ,  -440.0         ,  0.0            
      1749,  480.0          ,  -480.0         ,  0.0            
      1750,  440.0          ,  -240.0         ,  0.0            
      1751,  400.0          ,  -240.0         ,  0.0            
      1752,  360.0          ,  -240.0         ,  0.0            
      1753,  320.0          ,  -240.0         ,  0.0            
      1754,  280.0          ,  -240.0         ,  0.0            
      1755,  240.0          ,  -240.0         ,  0.0            
      1756,  200.0          ,  -240.0         ,  0.0            
      1757,  160.0          ,  -240.0         ,  0.0            
      1758,  120.0          ,  -240.0         ,  0.0            
      1759,  80.0           ,  -240.0         ,  0.0            
      1760,  40.0           ,  -240.0         ,  0.0            
      1761,  240.0          ,  -200.0         ,  0.0            
      1762,  240.0          ,  -160.0         ,  0.0            
      1763,  240.0          ,  -120.0         ,  0.0            
      1764,  240.0          ,  -80.0          ,  0.0            
      1765,  240.0          ,  -40.0          ,  0.0            
      1766,  280.0          ,  -120.0         ,  0.0            
      1767,  320.0          ,  -120.0         ,  0.0            
      1768,  360.0          ,  -120.0         ,  0.0            
      1769,  400.0          ,  -120.0         ,  0.0            
      1770,  440.0          ,  -120.0         ,  0.0            
      1771,  360.0          ,  -160.0         ,  0.0            
      1772,  360.0          ,  -200.0         ,  0.0            
      1773,  320.0          ,  -160.0         ,  0.0            
      1774,  280.0          ,  -160.0         ,  0.0            
      1775,  320.0          ,  -200.0         ,  0.0            
      1776,  280.0          ,  -200.0         ,  0.0            
      1777,  440.0          ,  -160.0         ,  0.0            
      1778,  400.0          ,  -160.0         ,  0.0            
      1779,  440.0          ,  -200.0         ,  0.0            
      1780,  400.0          ,  -200.0         ,  0.0            
      1781,  360.0          ,  -40.0          ,  0.0            
      1782,  360.0          ,  -80.0          ,  0.0            
      1783,  280.0          ,  -40.0          ,  0.0            
      1784,  280.0          ,  -80.0          ,  0.0            
      1785,  320.0          ,  -40.0          ,  0.0            
      1786,  320.0          ,  -80.0          ,  0.0            
      1787,  400.0          ,  -40.0          ,  0.0            
      1788,  400.0          ,  -80.0          ,  0.0            
      1789,  440.0          ,  -40.0          ,  0.0            
      1790,  440.0          ,  -80.0          ,  0.0            
      1791,  40.0           ,  -120.0         ,  0.0            
      1792,  80.0           ,  -120.0         ,  0.0            
      1793,  120.0          ,  -120.0         ,  0.0            
      1794,  160.0          ,  -120.0         ,  0.0            
      1795,  200.0          ,  -120.0         ,  0.0            
      1796,  120.0          ,  -160.0         ,  0.0            
      1797,  120.0          ,  -200.0         ,  0.0            
      1798,  80.0           ,  -160.0         ,  0.0            
      1799,  40.0           ,  -160.0         ,  0.0            
      1800,  80.0           ,  -200.0         ,  0.0            
      1801,  40.0           ,  -200.0         ,  0.0            
      1802,  200.0          ,  -160.0         ,  0.0            
      1803,  160.0          ,  -160.0         ,  0.0            
      1804,  200.0          ,  -200.0         ,  0.0            
      1805,  160.0          ,  -200.0         ,  0.0            
      1806,  120.0          ,  -40.0          ,  0.0            
      1807,  120.0          ,  -80.0          ,  0.0            
      1808,  40.0           ,  -40.0          ,  0.0            
      1809,  40.0           ,  -80.0          ,  0.0            
      1810,  80.0           ,  -40.0          ,  0.0            
      1811,  80.0           ,  -80.0          ,  0.0            
      1812,  160.0          ,  -40.0          ,  0.0            
      1813,  160.0          ,  -80.0          ,  0.0            
      1814,  200.0          ,  -40.0          ,  0.0            
      1815,  200.0          ,  -80.0          ,  0.0            
      1816,  240.0          ,  -480.0         ,  0.0            
      1817,  240.0          ,  -440.0         ,  0.0            
      1818,  240.0          ,  -400.0         ,  0.0            
      1819,  240.0          ,  -360.0         ,  0.0            
      1820,  240.0          ,  -320.0         ,  0.0            
      1821,  240.0          ,  -280.0         ,  0.0            
      1822,  280.0          ,  -400.0         ,  0.0            
      1823,  320.0          ,  -400.0         ,  0.0            
      1824,  360.0          ,  -400.0         ,  0.0            
      1825,  400.0          ,  -400.0         ,  0.0            
      1826,  440.0          ,  -400.0         ,  0.0            
      1827,  360.0          ,  -440.0         ,  0.0            
      1828,  360.0          ,  -480.0         ,  0.0            
      1829,  280.0          ,  -440.0         ,  0.0            
      1830,  280.0          ,  -480.0         ,  0.0            
      1831,  320.0          ,  -440.0         ,  0.0            
      1832,  320.0          ,  -480.0         ,  0.0            
      1833,  400.0          ,  -440.0         ,  0.0            
      1834,  400.0          ,  -480.0         ,  0.0            
      1835,  440.0          ,  -440.0         ,  0.0            
      1836,  440.0          ,  -480.0         ,  0.0            
      1837,  360.0          ,  -280.0         ,  0.0            
      1838,  360.0          ,  -320.0         ,  0.0            
      1839,  360.0          ,  -360.0         ,  0.0            
      1840,  320.0          ,  -320.0         ,  0.0            
      1841,  280.0          ,  -320.0         ,  0.0            
      1842,  320.0          ,  -280.0         ,  0.0            
      1843,  280.0          ,  -280.0         ,  0.0            
      1844,  320.0          ,  -360.0         ,  0.0            
      1845,  280.0          ,  -360.0         ,  0.0            
      1846,  440.0          ,  -320.0         ,  0.0            
      1847,  400.0          ,  -320.0         ,  0.0            
      1848,  440.0          ,  -280.0         ,  0.0            
      1849,  400.0          ,  -280.0         ,  0.0            
      1850,  440.0          ,  -360.0         ,  0.0            
      1851,  400.0          ,  -360.0         ,  0.0            
      1852,  40.0           ,  -400.0         ,  0.0            
      1853,  80.0           ,  -400.0         ,  0.0            
      1854,  120.0          ,  -400.0         ,  0.0            
      1855,  160.0          ,  -400.0         ,  0.0            
      1856,  200.0          ,  -400.0         ,  0.0            
      1857,  120.0          ,  -440.0         ,  0.0            
      1858,  120.0          ,  -480.0         ,  0.0            
      1859,  40.0           ,  -440.0         ,  0.0            
      1860,  40.0           ,  -480.0         ,  0.0            
      1861,  80.0           ,  -440.0         ,  0.0            
      1862,  80.0           ,  -480.0         ,  0.0            
      1863,  160.0          ,  -440.0         ,  0.0            
      1864,  160.0          ,  -480.0         ,  0.0            
      1865,  200.0          ,  -440.0         ,  0.0            
      1866,  200.0          ,  -480.0         ,  0.0            
      1867,  120.0          ,  -280.0         ,  0.0            
      1868,  120.0          ,  -320.0         ,  0.0            
      1869,  120.0          ,  -360.0         ,  0.0            
      1870,  80.0           ,  -320.0         ,  0.0            
      1871,  40.0           ,  -320.0         ,  0.0            
      1872,  80.0           ,  -280.0         ,  0.0            
      1873,  40.0           ,  -280.0         ,  0.0            
      1874,  80.0           ,  -360.0         ,  0.0            
      1875,  40.0           ,  -360.0         ,  0.0            
      1876,  200.0          ,  -320.0         ,  0.0            
      1877,  160.0          ,  -320.0         ,  0.0            
      1878,  200.0          ,  -280.0         ,  0.0            
      1879,  160.0          ,  -280.0         ,  0.0            
      1880,  200.0          ,  -360.0         ,  0.0            
      1881,  160.0          ,  -360.0         ,  0.0            
      1882,  960.0          ,  -240.0         ,  0.0            
      1883,  920.0          ,  -240.0         ,  0.0            
      1884,  880.0          ,  -240.0         ,  0.0            
      1885,  840.0          ,  -240.0         ,  0.0            
      1886,  800.0          ,  -240.0         ,  0.0            
      1887,  760.0          ,  -240.0         ,  0.0            
      1888,  720.0          ,  -240.0         ,  0.0            
      1889,  680.0          ,  -240.0         ,  0.0            
      1890,  640.0          ,  -240.0         ,  0.0            
      1891,  600.0          ,  -240.0         ,  0.0            
      1892,  560.0          ,  -240.0         ,  0.0            
      1893,  520.0          ,  -240.0         ,  0.0            
      1894,  760.0          ,  -200.0         ,  0.0            
      1895,  760.0          ,  -160.0         ,  0.0            
      1896,  760.0          ,  -120.0         ,  0.0            
      1897,  760.0          ,  -80.0          ,  0.0            
      1898,  760.0          ,  -40.0          ,  0.0            
      1899,  800.0          ,  -120.0         ,  0.0            
      1900,  840.0          ,  -120.0         ,  0.0            
      1901,  880.0          ,  -120.0         ,  0.0            
      1902,  920.0          ,  -120.0         ,  0.0            
      1903,  960.0          ,  -120.0         ,  0.0            
      1904,  880.0          ,  -160.0         ,  0.0            
      1905,  880.0          ,  -200.0         ,  0.0            
      1906,  800.0          ,  -160.0         ,  0.0            
      1907,  800.0          ,  -200.0         ,  0.0            
      1908,  840.0          ,  -160.0         ,  0.0            
      1909,  840.0          ,  -200.0         ,  0.0            
      1910,  960.0          ,  -160.0         ,  0.0            
      1911,  920.0          ,  -160.0         ,  0.0            
      1912,  960.0          ,  -200.0         ,  0.0            
      1913,  920.0          ,  -200.0         ,  0.0            
      1914,  880.0          ,  -40.0          ,  0.0            
      1915,  880.0          ,  -80.0          ,  0.0            
      1916,  800.0          ,  -40.0          ,  0.0            
      1917,  800.0          ,  -80.0          ,  0.0            
      1918,  840.0          ,  -40.0          ,  0.0            
      1919,  840.0          ,  -80.0          ,  0.0            
      1920,  960.0          ,  -40.0          ,  0.0            
      1921,  920.0          ,  -40.0          ,  0.0            
      1922,  960.0          ,  -80.0          ,  0.0            
      1923,  920.0          ,  -80.0          ,  0.0            
      1924,  640.0          ,  -200.0         ,  0.0            
      1925,  640.0          ,  -160.0         ,  0.0            
      1926,  640.0          ,  -120.0         ,  0.0            
      1927,  640.0          ,  -80.0          ,  0.0            
      1928,  640.0          ,  -40.0          ,  0.0            
      1929,  680.0          ,  -120.0         ,  0.0            
      1930,  720.0          ,  -120.0         ,  0.0            
      1931,  680.0          ,  -200.0         ,  0.0            
      1932,  720.0          ,  -200.0         ,  0.0            
      1933,  680.0          ,  -160.0         ,  0.0            
      1934,  720.0          ,  -160.0         ,  0.0            
      1935,  680.0          ,  -80.0          ,  0.0            
      1936,  720.0          ,  -80.0          ,  0.0            
      1937,  680.0          ,  -40.0          ,  0.0            
      1938,  720.0          ,  -40.0          ,  0.0            
      1939,  520.0          ,  -120.0         ,  0.0            
      1940,  560.0          ,  -120.0         ,  0.0            
      1941,  600.0          ,  -120.0         ,  0.0            
      1942,  560.0          ,  -160.0         ,  0.0            
      1943,  560.0          ,  -200.0         ,  0.0            
      1944,  520.0          ,  -160.0         ,  0.0            
      1945,  520.0          ,  -200.0         ,  0.0            
      1946,  600.0          ,  -160.0         ,  0.0            
      1947,  600.0          ,  -200.0         ,  0.0            
      1948,  560.0          ,  -40.0          ,  0.0            
      1949,  560.0          ,  -80.0          ,  0.0            
      1950,  520.0          ,  -40.0          ,  0.0            
      1951,  520.0          ,  -80.0          ,  0.0            
      1952,  600.0          ,  -40.0          ,  0.0            
      1953,  600.0          ,  -80.0          ,  0.0            
      1954,  760.0          ,  -480.0         ,  0.0            
      1955,  760.0          ,  -440.0         ,  0.0            
      1956,  760.0          ,  -400.0         ,  0.0            
      1957,  760.0          ,  -360.0         ,  0.0            
      1958,  760.0          ,  -320.0         ,  0.0            
      1959,  760.0          ,  -280.0         ,  0.0            
      1960,  800.0          ,  -400.0         ,  0.0            
      1961,  840.0          ,  -400.0         ,  0.0            
      1962,  880.0          ,  -400.0         ,  0.0            
      1963,  920.0          ,  -400.0         ,  0.0            
      1964,  960.0          ,  -400.0         ,  0.0            
      1965,  880.0          ,  -440.0         ,  0.0            
      1966,  880.0          ,  -480.0         ,  0.0            
      1967,  800.0          ,  -440.0         ,  0.0            
      1968,  800.0          ,  -480.0         ,  0.0            
      1969,  840.0          ,  -440.0         ,  0.0            
      1970,  840.0          ,  -480.0         ,  0.0            
      1971,  960.0          ,  -440.0         ,  0.0            
      1972,  920.0          ,  -440.0         ,  0.0            
      1973,  960.0          ,  -480.0         ,  0.0            
      1974,  920.0          ,  -480.0         ,  0.0            
      1975,  880.0          ,  -280.0         ,  0.0            
      1976,  880.0          ,  -320.0         ,  0.0            
      1977,  880.0          ,  -360.0         ,  0.0            
      1978,  840.0          ,  -320.0         ,  0.0            
      1979,  800.0          ,  -320.0         ,  0.0            
      1980,  840.0          ,  -280.0         ,  0.0            
      1981,  800.0          ,  -280.0         ,  0.0            
      1982,  840.0          ,  -360.0         ,  0.0            
      1983,  800.0          ,  -360.0         ,  0.0            
      1984,  960.0          ,  -320.0         ,  0.0            
      1985,  920.0          ,  -320.0         ,  0.0            
      1986,  960.0          ,  -280.0         ,  0.0            
      1987,  920.0          ,  -280.0         ,  0.0            
      1988,  960.0          ,  -360.0         ,  0.0            
      1989,  920.0          ,  -360.0         ,  0.0            
      1990,  640.0          ,  -480.0         ,  0.0            
      1991,  640.0          ,  -440.0         ,  0.0            
      1992,  640.0          ,  -400.0         ,  0.0            
      1993,  640.0          ,  -360.0         ,  0.0            
      1994,  640.0          ,  -320.0         ,  0.0            
      1995,  640.0          ,  -280.0         ,  0.0            
      1996,  680.0          ,  -400.0         ,  0.0            
      1997,  720.0          ,  -400.0         ,  0.0            
      1998,  680.0          ,  -480.0         ,  0.0            
      1999,  720.0          ,  -480.0         ,  0.0            
      2000,  680.0          ,  -440.0         ,  0.0            
      2001,  720.0          ,  -440.0         ,  0.0            
      2002,  680.0          ,  -320.0         ,  0.0            
      2003,  720.0          ,  -320.0         ,  0.0            
      2004,  680.0          ,  -360.0         ,  0.0            
      2005,  720.0          ,  -360.0         ,  0.0            
      2006,  680.0          ,  -280.0         ,  0.0            
      2007,  720.0          ,  -280.0         ,  0.0            
      2008,  520.0          ,  -400.0         ,  0.0            
      2009,  560.0          ,  -400.0         ,  0.0            
      2010,  600.0          ,  -400.0         ,  0.0            
      2011,  560.0          ,  -440.0         ,  0.0            
      2012,  560.0          ,  -480.0         ,  0.0            
      2013,  520.0          ,  -440.0         ,  0.0            
      2014,  520.0          ,  -480.0         ,  0.0            
      2015,  600.0          ,  -440.0         ,  0.0            
      2016,  600.0          ,  -480.0         ,  0.0            
      2017,  520.0          ,  -320.0         ,  0.0            
      2018,  560.0          ,  -320.0         ,  0.0            
      2019,  600.0          ,  -320.0         ,  0.0            
      2020,  560.0          ,  -360.0         ,  0.0            
      2021,  520.0          ,  -360.0         ,  0.0            
      2022,  600.0          ,  -360.0         ,  0.0            
      2023,  560.0          ,  -280.0         ,  0.0            
      2024,  520.0          ,  -280.0         ,  0.0            
      2025,  600.0          ,  -280.0         ,  0.0            
      2026,  -960.0         ,  -520.0         ,  0.0            
      2027,  -920.0         ,  -520.0         ,  0.0            
      2028,  -880.0         ,  -520.0         ,  0.0            
      2029,  -840.0         ,  -520.0         ,  0.0            
      2030,  -800.0         ,  -520.0         ,  0.0            
      2031,  -760.0         ,  -520.0         ,  0.0            
      2032,  -720.0         ,  -520.0         ,  0.0            
      2033,  -680.0         ,  -520.0         ,  0.0            
      2034,  -640.0         ,  -520.0         ,  0.0            
      2035,  -600.0         ,  -520.0         ,  0.0            
      2036,  -560.0         ,  -520.0         ,  0.0            
      2037,  -520.0         ,  -520.0         ,  0.0            
      2038,  -480.0         ,  -520.0         ,  0.0            
      2039,  -440.0         ,  -520.0         ,  0.0            
      2040,  -400.0         ,  -520.0         ,  0.0            
      2041,  -360.0         ,  -520.0         ,  0.0            
      2042,  -320.0         ,  -520.0         ,  0.0            
      2043,  -280.0         ,  -520.0         ,  0.0            
      2044,  -240.0         ,  -520.0         ,  0.0            
      2045,  -200.0         ,  -520.0         ,  0.0            
      2046,  -160.0         ,  -520.0         ,  0.0            
      2047,  -120.0         ,  -520.0         ,  0.0            
      2048,  -80.0          ,  -520.0         ,  0.0            
      2049,  -40.0          ,  -520.0         ,  0.0            
      2050,  -520.0         ,  -560.0         ,  0.0            
      2051,  -520.0         ,  -600.0         ,  0.0            
      2052,  -520.0         ,  -640.0         ,  0.0            
      2053,  -520.0         ,  -680.0         ,  0.0            
      2054,  -520.0         ,  -720.0         ,  0.0            
      2055,  -520.0         ,  -760.0         ,  0.0            
      2056,  -520.0         ,  -800.0         ,  0.0            
      2057,  -520.0         ,  -840.0         ,  0.0            
      2058,  -520.0         ,  -880.0         ,  0.0            
      2059,  -520.0         ,  -920.0         ,  0.0            
      2060,  -520.0         ,  -960.0         ,  0.0            
      2061,  -560.0         ,  -760.0         ,  0.0            
      2062,  -600.0         ,  -760.0         ,  0.0            
      2063,  -640.0         ,  -760.0         ,  0.0            
      2064,  -680.0         ,  -760.0         ,  0.0            
      2065,  -720.0         ,  -760.0         ,  0.0            
      2066,  -760.0         ,  -760.0         ,  0.0            
      2067,  -800.0         ,  -760.0         ,  0.0            
      2068,  -840.0         ,  -760.0         ,  0.0            
      2069,  -880.0         ,  -760.0         ,  0.0            
      2070,  -920.0         ,  -760.0         ,  0.0            
      2071,  -960.0         ,  -760.0         ,  0.0            
      2072,  -760.0         ,  -720.0         ,  0.0            
      2073,  -760.0         ,  -680.0         ,  0.0            
      2074,  -760.0         ,  -640.0         ,  0.0            
      2075,  -760.0         ,  -600.0         ,  0.0            
      2076,  -760.0         ,  -560.0         ,  0.0            
      2077,  -640.0         ,  -720.0         ,  0.0            
      2078,  -640.0         ,  -680.0         ,  0.0            
      2079,  -640.0         ,  -640.0         ,  0.0            
      2080,  -640.0         ,  -600.0         ,  0.0            
      2081,  -640.0         ,  -560.0         ,  0.0            
      2082,  -600.0         ,  -640.0         ,  0.0            
      2083,  -560.0         ,  -640.0         ,  0.0            
      2084,  -600.0         ,  -680.0         ,  0.0            
      2085,  -600.0         ,  -720.0         ,  0.0            
      2086,  -560.0         ,  -680.0         ,  0.0            
      2087,  -560.0         ,  -720.0         ,  0.0            
      2088,  -600.0         ,  -560.0         ,  0.0            
      2089,  -600.0         ,  -600.0         ,  0.0            
      2090,  -560.0         ,  -560.0         ,  0.0            
      2091,  -560.0         ,  -600.0         ,  0.0            
      2092,  -720.0         ,  -640.0         ,  0.0            
      2093,  -680.0         ,  -640.0         ,  0.0            
      2094,  -720.0         ,  -680.0         ,  0.0            
      2095,  -720.0         ,  -720.0         ,  0.0            
      2096,  -680.0         ,  -680.0         ,  0.0            
      2097,  -680.0         ,  -720.0         ,  0.0            
      2098,  -720.0         ,  -600.0         ,  0.0            
      2099,  -680.0         ,  -600.0         ,  0.0            
      2100,  -720.0         ,  -560.0         ,  0.0            
      2101,  -680.0         ,  -560.0         ,  0.0            
      2102,  -960.0         ,  -640.0         ,  0.0            
      2103,  -920.0         ,  -640.0         ,  0.0            
      2104,  -880.0         ,  -640.0         ,  0.0            
      2105,  -840.0         ,  -640.0         ,  0.0            
      2106,  -800.0         ,  -640.0         ,  0.0            
      2107,  -880.0         ,  -680.0         ,  0.0            
      2108,  -880.0         ,  -720.0         ,  0.0            
      2109,  -920.0         ,  -680.0         ,  0.0            
      2110,  -960.0         ,  -680.0         ,  0.0            
      2111,  -920.0         ,  -720.0         ,  0.0            
      2112,  -960.0         ,  -720.0         ,  0.0            
      2113,  -840.0         ,  -680.0         ,  0.0            
      2114,  -840.0         ,  -720.0         ,  0.0            
      2115,  -800.0         ,  -680.0         ,  0.0            
      2116,  -800.0         ,  -720.0         ,  0.0            
      2117,  -880.0         ,  -560.0         ,  0.0            
      2118,  -880.0         ,  -600.0         ,  0.0            
      2119,  -920.0         ,  -560.0         ,  0.0            
      2120,  -960.0         ,  -560.0         ,  0.0            
      2121,  -920.0         ,  -600.0         ,  0.0            
      2122,  -960.0         ,  -600.0         ,  0.0            
      2123,  -800.0         ,  -560.0         ,  0.0            
      2124,  -840.0         ,  -560.0         ,  0.0            
      2125,  -800.0         ,  -600.0         ,  0.0            
      2126,  -840.0         ,  -600.0         ,  0.0            
      2127,  -760.0         ,  -960.0         ,  0.0            
      2128,  -760.0         ,  -920.0         ,  0.0            
      2129,  -760.0         ,  -880.0         ,  0.0            
      2130,  -760.0         ,  -840.0         ,  0.0            
      2131,  -760.0         ,  -800.0         ,  0.0            
      2132,  -720.0         ,  -880.0         ,  0.0            
      2133,  -680.0         ,  -880.0         ,  0.0            
      2134,  -640.0         ,  -880.0         ,  0.0            
      2135,  -600.0         ,  -880.0         ,  0.0            
      2136,  -560.0         ,  -880.0         ,  0.0            
      2137,  -640.0         ,  -920.0         ,  0.0            
      2138,  -640.0         ,  -960.0         ,  0.0            
      2139,  -720.0         ,  -920.0         ,  0.0            
      2140,  -720.0         ,  -960.0         ,  0.0            
      2141,  -680.0         ,  -920.0         ,  0.0            
      2142,  -680.0         ,  -960.0         ,  0.0            
      2143,  -560.0         ,  -920.0         ,  0.0            
      2144,  -600.0         ,  -920.0         ,  0.0            
      2145,  -560.0         ,  -960.0         ,  0.0            
      2146,  -600.0         ,  -960.0         ,  0.0            
      2147,  -640.0         ,  -800.0         ,  0.0            
      2148,  -640.0         ,  -840.0         ,  0.0            
      2149,  -680.0         ,  -800.0         ,  0.0            
      2150,  -720.0         ,  -800.0         ,  0.0            
      2151,  -680.0         ,  -840.0         ,  0.0            
      2152,  -720.0         ,  -840.0         ,  0.0            
      2153,  -560.0         ,  -800.0         ,  0.0            
      2154,  -600.0         ,  -800.0         ,  0.0            
      2155,  -560.0         ,  -840.0         ,  0.0            
      2156,  -600.0         ,  -840.0         ,  0.0            
      2157,  -960.0         ,  -880.0         ,  0.0            
      2158,  -920.0         ,  -880.0         ,  0.0            
      2159,  -880.0         ,  -880.0         ,  0.0            
      2160,  -840.0         ,  -880.0         ,  0.0            
      2161,  -800.0         ,  -880.0         ,  0.0            
      2162,  -880.0         ,  -920.0         ,  0.0            
      2163,  -880.0         ,  -960.0         ,  0.0            
      2164,  -920.0         ,  -920.0         ,  0.0            
      2165,  -960.0         ,  -920.0         ,  0.0            
      2166,  -920.0         ,  -960.0         ,  0.0            
      2167,  -960.0         ,  -960.0         ,  0.0            
      2168,  -800.0         ,  -920.0         ,  0.0            
      2169,  -840.0         ,  -920.0         ,  0.0            
      2170,  -800.0         ,  -960.0         ,  0.0            
      2171,  -840.0         ,  -960.0         ,  0.0            
      2172,  -880.0         ,  -800.0         ,  0.0            
      2173,  -880.0         ,  -840.0         ,  0.0            
      2174,  -920.0         ,  -800.0         ,  0.0            
      2175,  -960.0         ,  -800.0         ,  0.0            
      2176,  -920.0         ,  -840.0         ,  0.0            
      2177,  -960.0         ,  -840.0         ,  0.0            
      2178,  -800.0         ,  -800.0         ,  0.0            
      2179,  -840.0         ,  -800.0         ,  0.0            
      2180,  -800.0         ,  -840.0         ,  0.0            
      2181,  -840.0         ,  -840.0         ,  0.0            
      2182,  -280.0         ,  -560.0         ,  0.0            
      2183,  -280.0         ,  -600.0         ,  0.0            
      2184,  -280.0         ,  -640.0         ,  0.0            
      2185,  -280.0         ,  -680.0         ,  0.0            
      2186,  -280.0         ,  -720.0         ,  0.0            
      2187,  -280.0         ,  -760.0         ,  0.0            
      2188,  -280.0         ,  -800.0         ,  0.0            
      2189,  -280.0         ,  -840.0         ,  0.0            
      2190,  -280.0         ,  -880.0         ,  0.0            
      2191,  -280.0         ,  -920.0         ,  0.0            
      2192,  -280.0         ,  -960.0         ,  0.0            
      2193,  -320.0         ,  -760.0         ,  0.0            
      2194,  -360.0         ,  -760.0         ,  0.0            
      2195,  -400.0         ,  -760.0         ,  0.0            
      2196,  -440.0         ,  -760.0         ,  0.0            
      2197,  -480.0         ,  -760.0         ,  0.0            
      2198,  -400.0         ,  -720.0         ,  0.0            
      2199,  -400.0         ,  -680.0         ,  0.0            
      2200,  -400.0         ,  -640.0         ,  0.0            
      2201,  -400.0         ,  -600.0         ,  0.0            
      2202,  -400.0         ,  -560.0         ,  0.0            
      2203,  -360.0         ,  -640.0         ,  0.0            
      2204,  -320.0         ,  -640.0         ,  0.0            
      2205,  -360.0         ,  -680.0         ,  0.0            
      2206,  -360.0         ,  -720.0         ,  0.0            
      2207,  -320.0         ,  -680.0         ,  0.0            
      2208,  -320.0         ,  -720.0         ,  0.0            
      2209,  -360.0         ,  -600.0         ,  0.0            
      2210,  -320.0         ,  -600.0         ,  0.0            
      2211,  -360.0         ,  -560.0         ,  0.0            
      2212,  -320.0         ,  -560.0         ,  0.0            
      2213,  -480.0         ,  -640.0         ,  0.0            
      2214,  -440.0         ,  -640.0         ,  0.0            
      2215,  -480.0         ,  -680.0         ,  0.0            
      2216,  -480.0         ,  -720.0         ,  0.0            
      2217,  -440.0         ,  -680.0         ,  0.0            
      2218,  -440.0         ,  -720.0         ,  0.0            
      2219,  -480.0         ,  -600.0         ,  0.0            
      2220,  -440.0         ,  -600.0         ,  0.0            
      2221,  -480.0         ,  -560.0         ,  0.0            
      2222,  -440.0         ,  -560.0         ,  0.0            
      2223,  -400.0         ,  -960.0         ,  0.0            
      2224,  -400.0         ,  -920.0         ,  0.0            
      2225,  -400.0         ,  -880.0         ,  0.0            
      2226,  -400.0         ,  -840.0         ,  0.0            
      2227,  -400.0         ,  -800.0         ,  0.0            
      2228,  -360.0         ,  -880.0         ,  0.0            
      2229,  -320.0         ,  -880.0         ,  0.0            
      2230,  -360.0         ,  -920.0         ,  0.0            
      2231,  -360.0         ,  -960.0         ,  0.0            
      2232,  -320.0         ,  -920.0         ,  0.0            
      2233,  -320.0         ,  -960.0         ,  0.0            
      2234,  -360.0         ,  -840.0         ,  0.0            
      2235,  -320.0         ,  -840.0         ,  0.0            
      2236,  -360.0         ,  -800.0         ,  0.0            
      2237,  -320.0         ,  -800.0         ,  0.0            
      2238,  -480.0         ,  -880.0         ,  0.0            
      2239,  -440.0         ,  -880.0         ,  0.0            
      2240,  -480.0         ,  -920.0         ,  0.0            
      2241,  -480.0         ,  -960.0         ,  0.0            
      2242,  -440.0         ,  -920.0         ,  0.0            
      2243,  -440.0         ,  -960.0         ,  0.0            
      2244,  -480.0         ,  -800.0         ,  0.0            
      2245,  -480.0         ,  -840.0         ,  0.0            
      2246,  -440.0         ,  -800.0         ,  0.0            
      2247,  -440.0         ,  -840.0         ,  0.0            
      2248,  -40.0          ,  -760.0         ,  0.0            
      2249,  -80.0          ,  -760.0         ,  0.0            
      2250,  -120.0         ,  -760.0         ,  0.0            
      2251,  -160.0         ,  -760.0         ,  0.0            
      2252,  -200.0         ,  -760.0         ,  0.0            
      2253,  -240.0         ,  -760.0         ,  0.0            
      2254,  -120.0         ,  -720.0         ,  0.0            
      2255,  -120.0         ,  -680.0         ,  0.0            
      2256,  -120.0         ,  -640.0         ,  0.0            
      2257,  -120.0         ,  -600.0         ,  0.0            
      2258,  -120.0         ,  -560.0         ,  0.0            
      2259,  -80.0          ,  -640.0         ,  0.0            
      2260,  -40.0          ,  -640.0         ,  0.0            
      2261,  -80.0          ,  -680.0         ,  0.0            
      2262,  -80.0          ,  -720.0         ,  0.0            
      2263,  -40.0          ,  -680.0         ,  0.0            
      2264,  -40.0          ,  -720.0         ,  0.0            
      2265,  -80.0          ,  -600.0         ,  0.0            
      2266,  -40.0          ,  -600.0         ,  0.0            
      2267,  -80.0          ,  -560.0         ,  0.0            
      2268,  -40.0          ,  -560.0         ,  0.0            
      2269,  -240.0         ,  -640.0         ,  0.0            
      2270,  -200.0         ,  -640.0         ,  0.0            
      2271,  -160.0         ,  -640.0         ,  0.0            
      2272,  -200.0         ,  -680.0         ,  0.0            
      2273,  -200.0         ,  -720.0         ,  0.0            
      2274,  -240.0         ,  -680.0         ,  0.0            
      2275,  -240.0         ,  -720.0         ,  0.0            
      2276,  -160.0         ,  -680.0         ,  0.0            
      2277,  -160.0         ,  -720.0         ,  0.0            
      2278,  -200.0         ,  -560.0         ,  0.0            
      2279,  -200.0         ,  -600.0         ,  0.0            
      2280,  -240.0         ,  -560.0         ,  0.0            
      2281,  -240.0         ,  -600.0         ,  0.0            
      2282,  -160.0         ,  -560.0         ,  0.0            
      2283,  -160.0         ,  -600.0         ,  0.0            
      2284,  -120.0         ,  -960.0         ,  0.0            
      2285,  -120.0         ,  -920.0         ,  0.0            
      2286,  -120.0         ,  -880.0         ,  0.0            
      2287,  -120.0         ,  -840.0         ,  0.0            
      2288,  -120.0         ,  -800.0         ,  0.0            
      2289,  -80.0          ,  -880.0         ,  0.0            
      2290,  -40.0          ,  -880.0         ,  0.0            
      2291,  -80.0          ,  -920.0         ,  0.0            
      2292,  -80.0          ,  -960.0         ,  0.0            
      2293,  -40.0          ,  -920.0         ,  0.0            
      2294,  -40.0          ,  -960.0         ,  0.0            
      2295,  -80.0          ,  -840.0         ,  0.0            
      2296,  -40.0          ,  -840.0         ,  0.0            
      2297,  -80.0          ,  -800.0         ,  0.0            
      2298,  -40.0          ,  -800.0         ,  0.0            
      2299,  -240.0         ,  -880.0         ,  0.0            
      2300,  -200.0         ,  -880.0         ,  0.0            
      2301,  -160.0         ,  -880.0         ,  0.0            
      2302,  -200.0         ,  -920.0         ,  0.0            
      2303,  -200.0         ,  -960.0         ,  0.0            
      2304,  -240.0         ,  -920.0         ,  0.0            
      2305,  -240.0         ,  -960.0         ,  0.0            
      2306,  -160.0         ,  -920.0         ,  0.0            
      2307,  -160.0         ,  -960.0         ,  0.0            
      2308,  -200.0         ,  -800.0         ,  0.0            
      2309,  -200.0         ,  -840.0         ,  0.0            
      2310,  -240.0         ,  -800.0         ,  0.0            
      2311,  -240.0         ,  -840.0         ,  0.0            
      2312,  -160.0         ,  -800.0         ,  0.0            
      2313,  -160.0         ,  -840.0         ,  0.0            
      2314,  -520.0         ,  -40.0          ,  0.0            
      2315,  -520.0         ,  -80.0          ,  0.0            
      2316,  -520.0         ,  -120.0         ,  0.0            
      2317,  -520.0         ,  -160.0         ,  0.0            
      2318,  -520.0         ,  -200.0         ,  0.0            
      2319,  -520.0         ,  -240.0         ,  0.0            
      2320,  -520.0         ,  -280.0         ,  0.0            
      2321,  -520.0         ,  -320.0         ,  0.0            
      2322,  -520.0         ,  -360.0         ,  0.0            
      2323,  -520.0         ,  -400.0         ,  0.0            
      2324,  -520.0         ,  -440.0         ,  0.0            
      2325,  -520.0         ,  -480.0         ,  0.0            
      2326,  -560.0         ,  -240.0         ,  0.0            
      2327,  -600.0         ,  -240.0         ,  0.0            
      2328,  -640.0         ,  -240.0         ,  0.0            
      2329,  -680.0         ,  -240.0         ,  0.0            
      2330,  -720.0         ,  -240.0         ,  0.0            
      2331,  -760.0         ,  -240.0         ,  0.0            
      2332,  -800.0         ,  -240.0         ,  0.0            
      2333,  -840.0         ,  -240.0         ,  0.0            
      2334,  -880.0         ,  -240.0         ,  0.0            
      2335,  -920.0         ,  -240.0         ,  0.0            
      2336,  -960.0         ,  -240.0         ,  0.0            
      2337,  -760.0         ,  -200.0         ,  0.0            
      2338,  -760.0         ,  -160.0         ,  0.0            
      2339,  -760.0         ,  -120.0         ,  0.0            
      2340,  -760.0         ,  -80.0          ,  0.0            
      2341,  -760.0         ,  -40.0          ,  0.0            
      2342,  -640.0         ,  -200.0         ,  0.0            
      2343,  -640.0         ,  -160.0         ,  0.0            
      2344,  -640.0         ,  -120.0         ,  0.0            
      2345,  -640.0         ,  -80.0          ,  0.0            
      2346,  -640.0         ,  -40.0          ,  0.0            
      2347,  -600.0         ,  -120.0         ,  0.0            
      2348,  -560.0         ,  -120.0         ,  0.0            
      2349,  -600.0         ,  -200.0         ,  0.0            
      2350,  -560.0         ,  -200.0         ,  0.0            
      2351,  -600.0         ,  -160.0         ,  0.0            
      2352,  -560.0         ,  -160.0         ,  0.0            
      2353,  -600.0         ,  -80.0          ,  0.0            
      2354,  -560.0         ,  -80.0          ,  0.0            
      2355,  -600.0         ,  -40.0          ,  0.0            
      2356,  -560.0         ,  -40.0          ,  0.0            
      2357,  -720.0         ,  -120.0         ,  0.0            
      2358,  -680.0         ,  -120.0         ,  0.0            
      2359,  -720.0         ,  -160.0         ,  0.0            
      2360,  -720.0         ,  -200.0         ,  0.0            
      2361,  -680.0         ,  -160.0         ,  0.0            
      2362,  -680.0         ,  -200.0         ,  0.0            
      2363,  -720.0         ,  -80.0          ,  0.0            
      2364,  -680.0         ,  -80.0          ,  0.0            
      2365,  -720.0         ,  -40.0          ,  0.0            
      2366,  -680.0         ,  -40.0          ,  0.0            
      2367,  -960.0         ,  -120.0         ,  0.0            
      2368,  -920.0         ,  -120.0         ,  0.0            
      2369,  -880.0         ,  -120.0         ,  0.0            
      2370,  -840.0         ,  -120.0         ,  0.0            
      2371,  -800.0         ,  -120.0         ,  0.0            
      2372,  -880.0         ,  -160.0         ,  0.0            
      2373,  -880.0         ,  -200.0         ,  0.0            
      2374,  -960.0         ,  -160.0         ,  0.0            
      2375,  -960.0         ,  -200.0         ,  0.0            
      2376,  -920.0         ,  -160.0         ,  0.0            
      2377,  -920.0         ,  -200.0         ,  0.0            
      2378,  -800.0         ,  -160.0         ,  0.0            
      2379,  -840.0         ,  -160.0         ,  0.0            
      2380,  -800.0         ,  -200.0         ,  0.0            
      2381,  -840.0         ,  -200.0         ,  0.0            
      2382,  -880.0         ,  -40.0          ,  0.0            
      2383,  -880.0         ,  -80.0          ,  0.0            
      2384,  -920.0         ,  -40.0          ,  0.0            
      2385,  -960.0         ,  -40.0          ,  0.0            
      2386,  -920.0         ,  -80.0          ,  0.0            
      2387,  -960.0         ,  -80.0          ,  0.0            
      2388,  -800.0         ,  -40.0          ,  0.0            
      2389,  -840.0         ,  -40.0          ,  0.0            
      2390,  -800.0         ,  -80.0          ,  0.0            
      2391,  -840.0         ,  -80.0          ,  0.0            
      2392,  -760.0         ,  -480.0         ,  0.0            
      2393,  -760.0         ,  -440.0         ,  0.0            
      2394,  -760.0         ,  -400.0         ,  0.0            
      2395,  -760.0         ,  -360.0         ,  0.0            
      2396,  -760.0         ,  -320.0         ,  0.0            
      2397,  -760.0         ,  -280.0         ,  0.0            
      2398,  -720.0         ,  -400.0         ,  0.0            
      2399,  -680.0         ,  -400.0         ,  0.0            
      2400,  -640.0         ,  -400.0         ,  0.0            
      2401,  -600.0         ,  -400.0         ,  0.0            
      2402,  -560.0         ,  -400.0         ,  0.0            
      2403,  -640.0         ,  -440.0         ,  0.0            
      2404,  -640.0         ,  -480.0         ,  0.0            
      2405,  -680.0         ,  -440.0         ,  0.0            
      2406,  -720.0         ,  -440.0         ,  0.0            
      2407,  -680.0         ,  -480.0         ,  0.0            
      2408,  -720.0         ,  -480.0         ,  0.0            
      2409,  -600.0         ,  -440.0         ,  0.0            
      2410,  -600.0         ,  -480.0         ,  0.0            
      2411,  -560.0         ,  -440.0         ,  0.0            
      2412,  -560.0         ,  -480.0         ,  0.0            
      2413,  -640.0         ,  -280.0         ,  0.0            
      2414,  -640.0         ,  -320.0         ,  0.0            
      2415,  -640.0         ,  -360.0         ,  0.0            
      2416,  -680.0         ,  -320.0         ,  0.0            
      2417,  -720.0         ,  -320.0         ,  0.0            
      2418,  -680.0         ,  -280.0         ,  0.0            
      2419,  -720.0         ,  -280.0         ,  0.0            
      2420,  -680.0         ,  -360.0         ,  0.0            
      2421,  -720.0         ,  -360.0         ,  0.0            
      2422,  -560.0         ,  -320.0         ,  0.0            
      2423,  -600.0         ,  -320.0         ,  0.0            
      2424,  -560.0         ,  -280.0         ,  0.0            
      2425,  -600.0         ,  -280.0         ,  0.0            
      2426,  -560.0         ,  -360.0         ,  0.0            
      2427,  -600.0         ,  -360.0         ,  0.0            
      2428,  -960.0         ,  -400.0         ,  0.0            
      2429,  -920.0         ,  -400.0         ,  0.0            
      2430,  -880.0         ,  -400.0         ,  0.0            
      2431,  -840.0         ,  -400.0         ,  0.0            
      2432,  -800.0         ,  -400.0         ,  0.0            
      2433,  -880.0         ,  -440.0         ,  0.0            
      2434,  -880.0         ,  -480.0         ,  0.0            
      2435,  -920.0         ,  -440.0         ,  0.0            
      2436,  -960.0         ,  -440.0         ,  0.0            
      2437,  -920.0         ,  -480.0         ,  0.0            
      2438,  -960.0         ,  -480.0         ,  0.0            
      2439,  -800.0         ,  -440.0         ,  0.0            
      2440,  -840.0         ,  -440.0         ,  0.0            
      2441,  -800.0         ,  -480.0         ,  0.0            
      2442,  -840.0         ,  -480.0         ,  0.0            
      2443,  -880.0         ,  -280.0         ,  0.0            
      2444,  -880.0         ,  -320.0         ,  0.0            
      2445,  -880.0         ,  -360.0         ,  0.0            
      2446,  -920.0         ,  -320.0         ,  0.0            
      2447,  -960.0         ,  -320.0         ,  0.0            
      2448,  -920.0         ,  -280.0         ,  0.0            
      2449,  -960.0         ,  -280.0         ,  0.0            
      2450,  -920.0         ,  -360.0         ,  0.0            
      2451,  -960.0         ,  -360.0         ,  0.0            
      2452,  -800.0         ,  -320.0         ,  0.0            
      2453,  -840.0         ,  -320.0         ,  0.0            
      2454,  -800.0         ,  -280.0         ,  0.0            
      2455,  -840.0         ,  -280.0         ,  0.0            
      2456,  -800.0         ,  -360.0         ,  0.0            
      2457,  -840.0         ,  -360.0         ,  0.0            
      2458,  -40.0          ,  -240.0         ,  0.0            
      2459,  -80.0          ,  -240.0         ,  0.0            
      2460,  -120.0         ,  -240.0         ,  0.0            
      2461,  -160.0         ,  -240.0         ,  0.0            
      2462,  -200.0         ,  -240.0         ,  0.0            
      2463,  -240.0         ,  -240.0         ,  0.0            
      2464,  -280.0         ,  -240.0         ,  0.0            
      2465,  -320.0         ,  -240.0         ,  0.0            
      2466,  -360.0         ,  -240.0         ,  0.0            
      2467,  -400.0         ,  -240.0         ,  0.0            
      2468,  -440.0         ,  -240.0         ,  0.0            
      2469,  -480.0         ,  -240.0         ,  0.0            
      2470,  -240.0         ,  -200.0         ,  0.0            
      2471,  -240.0         ,  -160.0         ,  0.0            
      2472,  -240.0         ,  -120.0         ,  0.0            
      2473,  -240.0         ,  -80.0          ,  0.0            
      2474,  -240.0         ,  -40.0          ,  0.0            
      2475,  -120.0         ,  -200.0         ,  0.0            
      2476,  -120.0         ,  -160.0         ,  0.0            
      2477,  -120.0         ,  -120.0         ,  0.0            
      2478,  -120.0         ,  -80.0          ,  0.0            
      2479,  -120.0         ,  -40.0          ,  0.0            
      2480,  -80.0          ,  -120.0         ,  0.0            
      2481,  -40.0          ,  -120.0         ,  0.0            
      2482,  -80.0          ,  -160.0         ,  0.0            
      2483,  -80.0          ,  -200.0         ,  0.0            
      2484,  -40.0          ,  -160.0         ,  0.0            
      2485,  -40.0          ,  -200.0         ,  0.0            
      2486,  -80.0          ,  -40.0          ,  0.0            
      2487,  -80.0          ,  -80.0          ,  0.0            
      2488,  -40.0          ,  -40.0          ,  0.0            
      2489,  -40.0          ,  -80.0          ,  0.0            
      2490,  -200.0         ,  -120.0         ,  0.0            
      2491,  -160.0         ,  -120.0         ,  0.0            
      2492,  -200.0         ,  -200.0         ,  0.0            
      2493,  -160.0         ,  -200.0         ,  0.0            
      2494,  -200.0         ,  -160.0         ,  0.0            
      2495,  -160.0         ,  -160.0         ,  0.0            
      2496,  -200.0         ,  -80.0          ,  0.0            
      2497,  -160.0         ,  -80.0          ,  0.0            
      2498,  -200.0         ,  -40.0          ,  0.0            
      2499,  -160.0         ,  -40.0          ,  0.0            
      2500,  -360.0         ,  -200.0         ,  0.0            
      2501,  -360.0         ,  -160.0         ,  0.0            
      2502,  -360.0         ,  -120.0         ,  0.0            
      2503,  -360.0         ,  -80.0          ,  0.0            
      2504,  -360.0         ,  -40.0          ,  0.0            
      2505,  -320.0         ,  -120.0         ,  0.0            
      2506,  -280.0         ,  -120.0         ,  0.0            
      2507,  -320.0         ,  -200.0         ,  0.0            
      2508,  -280.0         ,  -200.0         ,  0.0            
      2509,  -320.0         ,  -160.0         ,  0.0            
      2510,  -280.0         ,  -160.0         ,  0.0            
      2511,  -320.0         ,  -40.0          ,  0.0            
      2512,  -320.0         ,  -80.0          ,  0.0            
      2513,  -280.0         ,  -40.0          ,  0.0            
      2514,  -280.0         ,  -80.0          ,  0.0            
      2515,  -480.0         ,  -120.0         ,  0.0            
      2516,  -440.0         ,  -120.0         ,  0.0            
      2517,  -400.0         ,  -120.0         ,  0.0            
      2518,  -440.0         ,  -160.0         ,  0.0            
      2519,  -440.0         ,  -200.0         ,  0.0            
      2520,  -480.0         ,  -160.0         ,  0.0            
      2521,  -480.0         ,  -200.0         ,  0.0            
      2522,  -400.0         ,  -160.0         ,  0.0            
      2523,  -400.0         ,  -200.0         ,  0.0            
      2524,  -440.0         ,  -40.0          ,  0.0            
      2525,  -440.0         ,  -80.0          ,  0.0            
      2526,  -480.0         ,  -40.0          ,  0.0            
      2527,  -480.0         ,  -80.0          ,  0.0            
      2528,  -400.0         ,  -40.0          ,  0.0            
      2529,  -400.0         ,  -80.0          ,  0.0            
      2530,  -240.0         ,  -480.0         ,  0.0            
      2531,  -240.0         ,  -440.0         ,  0.0            
      2532,  -240.0         ,  -400.0         ,  0.0            
      2533,  -240.0         ,  -360.0         ,  0.0            
      2534,  -240.0         ,  -320.0         ,  0.0            
      2535,  -240.0         ,  -280.0         ,  0.0            
      2536,  -200.0         ,  -400.0         ,  0.0            
      2537,  -160.0         ,  -400.0         ,  0.0            
      2538,  -120.0         ,  -400.0         ,  0.0            
      2539,  -80.0          ,  -400.0         ,  0.0            
      2540,  -40.0          ,  -400.0         ,  0.0            
      2541,  -120.0         ,  -440.0         ,  0.0            
      2542,  -120.0         ,  -480.0         ,  0.0            
      2543,  -160.0         ,  -440.0         ,  0.0            
      2544,  -200.0         ,  -440.0         ,  0.0            
      2545,  -160.0         ,  -480.0         ,  0.0            
      2546,  -200.0         ,  -480.0         ,  0.0            
      2547,  -80.0          ,  -440.0         ,  0.0            
      2548,  -80.0          ,  -480.0         ,  0.0            
      2549,  -40.0          ,  -440.0         ,  0.0            
      2550,  -40.0          ,  -480.0         ,  0.0            
      2551,  -120.0         ,  -280.0         ,  0.0            
      2552,  -120.0         ,  -320.0         ,  0.0            
      2553,  -120.0         ,  -360.0         ,  0.0            
      2554,  -160.0         ,  -320.0         ,  0.0            
      2555,  -200.0         ,  -320.0         ,  0.0            
      2556,  -160.0         ,  -280.0         ,  0.0            
      2557,  -200.0         ,  -280.0         ,  0.0            
      2558,  -160.0         ,  -360.0         ,  0.0            
      2559,  -200.0         ,  -360.0         ,  0.0            
      2560,  -40.0          ,  -320.0         ,  0.0            
      2561,  -80.0          ,  -320.0         ,  0.0            
      2562,  -40.0          ,  -280.0         ,  0.0            
      2563,  -80.0          ,  -280.0         ,  0.0            
      2564,  -40.0          ,  -360.0         ,  0.0            
      2565,  -80.0          ,  -360.0         ,  0.0            
      2566,  -480.0         ,  -400.0         ,  0.0            
      2567,  -440.0         ,  -400.0         ,  0.0            
      2568,  -400.0         ,  -400.0         ,  0.0            
      2569,  -360.0         ,  -400.0         ,  0.0            
      2570,  -320.0         ,  -400.0         ,  0.0            
      2571,  -280.0         ,  -400.0         ,  0.0            
      2572,  -400.0         ,  -440.0         ,  0.0            
      2573,  -400.0         ,  -480.0         ,  0.0            
      2574,  -440.0         ,  -440.0         ,  0.0            
      2575,  -480.0         ,  -440.0         ,  0.0            
      2576,  -440.0         ,  -480.0         ,  0.0            
      2577,  -480.0         ,  -480.0         ,  0.0            
      2578,  -320.0         ,  -440.0         ,  0.0            
      2579,  -320.0         ,  -480.0         ,  0.0            
      2580,  -360.0         ,  -440.0         ,  0.0            
      2581,  -360.0         ,  -480.0         ,  0.0            
      2582,  -280.0         ,  -440.0         ,  0.0            
      2583,  -280.0         ,  -480.0         ,  0.0            
      2584,  -400.0         ,  -280.0         ,  0.0            
      2585,  -400.0         ,  -320.0         ,  0.0            
      2586,  -400.0         ,  -360.0         ,  0.0            
      2587,  -440.0         ,  -320.0         ,  0.0            
      2588,  -480.0         ,  -320.0         ,  0.0            
      2589,  -440.0         ,  -280.0         ,  0.0            
      2590,  -480.0         ,  -280.0         ,  0.0            
      2591,  -440.0         ,  -360.0         ,  0.0            
      2592,  -480.0         ,  -360.0         ,  0.0            
      2593,  -280.0         ,  -320.0         ,  0.0            
      2594,  -320.0         ,  -320.0         ,  0.0            
      2595,  -360.0         ,  -320.0         ,  0.0            
      2596,  -320.0         ,  -280.0         ,  0.0            
      2597,  -280.0         ,  -280.0         ,  0.0            
      2598,  -360.0         ,  -280.0         ,  0.0            
      2599,  -320.0         ,  -360.0         ,  0.0            
      2600,  -280.0         ,  -360.0         ,  0.0            
      2601,  -360.0         ,  -360.0         ,  0.0            
*ELEMENT,TYPE=S4
         1,       325,       332,       321,       322
         2,       332,       333,       320,       321
         3,       333,       313,       314,       320
         4,       327,       330,       334,       326
         5,       326,       334,       332,       325
         6,       330,       331,       335,       334
         7,       334,       335,       333,       332
         8,       331,       311,       312,       335
         9,       335,       312,       313,       333
        10,       300,       301,       336,       329
        11,       329,       336,       337,       328
        12,       328,       337,       330,       327
        13,       309,       338,       302,       303
        14,       338,       336,       301,       302
        15,       311,       331,       339,       310
        16,       310,       339,       338,       309
        17,       331,       330,       337,       339
        18,       339,       337,       336,       338
        19,       282,       340,       342,       281
        20,       281,       342,       343,       280
        21,       280,       343,       324,       279
        22,       326,       344,       341,       327
        23,       344,       342,       340,       341
        24,       322,       323,       345,       325
        25,       325,       345,       344,       326
        26,       323,       324,       343,       345
        27,       345,       343,       342,       344
        28,       285,       298,       346,       284
        29,       284,       346,       347,       283
        30,       283,       347,       340,       282
        31,       329,       348,       299,       300
        32,       348,       346,       298,       299
        33,       327,       341,       349,       328
        34,       328,       349,       348,       329
        35,       341,       340,       347,       349
        36,       349,       347,       346,       348
        37,       355,       357,       351,       352
        38,       357,       358,       350,       351
        39,       358,       316,       317,       350
        40,       322,       321,       359,       356
        41,       356,       359,       357,       355
        42,       321,       320,       360,       359
        43,       359,       360,       358,       357
        44,       320,       314,       315,       360
        45,       360,       315,       316,       358
        46,       352,       353,       361,       355
        47,       355,       361,       362,       356
        48,       356,       362,       323,       322
        49,       277,       363,       354,       276
        50,       363,       361,       353,       354
        51,       279,       324,       364,       278
        52,       278,       364,       363,       277
        53,       324,       323,       362,       364
        54,       364,       362,       361,       363
        55,       365,       367,       257,       258
        56,       367,       368,       256,       257
        57,       368,       319,       255,       256
        58,       352,       351,       369,       366
        59,       366,       369,       367,       365
        60,       351,       350,       370,       369
        61,       369,       370,       368,       367
        62,       350,       317,       318,       370
        63,       370,       318,       319,       368
        64,       274,       371,       260,       261
        65,       371,       372,       259,       260
        66,       372,       365,       258,       259
        67,       276,       354,       373,       275
        68,       275,       373,       371,       274
        69,       366,       374,       353,       352
        70,       374,       373,       354,       353
        71,       365,       372,       374,       366
        72,       372,       371,       373,       374
        73,       382,       385,       387,       381
        74,       381,       387,       388,       380
        75,       380,       388,       376,       377
        76,       217,       389,       386,       216
        77,       389,       387,       385,       386
        78,       218,       390,       389,       217
        79,       390,       388,       387,       389
        80,       219,       375,       390,       218
        81,       375,       376,       388,       390
        82,       306,       307,       391,       384
        83,       384,       391,       392,       383
        84,       383,       392,       385,       382
        85,       214,       393,       308,       213
        86,       393,       391,       307,       308
        87,       216,       386,       394,       215
        88,       215,       394,       393,       214
        89,       386,       385,       392,       394
        90,       394,       392,       391,       393
        91,       311,       395,       397,       312
        92,       312,       397,       398,       313
        93,       313,       398,       379,       314
        94,       381,       399,       396,       382
        95,       399,       397,       395,       396
        96,       377,       378,       400,       380
        97,       380,       400,       399,       381
        98,       378,       379,       398,       400
        99,       400,       398,       397,       399
       100,       310,       401,       395,       311
       101,       401,       402,       396,       395
       102,       402,       383,       382,       396
       103,       303,       304,       403,       309
       104,       309,       403,       401,       310
       105,       304,       305,       404,       403
       106,       403,       404,       402,       401
       107,       305,       306,       384,       404
       108,       404,       384,       383,       402
       109,       407,       410,       412,       406
       110,       406,       412,       413,       405
       111,       405,       413,       251,       252
       112,       223,       414,       411,       222
       113,       414,       412,       410,       411
       114,       225,       250,       415,       224
       115,       224,       415,       414,       223
       116,       250,       251,       413,       415
       117,       415,       413,       412,       414
       118,       377,       376,       416,       409
       119,       409,       416,       417,       408
       120,       408,       417,       410,       407
       121,       220,       418,       375,       219
       122,       418,       416,       376,       375
       123,       222,       411,       419,       221
       124,       221,       419,       418,       220
       125,       411,       410,       417,       419
       126,       419,       417,       416,       418
       127,       319,       422,       254,       255
       128,       422,       423,       253,       254
       129,       423,       405,       252,       253
       130,       317,       420,       424,       318
       131,       318,       424,       422,       319
       132,       406,       425,       421,       407
       133,       425,       424,       420,       421
       134,       405,       423,       425,       406
       135,       423,       422,       424,       425
       136,       316,       426,       420,       317
       137,       426,       427,       421,       420
       138,       427,       408,       407,       421
       139,       314,       379,       428,       315
       140,       315,       428,       426,       316
       141,       409,       429,       378,       377
       142,       429,       428,       379,       378
       143,       408,       427,       429,       409
       144,       427,       426,       428,       429
       145,       451,       453,       447,       448
       146,       453,       454,       446,       447
       147,       454,       442,       443,       446
       148,       432,       433,       455,       452
       149,       452,       455,       453,       451
       150,       441,       456,       434,       435
       151,       456,       455,       433,       434
       152,       442,       454,       456,       441
       153,       454,       453,       455,       456
       154,       289,       457,       450,       288
       155,       457,       458,       449,       450
       156,       458,       451,       448,       449
       157,       291,       430,       459,       290
       158,       290,       459,       457,       289
       159,       430,       431,       460,       459
       160,       459,       460,       458,       457
       161,       431,       432,       452,       460
       162,       460,       452,       451,       458
       163,       303,       302,       463,       445
       164,       445,       463,       464,       444
       165,       444,       464,       446,       443
       166,       461,       465,       301,       300
       167,       465,       463,       302,       301
       168,       448,       447,       466,       462
       169,       462,       466,       465,       461
       170,       447,       446,       464,       466
       171,       466,       464,       463,       465
       172,       286,       467,       298,       285
       173,       467,       468,       299,       298
       174,       468,       461,       300,       299
       175,       288,       450,       469,       287
       176,       287,       469,       467,       286
       177,       462,       470,       449,       448
       178,       470,       469,       450,       449
       179,       461,       468,       470,       462
       180,       468,       467,       469,       470
       181,       471,       478,       437,       438
       182,       478,       479,       436,       437
       183,       479,       441,       435,       436
       184,       473,       476,       480,       472
       185,       472,       480,       478,       471
       186,       442,       481,       477,       443
       187,       481,       480,       476,       477
       188,       441,       479,       481,       442
       189,       479,       478,       480,       481
       190,       306,       305,       482,       475
       191,       475,       482,       483,       474
       192,       474,       483,       476,       473
       193,       445,       484,       304,       303
       194,       484,       482,       305,       304
       195,       443,       477,       485,       444
       196,       444,       485,       484,       445
       197,       477,       476,       483,       485
       198,       485,       483,       482,       484
       199,       210,       486,       488,       209
       200,       209,       488,       489,       208
       201,       208,       489,       440,       207
       202,       472,       490,       487,       473
       203,       490,       488,       486,       487
       204,       438,       439,       491,       471
       205,       471,       491,       490,       472
       206,       439,       440,       489,       491
       207,       491,       489,       488,       490
       208,       213,       308,       492,       212
       209,       212,       492,       493,       211
       210,       211,       493,       486,       210
       211,       475,       494,       307,       306
       212,       494,       492,       308,       307
       213,       474,       495,       494,       475
       214,       495,       493,       492,       494
       215,       473,       487,       495,       474
       216,       487,       486,       493,       495
       217,       498,       502,       509,       497
       218,       497,       509,       510,       496
       219,       496,       510,       120,       121
       220,       507,       511,       503,       504
       221,       511,       509,       502,       503
       222,       118,       119,       512,       508
       223,       508,       512,       511,       507
       224,       119,       120,       510,       512
       225,       512,       510,       509,       511
       226,       504,       505,       513,       507
       227,       507,       513,       514,       508
       228,       508,       514,       117,       118
       229,       296,       515,       506,       295
       230,       515,       513,       505,       506
       231,       115,       116,       516,       297
       232,       297,       516,       515,       296
       233,       116,       117,       514,       516
       234,       516,       514,       513,       515
       235,       518,       520,       522,       517
       236,       517,       522,       433,       432
       237,       520,       521,       523,       522
       238,       522,       523,       434,       433
       239,       521,       500,       501,       523
       240,       523,       501,       435,       434
       241,       504,       503,       524,       519
       242,       519,       524,       520,       518
       243,       499,       525,       502,       498
       244,       525,       524,       503,       502
       245,       500,       521,       525,       499
       246,       521,       520,       524,       525
       247,       293,       526,       528,       292
       248,       292,       528,       430,       291
       249,       526,       527,       529,       528
       250,       528,       529,       431,       430
       251,       527,       518,       517,       529
       252,       529,       517,       432,       431
       253,       295,       506,       530,       294
       254,       294,       530,       526,       293
       255,       519,       531,       505,       504
       256,       531,       530,       506,       505
       257,       518,       527,       531,       519
       258,       527,       526,       530,       531
       259,       203,       532,       539,       202
       260,       202,       539,       540,       201
       261,       201,       540,       126,       127
       262,       537,       541,       533,       534
       263,       541,       539,       532,       533
       264,       124,       125,       542,       538
       265,       538,       542,       541,       537
       266,       125,       126,       540,       542
       267,       542,       540,       539,       541
       268,       534,       535,       543,       537
       269,       537,       543,       544,       538
       270,       538,       544,       123,       124
       271,       497,       545,       536,       498
       272,       545,       543,       535,       536
       273,       121,       122,       546,       496
       274,       496,       546,       545,       497
       275,       122,       123,       544,       546
       276,       546,       544,       543,       545
       277,       548,       550,       552,       547
       278,       547,       552,       439,       438
       279,       550,       551,       553,       552
       280,       552,       553,       440,       439
       281,       551,       205,       206,       553
       282,       553,       206,       207,       440
       283,       534,       533,       554,       549
       284,       549,       554,       550,       548
       285,       204,       555,       532,       203
       286,       555,       554,       533,       532
       287,       205,       551,       555,       204
       288,       551,       550,       554,       555
       289,       500,       556,       558,       501
       290,       501,       558,       436,       435
       291,       556,       557,       559,       558
       292,       558,       559,       437,       436
       293,       557,       548,       547,       559
       294,       559,       547,       438,       437
       295,       498,       536,       560,       499
       296,       499,       560,       556,       500
       297,       549,       561,       535,       534
       298,       561,       560,       536,       535
       299,       548,       557,       561,       549
       300,       557,       556,       560,       561
       301,       592,       595,       597,       591
       302,       591,       597,       598,       590
       303,       590,       598,       586,       587
       304,       577,       599,       596,       576
       305,       599,       597,       595,       596
       306,       579,       585,       600,       578
       307,       578,       600,       599,       577
       308,       585,       586,       598,       600
       309,       600,       598,       597,       599
       310,       564,       565,       601,       594
       311,       594,       601,       602,       593
       312,       593,       602,       595,       592
       313,       574,       603,       566,       567
       314,       603,       601,       565,       566
       315,       576,       596,       604,       575
       316,       575,       604,       603,       574
       317,       596,       595,       602,       604
       318,       604,       602,       601,       603
       319,        85,       607,       589,        84
       320,       607,       608,       588,       589
       321,       608,       590,       587,       588
       322,        87,       605,       609,        86
       323,        86,       609,       607,        85
       324,       591,       610,       606,       592
       325,       610,       609,       605,       606
       326,       590,       608,       610,       591
       327,       608,       607,       609,       610
       328,        88,       611,       605,        87
       329,       611,       612,       606,       605
       330,       612,       593,       592,       606
       331,        90,       562,       613,        89
       332,        89,       613,       611,        88
       333,       562,       563,       614,       613
       334,       613,       614,       612,       611
       335,       563,       564,       594,       614
       336,       614,       594,       593,       612
       337,       617,       620,       622,       616
       338,       616,       622,       623,       615
       339,       615,       623,       270,       271
       340,       583,       624,       621,       582
       341,       624,       622,       620,       621
       342,       268,       269,       625,       584
       343,       584,       625,       624,       583
       344,       269,       270,       623,       625
       345,       625,       623,       622,       624
       346,       618,       626,       620,       617
       347,       626,       627,       621,       620
       348,       627,       581,       582,       621
       349,       587,       586,       628,       619
       350,       619,       628,       626,       618
       351,       586,       585,       629,       628
       352,       628,       629,       627,       626
       353,       585,       579,       580,       629
       354,       629,       580,       581,       627
       355,        79,       632,       273,        78
       356,       632,       633,       272,       273
       357,       633,       615,       271,       272
       358,        81,       630,       634,        80
       359,        80,       634,       632,        79
       360,       616,       635,       631,       617
       361,       635,       634,       630,       631
       362,       615,       633,       635,       616
       363,       633,       632,       634,       635
       364,        82,       636,       630,        81
       365,       636,       637,       631,       630
       366,       637,       618,       617,       631
       367,        84,       589,       638,        83
       368,        83,       638,       636,        82
       369,       619,       639,       588,       587
       370,       639,       638,       589,       588
       371,       618,       637,       639,       619
       372,       637,       636,       638,       639
       373,       648,       651,       653,       647
       374,       647,       653,       654,       646
       375,       646,       654,       641,       642
       376,       281,       655,       652,       282
       377,       655,       653,       651,       652
       378,       279,       640,       656,       280
       379,       280,       656,       655,       281
       380,       640,       641,       654,       656
       381,       656,       654,       653,       655
       382,       571,       572,       657,       650
       383,       650,       657,       658,       649
       384,       649,       658,       651,       648
       385,       284,       659,       573,       285
       386,       659,       657,       572,       573
       387,       282,       652,       660,       283
       388,       283,       660,       659,       284
       389,       652,       651,       658,       660
       390,       660,       658,       657,       659
       391,       664,       666,       661,       662
       392,       666,       577,       576,       661
       393,       644,       645,       667,       665
       394,       665,       667,       666,       664
       395,       645,       579,       578,       667
       396,       667,       578,       577,       666
       397,       647,       668,       663,       648
       398,       668,       664,       662,       663
       399,       646,       669,       668,       647
       400,       669,       665,       664,       668
       401,       642,       643,       669,       646
       402,       643,       644,       665,       669
       403,       670,       672,       568,       569
       404,       672,       574,       567,       568
       405,       671,       673,       672,       670
       406,       673,       575,       574,       672
       407,       662,       661,       673,       671
       408,       661,       576,       575,       673
       409,       650,       674,       570,       571
       410,       674,       670,       569,       570
       411,       649,       675,       674,       650
       412,       675,       671,       670,       674
       413,       648,       663,       675,       649
       414,       663,       662,       671,       675
       415,       678,       681,       683,       677
       416,       677,       683,       684,       676
       417,       676,       684,       263,       264
       418,       275,       685,       682,       276
       419,       685,       683,       681,       682
       420,       261,       262,       686,       274
       421,       274,       686,       685,       275
       422,       262,       263,       684,       686
       423,       686,       684,       683,       685
       424,       642,       641,       687,       680
       425,       680,       687,       688,       679
       426,       679,       688,       681,       678
       427,       278,       689,       640,       279
       428,       689,       687,       641,       640
       429,       277,       690,       689,       278
       430,       690,       688,       687,       689
       431,       276,       682,       690,       277
       432,       682,       681,       688,       690
       433,       694,       696,       691,       692
       434,       696,       583,       582,       691
       435,       266,       267,       697,       695
       436,       695,       697,       696,       694
       437,       267,       268,       584,       697
       438,       697,       584,       583,       696
       439,       677,       698,       693,       678
       440,       698,       694,       692,       693
       441,       676,       699,       698,       677
       442,       699,       695,       694,       698
       443,       264,       265,       699,       676
       444,       265,       266,       695,       699
       445,       700,       702,       645,       644
       446,       702,       580,       579,       645
       447,       701,       703,       702,       700
       448,       703,       581,       580,       702
       449,       692,       691,       703,       701
       450,       691,       582,       581,       703
       451,       680,       704,       643,       642
       452,       704,       700,       644,       643
       453,       679,       705,       704,       680
       454,       705,       701,       700,       704
       455,       678,       693,       705,       679
       456,       693,       692,       701,       705
       457,       728,       730,       724,       725
       458,       730,       731,       723,       724
       459,       731,       719,       720,       723
       460,       708,       709,       732,       729
       461,       729,       732,       730,       728
       462,       709,       710,       733,       732
       463,       732,       733,       731,       730
       464,       710,       711,       718,       733
       465,       733,       718,       719,       731
       466,       725,       726,       734,       728
       467,       728,       734,       735,       729
       468,       729,       735,       707,       708
       469,        94,       736,       727,        93
       470,       736,       734,       726,       727
       471,        96,       706,       737,        95
       472,        95,       737,       736,        94
       473,       706,       707,       735,       737
       474,       737,       735,       734,       736
       475,       738,       740,       565,       564
       476,       740,       741,       566,       565
       477,       741,       722,       567,       566
       478,       725,       724,       742,       739
       479,       739,       742,       740,       738
       480,       721,       743,       723,       720
       481,       743,       742,       724,       723
       482,       722,       741,       743,       721
       483,       741,       740,       742,       743
       484,        91,       744,       562,        90
       485,       744,       745,       563,       562
       486,       745,       738,       564,       563
       487,        93,       727,       746,        92
       488,        92,       746,       744,        91
       489,       727,       726,       747,       746
       490,       746,       747,       745,       744
       491,       726,       725,       739,       747
       492,       747,       739,       738,       745
       493,       750,       753,       755,       749
       494,       749,       755,       756,       748
       495,       748,       756,       713,       714
       496,       719,       757,       754,       720
       497,       757,       755,       753,       754
       498,       711,       712,       758,       718
       499,       718,       758,       757,       719
       500,       712,       713,       756,       758
       501,       758,       756,       755,       757
       502,       570,       569,       759,       752
       503,       752,       759,       760,       751
       504,       751,       760,       753,       750
       505,       722,       761,       568,       567
       506,       761,       759,       569,       568
       507,       720,       754,       762,       721
       508,       721,       762,       761,       722
       509,       754,       753,       760,       762
       510,       762,       760,       759,       761
       511,       766,       768,       763,       764
       512,       768,       289,       288,       763
       513,       716,       717,       769,       767
       514,       767,       769,       768,       766
       515,       717,       291,       290,       769
       516,       769,       290,       289,       768
       517,       749,       770,       765,       750
       518,       770,       766,       764,       765
       519,       714,       715,       771,       748
       520,       748,       771,       770,       749
       521,       715,       716,       767,       771
       522,       771,       767,       766,       770
       523,       772,       774,       573,       572
       524,       774,       286,       285,       573
       525,       764,       763,       775,       773
       526,       773,       775,       774,       772
       527,       763,       288,       287,       775
       528,       775,       287,       286,       774
       529,       752,       776,       571,       570
       530,       776,       772,       572,       571
       531,       750,       765,       777,       751
       532,       751,       777,       776,       752
       533,       765,       764,       773,       777
       534,       777,       773,       772,       776
       535,       789,       791,       785,       786
       536,       791,       792,       784,       785
       537,       792,       779,       780,       784
       538,       105,       106,       793,       790
       539,       790,       793,       791,       789
       540,       106,       107,       794,       793
       541,       793,       794,       792,       791
       542,       107,       108,       778,       794
       543,       794,       778,       779,       792
       544,       101,       795,       788,       100
       545,       795,       796,       787,       788
       546,       796,       789,       786,       787
       547,         3,       103,       797,       102
       548,       102,       797,       795,       101
       549,       103,       104,       798,       797
       550,       797,       798,       796,       795
       551,       104,       105,       790,       798
       552,       798,       790,       789,       796
       553,       800,       802,       804,       799
       554,       799,       804,       709,       708
       555,       802,       803,       805,       804
       556,       804,       805,       710,       709
       557,       803,       782,       783,       805
       558,       805,       783,       711,       710
       559,       786,       785,       806,       801
       560,       801,       806,       802,       800
       561,       781,       807,       784,       780
       562,       807,       806,       785,       784
       563,       782,       803,       807,       781
       564,       803,       802,       806,       807
       565,        98,       808,       810,        97
       566,        97,       810,       706,        96
       567,       808,       809,       811,       810
       568,       810,       811,       707,       706
       569,       809,       800,       799,       811
       570,       811,       799,       708,       707
       571,       100,       788,       812,        99
       572,        99,       812,       808,        98
       573,       801,       813,       787,       786
       574,       813,       812,       788,       787
       575,       800,       809,       813,       801
       576,       809,       808,       812,       813
       577,       816,       820,       822,       815
       578,       815,       822,       823,       814
       579,       814,       823,       110,       111
       580,       779,       824,       821,       780
       581,       824,       822,       820,       821
       582,       108,       109,       825,       778
       583,       778,       825,       824,       779
       584,       109,       110,       823,       825
       585,       825,       823,       822,       824
       586,       818,       826,       828,       817
       587,       817,       828,       820,       816
       588,       781,       829,       827,       782
       589,       829,       828,       826,       827
       590,       780,       821,       829,       781
       591,       821,       820,       828,       829
       592,       714,       713,       830,       819
       593,       819,       830,       826,       818
       594,       713,       712,       831,       830
       595,       830,       831,       827,       826
       596,       712,       711,       783,       831
       597,       831,       783,       782,       827
       598,       835,       837,       832,       833
       599,       837,       296,       295,       832
       600,       836,       838,       837,       835
       601,       838,       297,       296,       837
       602,       113,       114,       838,       836
       603,       114,       115,       297,       838
       604,       815,       839,       834,       816
       605,       839,       835,       833,       834
       606,       111,       112,       840,       814
       607,       814,       840,       839,       815
       608,       112,       113,       836,       840
       609,       840,       836,       835,       839
       610,       293,       841,       845,       294
       611,       294,       845,       832,       295
       612,       841,       842,       844,       845
       613,       845,       844,       833,       832
       614,       817,       846,       843,       818
       615,       846,       844,       842,       843
       616,       816,       834,       846,       817
       617,       834,       833,       844,       846
       618,       291,       717,       848,       292
       619,       292,       848,       841,       293
       620,       717,       716,       847,       848
       621,       848,       847,       842,       841
       622,       819,       849,       715,       714
       623,       849,       847,       716,       715
       624,       818,       843,       849,       819
       625,       843,       842,       847,       849
       626,       906,       908,       902,       903
       627,       908,       909,       901,       902
       628,       909,       897,       898,       901
       629,       887,       888,       910,       907
       630,       907,       910,       908,       906
       631,       896,       911,       889,       890
       632,       911,       910,       888,       889
       633,       897,       909,       911,       896
       634,       909,       908,       910,       911
       635,       903,       904,       912,       906
       636,       906,       912,       913,       907
       637,       907,       913,       886,       887
       638,       853,       914,       905,       852
       639,       914,       912,       904,       905
       640,       854,       915,       914,       853
       641,       915,       913,       912,       914
       642,       855,       885,       915,       854
       643,       885,       886,       913,       915
       644,       916,       918,        37,        38
       645,       918,       919,        36,        37
       646,       919,       900,        35,        36
       647,       903,       902,       920,       917
       648,       917,       920,       918,       916
       649,       899,       921,       901,       898
       650,       921,       920,       902,       901
       651,       900,       919,       921,       899
       652,       919,       918,       920,       921
       653,       850,       922,        40,        41
       654,       922,       923,        39,        40
       655,       923,       916,        38,        39
       656,       852,       905,       924,       851
       657,       851,       924,       922,       850
       658,       917,       925,       904,       903
       659,       925,       924,       905,       904
       660,       916,       923,       925,       917
       661,       923,       922,       924,       925
       662,       931,       933,       927,       928
       663,       933,       934,       926,       927
       664,       934,       246,       247,       926
       665,       893,       894,       935,       932
       666,       932,       935,       933,       931
       667,       245,       936,       895,       244
       668,       936,       935,       894,       895
       669,       246,       934,       936,       245
       670,       934,       933,       935,       936
       671,       928,       929,       937,       931
       672,       931,       937,       938,       932
       673,       932,       938,       892,       893
       674,       897,       939,       930,       898
       675,       939,       937,       929,       930
       676,       896,       940,       939,       897
       677,       940,       938,       937,       939
       678,       890,       891,       940,       896
       679,       891,       892,       938,       940
       680,       941,       943,        31,        32
       681,       943,       944,        30,        31
       682,       944,       249,        29,        30
       683,       928,       927,       945,       942
       684,       942,       945,       943,       941
       685,       927,       926,       946,       945
       686,       945,       946,       944,       943
       687,       926,       247,       248,       946
       688,       946,       248,       249,       944
       689,       900,       947,        34,        35
       690,       947,       948,        33,        34
       691,       948,       941,        32,        33
       692,       898,       930,       949,       899
       693,       899,       949,       947,       900
       694,       930,       929,       950,       949
       695,       949,       950,       948,       947
       696,       929,       928,       942,       950
       697,       950,       942,       941,       948
       698,       961,       963,       957,       958
       699,       963,       964,       956,       957
       700,       964,       952,       953,       956
       701,       876,       877,       965,       962
       702,       962,       965,       963,       961
       703,       877,       878,       966,       965
       704,       965,       966,       964,       963
       705,       878,       879,       951,       966
       706,       966,       951,       952,       964
       707,       958,       959,       967,       961
       708,       961,       967,       968,       962
       709,       962,       968,       875,       876
       710,       859,       969,       960,       858
       711,       969,       967,       959,       960
       712,       860,       970,       969,       859
       713,       970,       968,       967,       969
       714,       861,       874,       970,       860
       715,       874,       875,       968,       970
       716,       971,       973,       888,       887
       717,       973,       974,       889,       888
       718,       974,       955,       890,       889
       719,       958,       957,       975,       972
       720,       972,       975,       973,       971
       721,       954,       976,       956,       953
       722,       976,       975,       957,       956
       723,       955,       974,       976,       954
       724,       974,       973,       975,       976
       725,       887,       886,       977,       971
       726,       971,       977,       978,       972
       727,       972,       978,       959,       958
       728,       856,       979,       885,       855
       729,       979,       977,       886,       885
       730,       857,       980,       979,       856
       731,       980,       978,       977,       979
       732,       858,       960,       980,       857
       733,       960,       959,       978,       980
       734,       241,       981,       988,       240
       735,       240,       988,       989,       239
       736,       239,       989,       884,       238
       737,       986,       990,       982,       983
       738,       990,       988,       981,       982
       739,       882,       883,       991,       987
       740,       987,       991,       990,       986
       741,       883,       884,       989,       991
       742,       991,       989,       988,       990
       743,       983,       984,       992,       986
       744,       986,       992,       993,       987
       745,       987,       993,       881,       882
       746,       952,       994,       985,       953
       747,       994,       992,       984,       985
       748,       951,       995,       994,       952
       749,       995,       993,       992,       994
       750,       879,       880,       995,       951
       751,       880,       881,       993,       995
       752,       996,       998,       894,       893
       753,       998,       999,       895,       894
       754,       999,       243,       244,       895
       755,       983,       982,      1000,       997
       756,       997,      1000,       998,       996
       757,       982,       981,      1001,      1000
       758,      1000,      1001,       999,       998
       759,       981,       241,       242,      1001
       760,      1001,       242,       243,       999
       761,       955,      1002,       891,       890
       762,      1002,      1003,       892,       891
       763,      1003,       996,       893,       892
       764,       953,       985,      1004,       954
       765,       954,      1004,      1002,       955
       766,       997,      1005,       984,       983
       767,      1005,      1004,       985,       984
       768,       996,      1003,      1005,       997
       769,      1003,      1002,      1004,      1005
       770,      1027,      1029,      1023,      1024
       771,      1029,      1030,      1022,      1023
       772,      1030,      1018,      1019,      1022
       773,      1008,      1009,      1031,      1028
       774,      1028,      1031,      1029,      1027
       775,      1009,      1010,      1032,      1031
       776,      1031,      1032,      1030,      1029
       777,      1010,      1011,      1017,      1032
       778,      1032,      1017,      1018,      1030
       779,      1024,      1025,      1033,      1027
       780,      1027,      1033,      1034,      1028
       781,      1028,      1034,      1007,      1008
       782,       865,      1035,      1026,       864
       783,      1035,      1033,      1025,      1026
       784,       867,      1006,      1036,       866
       785,       866,      1036,      1035,       865
       786,      1006,      1007,      1034,      1036
       787,      1036,      1034,      1033,      1035
       788,      1037,      1039,       877,       876
       789,      1039,      1040,       878,       877
       790,      1040,      1021,       879,       878
       791,      1024,      1023,      1041,      1038
       792,      1038,      1041,      1039,      1037
       793,      1020,      1042,      1022,      1019
       794,      1042,      1041,      1023,      1022
       795,      1021,      1040,      1042,      1020
       796,      1040,      1039,      1041,      1042
       797,       876,       875,      1043,      1037
       798,      1037,      1043,      1044,      1038
       799,      1038,      1044,      1025,      1024
       800,       862,      1045,       874,       861
       801,      1045,      1043,       875,       874
       802,       864,      1026,      1046,       863
       803,       863,      1046,      1045,       862
       804,      1026,      1025,      1044,      1046
       805,      1046,      1044,      1043,      1045
       806,       235,      1047,      1054,       234
       807,       234,      1054,      1055,       233
       808,       233,      1055,      1016,       232
       809,      1052,      1056,      1048,      1049
       810,      1056,      1054,      1047,      1048
       811,      1014,      1015,      1057,      1053
       812,      1053,      1057,      1056,      1052
       813,      1015,      1016,      1055,      1057
       814,      1057,      1055,      1054,      1056
       815,      1018,      1058,      1051,      1019
       816,      1058,      1059,      1050,      1051
       817,      1059,      1052,      1049,      1050
       818,      1011,      1012,      1060,      1017
       819,      1017,      1060,      1058,      1018
       820,      1053,      1061,      1013,      1014
       821,      1061,      1060,      1012,      1013
       822,      1052,      1059,      1061,      1053
       823,      1059,      1058,      1060,      1061
       824,       238,       884,      1064,       237
       825,       237,      1064,      1065,       236
       826,       236,      1065,      1047,       235
       827,      1062,      1066,       883,       882
       828,      1066,      1064,       884,       883
       829,      1049,      1048,      1067,      1063
       830,      1063,      1067,      1066,      1062
       831,      1048,      1047,      1065,      1067
       832,      1067,      1065,      1064,      1066
       833,      1021,      1068,       880,       879
       834,      1068,      1069,       881,       880
       835,      1069,      1062,       882,       881
       836,      1019,      1051,      1070,      1020
       837,      1020,      1070,      1068,      1021
       838,      1051,      1050,      1071,      1070
       839,      1070,      1071,      1069,      1068
       840,      1050,      1049,      1063,      1071
       841,      1071,      1063,      1062,      1069
       842,      1083,      1085,      1079,      1080
       843,      1085,      1086,      1078,      1079
       844,      1086,      1073,      1074,      1078
       845,       258,       257,      1087,      1084
       846,      1084,      1087,      1085,      1083
       847,      1072,      1088,       256,       255
       848,      1088,      1087,       257,       256
       849,      1073,      1086,      1088,      1072
       850,      1086,      1085,      1087,      1088
       851,       872,      1089,      1082,       871
       852,      1089,      1090,      1081,      1082
       853,      1090,      1083,      1080,      1081
       854,       261,       260,      1091,       873
       855,       873,      1091,      1089,       872
       856,      1084,      1092,       259,       258
       857,      1092,      1091,       260,       259
       858,      1083,      1090,      1092,      1084
       859,      1090,      1089,      1091,      1092
       860,      1094,      1096,      1098,      1093
       861,      1093,      1098,      1009,      1008
       862,      1077,      1099,      1097,      1076
       863,      1099,      1098,      1096,      1097
       864,      1011,      1010,      1099,      1077
       865,      1010,      1009,      1098,      1099
       866,      1080,      1079,      1100,      1095
       867,      1095,      1100,      1096,      1094
       868,      1079,      1078,      1101,      1100
       869,      1100,      1101,      1097,      1096
       870,      1078,      1074,      1075,      1101
       871,      1101,      1075,      1076,      1097
       872,       869,      1102,      1104,       868
       873,       868,      1104,      1006,       867
       874,      1093,      1105,      1103,      1094
       875,      1105,      1104,      1102,      1103
       876,      1008,      1007,      1105,      1093
       877,      1007,      1006,      1104,      1105
       878,       871,      1082,      1106,       870
       879,       870,      1106,      1102,       869
       880,      1082,      1081,      1107,      1106
       881,      1106,      1107,      1103,      1102
       882,      1081,      1080,      1095,      1107
       883,      1107,      1095,      1094,      1103
       884,       228,      1108,      1115,       227
       885,       227,      1115,      1116,       226
       886,       226,      1116,       250,       225
       887,      1113,      1117,      1109,      1110
       888,      1117,      1115,      1108,      1109
       889,       252,       251,      1118,      1114
       890,      1114,      1118,      1117,      1113
       891,       251,       250,      1116,      1118
       892,      1118,      1116,      1115,      1117
       893,      1073,      1119,      1112,      1074
       894,      1119,      1120,      1111,      1112
       895,      1120,      1113,      1110,      1111
       896,       255,       254,      1121,      1072
       897,      1072,      1121,      1119,      1073
       898,      1114,      1122,       253,       252
       899,      1122,      1121,       254,       253
       900,      1113,      1120,      1122,      1114
       901,      1120,      1119,      1121,      1122
       902,      1124,      1126,      1128,      1123
       903,      1123,      1128,      1015,      1014
       904,      1126,      1127,      1129,      1128
       905,      1128,      1129,      1016,      1015
       906,      1127,       230,       231,      1129
       907,      1129,       231,       232,      1016
       908,      1110,      1109,      1130,      1125
       909,      1125,      1130,      1126,      1124
       910,      1109,      1108,      1131,      1130
       911,      1130,      1131,      1127,      1126
       912,      1108,       228,       229,      1131
       913,      1131,       229,       230,      1127
       914,      1076,      1132,      1134,      1077
       915,      1077,      1134,      1012,      1011
       916,      1132,      1133,      1135,      1134
       917,      1134,      1135,      1013,      1012
       918,      1133,      1124,      1123,      1135
       919,      1135,      1123,      1014,      1013
       920,      1074,      1112,      1136,      1075
       921,      1075,      1136,      1132,      1076
       922,      1125,      1137,      1111,      1110
       923,      1137,      1136,      1112,      1111
       924,      1124,      1133,      1137,      1125
       925,      1133,      1132,      1136,      1137
       926,      1168,      1171,      1173,      1167
       927,      1167,      1173,      1174,      1166
       928,      1166,      1174,      1162,      1163
       929,      1153,      1175,      1172,      1152
       930,      1175,      1173,      1171,      1172
       931,      1154,      1176,      1175,      1153
       932,      1176,      1174,      1173,      1175
       933,      1155,      1161,      1176,      1154
       934,      1161,      1162,      1174,      1176
       935,      1140,      1141,      1177,      1170
       936,      1170,      1177,      1178,      1169
       937,      1169,      1178,      1171,      1168
       938,      1150,      1179,      1142,      1143
       939,      1179,      1177,      1141,      1142
       940,      1151,      1180,      1179,      1150
       941,      1180,      1178,      1177,      1179
       942,      1152,      1172,      1180,      1151
       943,      1172,      1171,      1178,      1180
       944,        60,      1183,      1165,        59
       945,      1183,      1184,      1164,      1165
       946,      1184,      1166,      1163,      1164
       947,        62,      1181,      1185,        61
       948,        61,      1185,      1183,        60
       949,      1167,      1186,      1182,      1168
       950,      1186,      1185,      1181,      1182
       951,      1166,      1184,      1186,      1167
       952,      1184,      1183,      1185,      1186
       953,        63,      1187,      1181,        62
       954,      1187,      1188,      1182,      1181
       955,      1188,      1169,      1168,      1182
       956,        65,      1138,      1189,        64
       957,        64,      1189,      1187,        63
       958,      1170,      1190,      1139,      1140
       959,      1190,      1189,      1138,      1139
       960,      1169,      1188,      1190,      1170
       961,      1188,      1187,      1189,      1190
       962,      1191,      1198,        50,        51
       963,      1198,      1199,        49,        50
       964,      1199,      1160,        48,        49
       965,      1193,      1196,      1200,      1192
       966,      1192,      1200,      1198,      1191
       967,      1159,      1201,      1197,      1158
       968,      1201,      1200,      1196,      1197
       969,      1160,      1199,      1201,      1159
       970,      1199,      1198,      1200,      1201
       971,      1163,      1162,      1202,      1195
       972,      1195,      1202,      1203,      1194
       973,      1194,      1203,      1196,      1193
       974,      1156,      1204,      1161,      1155
       975,      1204,      1202,      1162,      1161
       976,      1157,      1205,      1204,      1156
       977,      1205,      1203,      1202,      1204
       978,      1158,      1197,      1205,      1157
       979,      1197,      1196,      1203,      1205
       980,        56,      1206,      1208,        55
       981,        55,      1208,      1209,        54
       982,        54,      1209,        53,         4
       983,      1192,      1210,      1207,      1193
       984,      1210,      1208,      1206,      1207
       985,      1191,      1211,      1210,      1192
       986,      1211,      1209,      1208,      1210
       987,        51,        52,      1211,      1191
       988,        52,        53,      1209,      1211
       989,        57,      1212,      1206,        56
       990,      1212,      1213,      1207,      1206
       991,      1213,      1194,      1193,      1207
       992,        59,      1165,      1214,        58
       993,        58,      1214,      1212,        57
       994,      1195,      1215,      1164,      1163
       995,      1215,      1214,      1165,      1164
       996,      1194,      1213,      1215,      1195
       997,      1213,      1212,      1214,      1215
       998,      1222,      1229,      1217,      1218
       999,      1229,      1230,      1216,      1217
      1000,      1230,       856,       855,      1216
      1001,      1224,      1227,      1231,      1223
      1002,      1223,      1231,      1229,      1222
      1003,      1227,      1228,      1232,      1231
      1004,      1231,      1232,      1230,      1229
      1005,      1228,       858,       857,      1232
      1006,      1232,       857,       856,      1230
      1007,      1147,      1148,      1233,      1226
      1008,      1226,      1233,      1234,      1225
      1009,      1225,      1234,      1227,      1224
      1010,       860,      1235,      1149,       861
      1011,      1235,      1233,      1148,      1149
      1012,       858,      1228,      1236,       859
      1013,       859,      1236,      1235,       860
      1014,      1228,      1227,      1234,      1236
      1015,      1236,      1234,      1233,      1235
      1016,      1240,      1242,      1237,      1238
      1017,      1242,      1153,      1152,      1237
      1018,      1241,      1243,      1242,      1240
      1019,      1243,      1154,      1153,      1242
      1020,      1220,      1221,      1243,      1241
      1021,      1221,      1155,      1154,      1243
      1022,      1223,      1244,      1239,      1224
      1023,      1244,      1240,      1238,      1239
      1024,      1218,      1219,      1245,      1222
      1025,      1222,      1245,      1244,      1223
      1026,      1219,      1220,      1241,      1245
      1027,      1245,      1241,      1240,      1244
      1028,      1246,      1248,      1144,      1145
      1029,      1248,      1150,      1143,      1144
      1030,      1238,      1237,      1249,      1247
      1031,      1247,      1249,      1248,      1246
      1032,      1237,      1152,      1151,      1249
      1033,      1249,      1151,      1150,      1248
      1034,      1226,      1250,      1146,      1147
      1035,      1250,      1246,      1145,      1146
      1036,      1224,      1239,      1251,      1225
      1037,      1225,      1251,      1250,      1226
      1038,      1239,      1238,      1247,      1251
      1039,      1251,      1247,      1246,      1250
      1040,      1254,      1257,      1259,      1253
      1041,      1253,      1259,      1260,      1252
      1042,      1252,      1260,        43,        44
      1043,       851,      1261,      1258,       852
      1044,      1261,      1259,      1257,      1258
      1045,        41,        42,      1262,       850
      1046,       850,      1262,      1261,       851
      1047,        42,        43,      1260,      1262
      1048,      1262,      1260,      1259,      1261
      1049,      1218,      1217,      1263,      1256
      1050,      1256,      1263,      1264,      1255
      1051,      1255,      1264,      1257,      1254
      1052,       854,      1265,      1216,       855
      1053,      1265,      1263,      1217,      1216
      1054,       852,      1258,      1266,       853
      1055,       853,      1266,      1265,       854
      1056,      1258,      1257,      1264,      1266
      1057,      1266,      1264,      1263,      1265
      1058,      1270,      1272,      1267,      1268
      1059,      1272,      1159,      1158,      1267
      1060,      1271,      1273,      1272,      1270
      1061,      1273,      1160,      1159,      1272
      1062,        46,        47,      1273,      1271
      1063,        47,        48,      1160,      1273
      1064,      1253,      1274,      1269,      1254
      1065,      1274,      1270,      1268,      1269
      1066,      1252,      1275,      1274,      1253
      1067,      1275,      1271,      1270,      1274
      1068,        44,        45,      1275,      1252
      1069,        45,        46,      1271,      1275
      1070,      1276,      1278,      1221,      1220
      1071,      1278,      1156,      1155,      1221
      1072,      1268,      1267,      1279,      1277
      1073,      1277,      1279,      1278,      1276
      1074,      1267,      1158,      1157,      1279
      1075,      1279,      1157,      1156,      1278
      1076,      1256,      1280,      1219,      1218
      1077,      1280,      1276,      1220,      1219
      1078,      1254,      1269,      1281,      1255
      1079,      1255,      1281,      1280,      1256
      1080,      1269,      1268,      1277,      1281
      1081,      1281,      1277,      1276,      1280
      1082,      1301,      1304,      1306,      1300
      1083,      1300,      1306,      1307,      1299
      1084,      1299,      1307,      1295,      1296
      1085,      1285,      1308,      1305,      1284
      1086,      1308,      1306,      1304,      1305
      1087,      1287,      1294,      1309,      1286
      1088,      1286,      1309,      1308,      1285
      1089,      1294,      1295,      1307,      1309
      1090,      1309,      1307,      1306,      1308
      1091,       271,       270,      1310,      1303
      1092,      1303,      1310,      1311,      1302
      1093,      1302,      1311,      1304,      1301
      1094,      1282,      1312,       269,       268
      1095,      1312,      1310,       270,       269
      1096,      1284,      1305,      1313,      1283
      1097,      1283,      1313,      1312,      1282
      1098,      1305,      1304,      1311,      1313
      1099,      1313,      1311,      1310,      1312
      1100,        73,      1316,      1298,        72
      1101,      1316,      1317,      1297,      1298
      1102,      1317,      1299,      1296,      1297
      1103,        75,      1314,      1318,        74
      1104,        74,      1318,      1316,        73
      1105,      1300,      1319,      1315,      1301
      1106,      1319,      1318,      1314,      1315
      1107,      1299,      1317,      1319,      1300
      1108,      1317,      1316,      1318,      1319
      1109,        76,      1320,      1314,        75
      1110,      1320,      1321,      1315,      1314
      1111,      1321,      1302,      1301,      1315
      1112,        78,       273,      1322,        77
      1113,        77,      1322,      1320,        76
      1114,      1303,      1323,       272,       271
      1115,      1323,      1322,       273,       272
      1116,      1302,      1321,      1323,      1303
      1117,      1321,      1320,      1322,      1323
      1118,      1329,      1331,      1325,      1326
      1119,      1331,      1332,      1324,      1325
      1120,      1332,      1289,      1290,      1324
      1121,      1296,      1295,      1333,      1330
      1122,      1330,      1333,      1331,      1329
      1123,      1288,      1334,      1294,      1287
      1124,      1334,      1333,      1295,      1294
      1125,      1289,      1332,      1334,      1288
      1126,      1332,      1331,      1333,      1334
      1127,        70,      1335,      1328,        69
      1128,      1335,      1336,      1327,      1328
      1129,      1336,      1329,      1326,      1327
      1130,        72,      1298,      1337,        71
      1131,        71,      1337,      1335,        70
      1132,      1330,      1338,      1297,      1296
      1133,      1338,      1337,      1298,      1297
      1134,      1329,      1336,      1338,      1330
      1135,      1336,      1335,      1337,      1338
      1136,      1340,      1342,      1344,      1339
      1137,      1339,      1344,      1141,      1140
      1138,      1293,      1345,      1343,      1292
      1139,      1345,      1344,      1342,      1343
      1140,      1143,      1142,      1345,      1293
      1141,      1142,      1141,      1344,      1345
      1142,      1326,      1325,      1346,      1341
      1143,      1341,      1346,      1342,      1340
      1144,      1291,      1347,      1324,      1290
      1145,      1347,      1346,      1325,      1324
      1146,      1292,      1343,      1347,      1291
      1147,      1343,      1342,      1346,      1347
      1148,        67,      1348,      1350,        66
      1149,        66,      1350,      1138,        65
      1150,      1339,      1351,      1349,      1340
      1151,      1351,      1350,      1348,      1349
      1152,      1140,      1139,      1351,      1339
      1153,      1139,      1138,      1350,      1351
      1154,        69,      1328,      1352,        68
      1155,        68,      1352,      1348,        67
      1156,      1328,      1327,      1353,      1352
      1157,      1352,      1353,      1349,      1348
      1158,      1327,      1326,      1341,      1353
      1159,      1353,      1341,      1340,      1349
      1160,      1362,      1365,      1367,      1361
      1161,      1361,      1367,      1368,      1360
      1162,      1360,      1368,      1355,      1356
      1163,       870,      1369,      1366,       871
      1164,      1369,      1367,      1365,      1366
      1165,       869,      1370,      1369,       870
      1166,      1370,      1368,      1367,      1369
      1167,       868,      1354,      1370,       869
      1168,      1354,      1355,      1368,      1370
      1169,      1363,      1371,      1365,      1362
      1170,      1371,      1372,      1366,      1365
      1171,      1372,       872,       871,      1366
      1172,       264,       263,      1373,      1364
      1173,      1364,      1373,      1371,      1363
      1174,       873,      1374,       262,       261
      1175,      1374,      1373,       263,       262
      1176,       872,      1372,      1374,       873
      1177,      1372,      1371,      1373,      1374
      1178,      1378,      1380,      1375,      1376
      1179,      1380,      1285,      1284,      1375
      1180,      1358,      1359,      1381,      1379
      1181,      1379,      1381,      1380,      1378
      1182,      1359,      1287,      1286,      1381
      1183,      1381,      1286,      1285,      1380
      1184,      1361,      1382,      1377,      1362
      1185,      1382,      1378,      1376,      1377
      1186,      1360,      1383,      1382,      1361
      1187,      1383,      1379,      1378,      1382
      1188,      1356,      1357,      1383,      1360
      1189,      1357,      1358,      1379,      1383
      1190,      1384,      1386,       267,       266
      1191,      1386,      1282,       268,       267
      1192,      1385,      1387,      1386,      1384
      1193,      1387,      1283,      1282,      1386
      1194,      1376,      1375,      1387,      1385
      1195,      1375,      1284,      1283,      1387
      1196,      1364,      1388,       265,       264
      1197,      1388,      1384,       266,       265
      1198,      1363,      1389,      1388,      1364
      1199,      1389,      1385,      1384,      1388
      1200,      1362,      1377,      1389,      1363
      1201,      1377,      1376,      1385,      1389
      1202,      1392,      1396,      1398,      1391
      1203,      1391,      1398,      1399,      1390
      1204,      1390,      1399,      1148,      1147
      1205,       863,      1400,      1397,       864
      1206,      1400,      1398,      1396,      1397
      1207,       861,      1149,      1401,       862
      1208,       862,      1401,      1400,       863
      1209,      1149,      1148,      1399,      1401
      1210,      1401,      1399,      1398,      1400
      1211,      1394,      1402,      1404,      1393
      1212,      1393,      1404,      1396,      1392
      1213,       865,      1405,      1403,       866
      1214,      1405,      1404,      1402,      1403
      1215,       864,      1397,      1405,       865
      1216,      1397,      1396,      1404,      1405
      1217,      1356,      1355,      1406,      1395
      1218,      1395,      1406,      1402,      1394
      1219,      1355,      1354,      1407,      1406
      1220,      1406,      1407,      1403,      1402
      1221,      1354,       868,       867,      1407
      1222,      1407,       867,       866,      1403
      1223,      1411,      1413,      1408,      1409
      1224,      1413,      1292,      1291,      1408
      1225,      1412,      1414,      1413,      1411
      1226,      1414,      1293,      1292,      1413
      1227,      1145,      1144,      1414,      1412
      1228,      1144,      1143,      1293,      1414
      1229,      1391,      1415,      1410,      1392
      1230,      1415,      1411,      1409,      1410
      1231,      1147,      1146,      1416,      1390
      1232,      1390,      1416,      1415,      1391
      1233,      1146,      1145,      1412,      1416
      1234,      1416,      1412,      1411,      1415
      1235,      1417,      1421,      1359,      1358
      1236,      1421,      1288,      1287,      1359
      1237,      1418,      1420,      1421,      1417
      1238,      1420,      1289,      1288,      1421
      1239,      1409,      1408,      1422,      1419
      1240,      1419,      1422,      1420,      1418
      1241,      1408,      1291,      1290,      1422
      1242,      1422,      1290,      1289,      1420
      1243,      1395,      1424,      1357,      1356
      1244,      1424,      1417,      1358,      1357
      1245,      1394,      1423,      1424,      1395
      1246,      1423,      1418,      1417,      1424
      1247,      1392,      1410,      1425,      1393
      1248,      1393,      1425,      1423,      1394
      1249,      1410,      1409,      1419,      1425
      1250,      1425,      1419,      1418,      1423
      1251,      1501,      1508,      1497,      1498
      1252,      1508,      1509,      1496,      1497
      1253,      1509,      1489,      1490,      1496
      1254,      1503,      1506,      1510,      1502
      1255,      1502,      1510,      1508,      1501
      1256,      1488,      1511,      1507,      1487
      1257,      1511,      1510,      1506,      1507
      1258,      1489,      1509,      1511,      1488
      1259,      1509,      1508,      1510,      1511
      1260,      1504,      1512,      1506,      1503
      1261,      1512,      1513,      1507,      1506
      1262,      1513,      1486,      1487,      1507
      1263,      1476,      1477,      1514,      1505
      1264,      1505,      1514,      1512,      1504
      1265,      1477,      1478,      1515,      1514
      1266,      1514,      1515,      1513,      1512
      1267,      1478,      1479,      1485,      1515
      1268,      1515,      1485,      1486,      1513
      1269,      1458,      1516,      1518,      1457
      1270,      1457,      1518,      1519,      1456
      1271,      1456,      1519,      1500,      1455
      1272,      1502,      1520,      1517,      1503
      1273,      1520,      1518,      1516,      1517
      1274,      1501,      1521,      1520,      1502
      1275,      1521,      1519,      1518,      1520
      1276,      1498,      1499,      1521,      1501
      1277,      1499,      1500,      1519,      1521
      1278,      1461,      1474,      1522,      1460
      1279,      1460,      1522,      1523,      1459
      1280,      1459,      1523,      1516,      1458
      1281,      1505,      1524,      1475,      1476
      1282,      1524,      1522,      1474,      1475
      1283,      1503,      1517,      1525,      1504
      1284,      1504,      1525,      1524,      1505
      1285,      1517,      1516,      1523,      1525
      1286,      1525,      1523,      1522,      1524
      1287,      1531,      1533,      1527,      1528
      1288,      1533,      1534,      1526,      1527
      1289,      1534,      1492,      1493,      1526
      1290,      1498,      1497,      1535,      1532
      1291,      1532,      1535,      1533,      1531
      1292,      1491,      1536,      1496,      1490
      1293,      1536,      1535,      1497,      1496
      1294,      1492,      1534,      1536,      1491
      1295,      1534,      1533,      1535,      1536
      1296,      1528,      1529,      1537,      1531
      1297,      1531,      1537,      1538,      1532
      1298,      1532,      1538,      1499,      1498
      1299,      1453,      1539,      1530,      1452
      1300,      1539,      1537,      1529,      1530
      1301,      1455,      1500,      1540,      1454
      1302,      1454,      1540,      1539,      1453
      1303,      1500,      1499,      1538,      1540
      1304,      1540,      1538,      1537,      1539
      1305,      1541,      1543,      1433,      1434
      1306,      1543,      1544,      1432,      1433
      1307,      1544,      1495,      1431,      1432
      1308,      1528,      1527,      1545,      1542
      1309,      1542,      1545,      1543,      1541
      1310,      1494,      1546,      1526,      1493
      1311,      1546,      1545,      1527,      1526
      1312,      1495,      1544,      1546,      1494
      1313,      1544,      1543,      1545,      1546
      1314,      1434,      1435,      1547,      1541
      1315,      1541,      1547,      1548,      1542
      1316,      1542,      1548,      1529,      1528
      1317,      1450,      1549,      1436,      1437
      1318,      1549,      1547,      1435,      1436
      1319,      1452,      1530,      1550,      1451
      1320,      1451,      1550,      1549,      1450
      1321,      1530,      1529,      1548,      1550
      1322,      1550,      1548,      1547,      1549
      1323,      1561,      1563,      1557,      1558
      1324,      1563,      1564,      1556,      1557
      1325,      1564,       166,       167,      1556
      1326,      1482,      1483,      1565,      1562
      1327,      1562,      1565,      1563,      1561
      1328,       165,      1566,      1484,       164
      1329,      1566,      1565,      1483,      1484
      1330,       166,      1564,      1566,       165
      1331,      1564,      1563,      1565,      1566
      1332,      1486,      1567,      1560,      1487
      1333,      1567,      1568,      1559,      1560
      1334,      1568,      1561,      1558,      1559
      1335,      1479,      1480,      1569,      1485
      1336,      1485,      1569,      1567,      1486
      1337,      1480,      1481,      1570,      1569
      1338,      1569,      1570,      1568,      1567
      1339,      1481,      1482,      1562,      1570
      1340,      1570,      1562,      1561,      1568
      1341,      1571,      1573,      1552,      1553
      1342,      1573,      1574,      1551,      1552
      1343,      1574,       169,       170,      1551
      1344,      1558,      1557,      1575,      1572
      1345,      1572,      1575,      1573,      1571
      1346,       168,      1576,      1556,       167
      1347,      1576,      1575,      1557,      1556
      1348,       169,      1574,      1576,       168
      1349,      1574,      1573,      1575,      1576
      1350,      1553,      1554,      1577,      1571
      1351,      1571,      1577,      1578,      1572
      1352,      1572,      1578,      1559,      1558
      1353,      1489,      1579,      1555,      1490
      1354,      1579,      1577,      1554,      1555
      1355,      1487,      1560,      1580,      1488
      1356,      1488,      1580,      1579,      1489
      1357,      1560,      1559,      1578,      1580
      1358,      1580,      1578,      1577,      1579
      1359,      1586,      1588,      1582,      1583
      1360,      1588,      1589,      1581,      1582
      1361,      1589,       172,       173,      1581
      1362,      1553,      1552,      1590,      1587
      1363,      1587,      1590,      1588,      1586
      1364,       171,      1591,      1551,       170
      1365,      1591,      1590,      1552,      1551
      1366,       172,      1589,      1591,       171
      1367,      1589,      1588,      1590,      1591
      1368,      1492,      1592,      1585,      1493
      1369,      1592,      1593,      1584,      1585
      1370,      1593,      1586,      1583,      1584
      1371,      1490,      1555,      1594,      1491
      1372,      1491,      1594,      1592,      1492
      1373,      1587,      1595,      1554,      1553
      1374,      1595,      1594,      1555,      1554
      1375,      1586,      1593,      1595,      1587
      1376,      1593,      1592,      1594,      1595
      1377,      1596,      1598,      1427,      1428
      1378,      1598,      1599,      1426,      1427
      1379,      1599,       175,       176,      1426
      1380,      1583,      1582,      1600,      1597
      1381,      1597,      1600,      1598,      1596
      1382,       174,      1601,      1581,       173
      1383,      1601,      1600,      1582,      1581
      1384,       175,      1599,      1601,       174
      1385,      1599,      1598,      1600,      1601
      1386,      1428,      1429,      1602,      1596
      1387,      1596,      1602,      1603,      1597
      1388,      1597,      1603,      1584,      1583
      1389,      1495,      1604,      1430,      1431
      1390,      1604,      1602,      1429,      1430
      1391,      1493,      1585,      1605,      1494
      1392,      1494,      1605,      1604,      1495
      1393,      1585,      1584,      1603,      1605
      1394,      1605,      1603,      1602,      1604
      1395,      1624,      1627,      1629,      1623
      1396,      1623,      1629,      1630,      1622
      1397,      1622,      1630,      1607,      1608
      1398,      1465,      1631,      1628,      1464
      1399,      1631,      1629,      1627,      1628
      1400,      1467,      1606,      1632,      1466
      1401,      1466,      1632,      1631,      1465
      1402,      1606,      1607,      1630,      1632
      1403,      1632,      1630,      1629,      1631
      1404,      1476,      1475,      1633,      1626
      1405,      1626,      1633,      1634,      1625
      1406,      1625,      1634,      1627,      1624
      1407,      1462,      1635,      1474,      1461
      1408,      1635,      1633,      1475,      1474
      1409,      1463,      1636,      1635,      1462
      1410,      1636,      1634,      1633,      1635
      1411,      1464,      1628,      1636,      1463
      1412,      1628,      1627,      1634,      1636
      1413,      1617,      1639,      1610,      1611
      1414,      1639,      1640,      1609,      1610
      1415,      1640,      1622,      1608,      1609
      1416,      1619,      1637,      1641,      1618
      1417,      1618,      1641,      1639,      1617
      1418,      1623,      1642,      1638,      1624
      1419,      1642,      1641,      1637,      1638
      1420,      1622,      1640,      1642,      1623
      1421,      1640,      1639,      1641,      1642
      1422,      1479,      1478,      1643,      1621
      1423,      1621,      1643,      1644,      1620
      1424,      1620,      1644,      1637,      1619
      1425,      1626,      1645,      1477,      1476
      1426,      1645,      1643,      1478,      1477
      1427,      1625,      1646,      1645,      1626
      1428,      1646,      1644,      1643,      1645
      1429,      1624,      1638,      1646,      1625
      1430,      1638,      1637,      1644,      1646
      1431,      1652,      1654,      1648,      1649
      1432,      1654,      1655,      1647,      1648
      1433,      1655,       160,       161,      1647
      1434,      1614,      1615,      1656,      1653
      1435,      1653,      1656,      1654,      1652
      1436,       159,      1657,      1616,       158
      1437,      1657,      1656,      1615,      1616
      1438,       160,      1655,      1657,       159
      1439,      1655,      1654,      1656,      1657
      1440,      1618,      1658,      1651,      1619
      1441,      1658,      1659,      1650,      1651
      1442,      1659,      1652,      1649,      1650
      1443,      1611,      1612,      1660,      1617
      1444,      1617,      1660,      1658,      1618
      1445,      1653,      1661,      1613,      1614
      1446,      1661,      1660,      1612,      1613
      1447,      1652,      1659,      1661,      1653
      1448,      1659,      1658,      1660,      1661
      1449,      1662,      1664,      1483,      1482
      1450,      1664,      1665,      1484,      1483
      1451,      1665,       163,       164,      1484
      1452,      1649,      1648,      1666,      1663
      1453,      1663,      1666,      1664,      1662
      1454,       162,      1667,      1647,       161
      1455,      1667,      1666,      1648,      1647
      1456,       163,      1665,      1667,       162
      1457,      1665,      1664,      1666,      1667
      1458,      1482,      1481,      1668,      1662
      1459,      1662,      1668,      1669,      1663
      1460,      1663,      1669,      1650,      1649
      1461,      1621,      1670,      1480,      1479
      1462,      1670,      1668,      1481,      1480
      1463,      1619,      1651,      1671,      1620
      1464,      1620,      1671,      1670,      1621
      1465,      1651,      1650,      1669,      1671
      1466,      1671,      1669,      1668,      1670
      1467,      1683,      1685,      1679,      1680
      1468,      1685,      1686,      1678,      1679
      1469,      1686,      1673,      1674,      1678
      1470,       143,       144,      1687,      1684
      1471,      1684,      1687,      1685,      1683
      1472,      1672,      1688,       145,       146
      1473,      1688,      1687,       144,       145
      1474,      1673,      1686,      1688,      1672
      1475,      1686,      1685,      1687,      1688
      1476,      1472,      1689,      1682,      1471
      1477,      1689,      1690,      1681,      1682
      1478,      1690,      1683,      1680,      1681
      1479,       140,       141,      1691,      1473
      1480,      1473,      1691,      1689,      1472
      1481,       141,       142,      1692,      1691
      1482,      1691,      1692,      1690,      1689
      1483,       142,       143,      1684,      1692
      1484,      1692,      1684,      1683,      1690
      1485,      1694,      1696,      1698,      1693
      1486,      1693,      1698,      1609,      1608
      1487,      1677,      1699,      1697,      1676
      1488,      1699,      1698,      1696,      1697
      1489,      1611,      1610,      1699,      1677
      1490,      1610,      1609,      1698,      1699
      1491,      1680,      1679,      1700,      1695
      1492,      1695,      1700,      1696,      1694
      1493,      1675,      1701,      1678,      1674
      1494,      1701,      1700,      1679,      1678
      1495,      1676,      1697,      1701,      1675
      1496,      1697,      1696,      1700,      1701
      1497,      1469,      1702,      1704,      1468
      1498,      1468,      1704,      1606,      1467
      1499,      1702,      1703,      1705,      1704
      1500,      1704,      1705,      1607,      1606
      1501,      1703,      1694,      1693,      1705
      1502,      1705,      1693,      1608,      1607
      1503,      1471,      1682,      1706,      1470
      1504,      1470,      1706,      1702,      1469
      1505,      1695,      1707,      1681,      1680
      1506,      1707,      1706,      1682,      1681
      1507,      1694,      1703,      1707,      1695
      1508,      1703,      1702,      1706,      1707
      1509,      1713,      1715,      1709,      1710
      1510,      1715,      1716,      1708,      1709
      1511,      1716,       153,       154,      1708
      1512,       149,       150,      1717,      1714
      1513,      1714,      1717,      1715,      1713
      1514,       152,      1718,       151,         2
      1515,      1718,      1717,       150,       151
      1516,       153,      1716,      1718,       152
      1517,      1716,      1715,      1717,      1718
      1518,      1673,      1719,      1712,      1674
      1519,      1719,      1720,      1711,      1712
      1520,      1720,      1713,      1710,      1711
      1521,       146,       147,      1721,      1672
      1522,      1672,      1721,      1719,      1673
      1523,       147,       148,      1722,      1721
      1524,      1721,      1722,      1720,      1719
      1525,       148,       149,      1714,      1722
      1526,      1722,      1714,      1713,      1720
      1527,      1724,      1726,      1728,      1723
      1528,      1723,      1728,      1615,      1614
      1529,      1726,      1727,      1729,      1728
      1530,      1728,      1729,      1616,      1615
      1531,      1727,       156,       157,      1729
      1532,      1729,       157,       158,      1616
      1533,      1710,      1709,      1730,      1725
      1534,      1725,      1730,      1726,      1724
      1535,       155,      1731,      1708,       154
      1536,      1731,      1730,      1709,      1708
      1537,       156,      1727,      1731,       155
      1538,      1727,      1726,      1730,      1731
      1539,      1676,      1732,      1734,      1677
      1540,      1677,      1734,      1612,      1611
      1541,      1732,      1733,      1735,      1734
      1542,      1734,      1735,      1613,      1612
      1543,      1733,      1724,      1723,      1735
      1544,      1735,      1723,      1614,      1613
      1545,      1674,      1712,      1736,      1675
      1546,      1675,      1736,      1732,      1676
      1547,      1725,      1737,      1711,      1710
      1548,      1737,      1736,      1712,      1711
      1549,      1724,      1733,      1737,      1725
      1550,      1733,      1732,      1736,      1737
      1551,      1768,      1771,      1773,      1767
      1552,      1767,      1773,      1774,      1766
      1553,      1766,      1774,      1762,      1763
      1554,      1753,      1775,      1772,      1752
      1555,      1775,      1773,      1771,      1772
      1556,      1755,      1761,      1776,      1754
      1557,      1754,      1776,      1775,      1753
      1558,      1761,      1762,      1774,      1776
      1559,      1776,      1774,      1773,      1775
      1560,      1740,      1741,      1777,      1770
      1561,      1770,      1777,      1778,      1769
      1562,      1769,      1778,      1771,      1768
      1563,      1750,      1779,      1742,      1743
      1564,      1779,      1777,      1741,      1742
      1565,      1752,      1772,      1780,      1751
      1566,      1751,      1780,      1779,      1750
      1567,      1772,      1771,      1778,      1780
      1568,      1780,      1778,      1777,      1779
      1569,       218,      1783,      1765,       219
      1570,      1783,      1784,      1764,      1765
      1571,      1784,      1766,      1763,      1764
      1572,       216,      1781,      1785,       217
      1573,       217,      1785,      1783,       218
      1574,      1767,      1786,      1782,      1768
      1575,      1786,      1785,      1781,      1782
      1576,      1766,      1784,      1786,      1767
      1577,      1784,      1783,      1785,      1786
      1578,       215,      1787,      1781,       216
      1579,      1787,      1788,      1782,      1781
      1580,      1788,      1769,      1768,      1782
      1581,       213,      1738,      1789,       214
      1582,       214,      1789,      1787,       215
      1583,      1738,      1739,      1790,      1789
      1584,      1789,      1790,      1788,      1787
      1585,      1739,      1740,      1770,      1790
      1586,      1790,      1770,      1769,      1788
      1587,      1793,      1796,      1798,      1792
      1588,      1792,      1798,      1799,      1791
      1589,      1791,      1799,      1446,      1447
      1590,      1759,      1800,      1797,      1758
      1591,      1800,      1798,      1796,      1797
      1592,      1444,      1445,      1801,      1760
      1593,      1760,      1801,      1800,      1759
      1594,      1445,      1446,      1799,      1801
      1595,      1801,      1799,      1798,      1800
      1596,      1763,      1762,      1802,      1795
      1597,      1795,      1802,      1803,      1794
      1598,      1794,      1803,      1796,      1793
      1599,      1756,      1804,      1761,      1755
      1600,      1804,      1802,      1762,      1761
      1601,      1757,      1805,      1804,      1756
      1602,      1805,      1803,      1802,      1804
      1603,      1758,      1797,      1805,      1757
      1604,      1797,      1796,      1803,      1805
      1605,       224,      1808,      1449,       225
      1606,      1808,      1809,      1448,      1449
      1607,      1809,      1791,      1447,      1448
      1608,       222,      1806,      1810,       223
      1609,       223,      1810,      1808,       224
      1610,      1792,      1811,      1807,      1793
      1611,      1811,      1810,      1806,      1807
      1612,      1791,      1809,      1811,      1792
      1613,      1809,      1808,      1810,      1811
      1614,       221,      1812,      1806,       222
      1615,      1812,      1813,      1807,      1806
      1616,      1813,      1794,      1793,      1807
      1617,       219,      1765,      1814,       220
      1618,       220,      1814,      1812,       221
      1619,      1765,      1764,      1815,      1814
      1620,      1814,      1815,      1813,      1812
      1621,      1764,      1763,      1795,      1815
      1622,      1815,      1795,      1794,      1813
      1623,      1822,      1829,      1817,      1818
      1624,      1829,      1830,      1816,      1817
      1625,      1830,      1456,      1455,      1816
      1626,      1824,      1827,      1831,      1823
      1627,      1823,      1831,      1829,      1822
      1628,      1457,      1832,      1828,      1458
      1629,      1832,      1831,      1827,      1828
      1630,      1456,      1830,      1832,      1457
      1631,      1830,      1829,      1831,      1832
      1632,      1825,      1833,      1827,      1824
      1633,      1833,      1834,      1828,      1827
      1634,      1834,      1459,      1458,      1828
      1635,      1747,      1748,      1835,      1826
      1636,      1826,      1835,      1833,      1825
      1637,      1748,      1749,      1836,      1835
      1638,      1835,      1836,      1834,      1833
      1639,      1749,      1461,      1460,      1836
      1640,      1836,      1460,      1459,      1834
      1641,      1840,      1842,      1837,      1838
      1642,      1842,      1753,      1752,      1837
      1643,      1820,      1821,      1843,      1841
      1644,      1841,      1843,      1842,      1840
      1645,      1821,      1755,      1754,      1843
      1646,      1843,      1754,      1753,      1842
      1647,      1823,      1844,      1839,      1824
      1648,      1844,      1840,      1838,      1839
      1649,      1818,      1819,      1845,      1822
      1650,      1822,      1845,      1844,      1823
      1651,      1819,      1820,      1841,      1845
      1652,      1845,      1841,      1840,      1844
      1653,      1846,      1848,      1744,      1745
      1654,      1848,      1750,      1743,      1744
      1655,      1847,      1849,      1848,      1846
      1656,      1849,      1751,      1750,      1848
      1657,      1838,      1837,      1849,      1847
      1658,      1837,      1752,      1751,      1849
      1659,      1826,      1850,      1746,      1747
      1660,      1850,      1846,      1745,      1746
      1661,      1824,      1839,      1851,      1825
      1662,      1825,      1851,      1850,      1826
      1663,      1839,      1838,      1847,      1851
      1664,      1851,      1847,      1846,      1850
      1665,      1852,      1859,      1439,      1440
      1666,      1859,      1860,      1438,      1439
      1667,      1860,      1450,      1437,      1438
      1668,      1854,      1857,      1861,      1853
      1669,      1853,      1861,      1859,      1852
      1670,      1451,      1862,      1858,      1452
      1671,      1862,      1861,      1857,      1858
      1672,      1450,      1860,      1862,      1451
      1673,      1860,      1859,      1861,      1862
      1674,      1855,      1863,      1857,      1854
      1675,      1863,      1864,      1858,      1857
      1676,      1864,      1453,      1452,      1858
      1677,      1818,      1817,      1865,      1856
      1678,      1856,      1865,      1863,      1855
      1679,      1454,      1866,      1816,      1455
      1680,      1866,      1865,      1817,      1816
      1681,      1453,      1864,      1866,      1454
      1682,      1864,      1863,      1865,      1866
      1683,      1870,      1872,      1867,      1868
      1684,      1872,      1759,      1758,      1867
      1685,      1442,      1443,      1873,      1871
      1686,      1871,      1873,      1872,      1870
      1687,      1443,      1444,      1760,      1873
      1688,      1873,      1760,      1759,      1872
      1689,      1853,      1874,      1869,      1854
      1690,      1874,      1870,      1868,      1869
      1691,      1852,      1875,      1874,      1853
      1692,      1875,      1871,      1870,      1874
      1693,      1440,      1441,      1875,      1852
      1694,      1441,      1442,      1871,      1875
      1695,      1876,      1878,      1821,      1820
      1696,      1878,      1756,      1755,      1821
      1697,      1868,      1867,      1879,      1877
      1698,      1877,      1879,      1878,      1876
      1699,      1867,      1758,      1757,      1879
      1700,      1879,      1757,      1756,      1878
      1701,      1856,      1880,      1819,      1818
      1702,      1880,      1876,      1820,      1819
      1703,      1854,      1869,      1881,      1855
      1704,      1855,      1881,      1880,      1856
      1705,      1869,      1868,      1877,      1881
      1706,      1881,      1877,      1876,      1880
      1707,      1899,      1906,      1895,      1896
      1708,      1906,      1907,      1894,      1895
      1709,      1907,      1886,      1887,      1894
      1710,      1901,      1904,      1908,      1900
      1711,      1900,      1908,      1906,      1899
      1712,      1885,      1909,      1905,      1884
      1713,      1909,      1908,      1904,      1905
      1714,      1886,      1907,      1909,      1885
      1715,      1907,      1906,      1908,      1909
      1716,       130,       131,      1910,      1903
      1717,      1903,      1910,      1911,      1902
      1718,      1902,      1911,      1904,      1901
      1719,      1882,      1912,       132,       133
      1720,      1912,      1910,       131,       132
      1721,      1883,      1913,      1912,      1882
      1722,      1913,      1911,      1910,      1912
      1723,      1884,      1905,      1913,      1883
      1724,      1905,      1904,      1911,      1913
      1725,       205,      1916,      1898,       206
      1726,      1916,      1917,      1897,      1898
      1727,      1917,      1899,      1896,      1897
      1728,       203,      1914,      1918,       204
      1729,       204,      1918,      1916,       205
      1730,      1900,      1919,      1915,      1901
      1731,      1919,      1918,      1914,      1915
      1732,      1899,      1917,      1919,      1900
      1733,      1917,      1916,      1918,      1919
      1734,       127,       128,      1920,       201
      1735,       201,      1920,      1921,       202
      1736,       202,      1921,      1914,       203
      1737,      1903,      1922,       129,       130
      1738,      1922,      1920,       128,       129
      1739,      1901,      1915,      1923,      1902
      1740,      1902,      1923,      1922,      1903
      1741,      1915,      1914,      1921,      1923
      1742,      1923,      1921,      1920,      1922
      1743,      1890,      1924,      1931,      1889
      1744,      1889,      1931,      1932,      1888
      1745,      1888,      1932,      1894,      1887
      1746,      1929,      1933,      1925,      1926
      1747,      1933,      1931,      1924,      1925
      1748,      1896,      1895,      1934,      1930
      1749,      1930,      1934,      1933,      1929
      1750,      1895,      1894,      1932,      1934
      1751,      1934,      1932,      1931,      1933
      1752,      1926,      1927,      1935,      1929
      1753,      1929,      1935,      1936,      1930
      1754,      1930,      1936,      1897,      1896
      1755,       208,      1937,      1928,       209
      1756,      1937,      1935,      1927,      1928
      1757,       206,      1898,      1938,       207
      1758,       207,      1938,      1937,       208
      1759,      1898,      1897,      1936,      1938
      1760,      1938,      1936,      1935,      1937
      1761,      1940,      1942,      1944,      1939
      1762,      1939,      1944,      1741,      1740
      1763,      1942,      1943,      1945,      1944
      1764,      1944,      1945,      1742,      1741
      1765,      1943,      1892,      1893,      1945
      1766,      1945,      1893,      1743,      1742
      1767,      1926,      1925,      1946,      1941
      1768,      1941,      1946,      1942,      1940
      1769,      1891,      1947,      1924,      1890
      1770,      1947,      1946,      1925,      1924
      1771,      1892,      1943,      1947,      1891
      1772,      1943,      1942,      1946,      1947
      1773,       211,      1948,      1950,       212
      1774,       212,      1950,      1738,       213
      1775,      1939,      1951,      1949,      1940
      1776,      1951,      1950,      1948,      1949
      1777,      1740,      1739,      1951,      1939
      1778,      1739,      1738,      1950,      1951
      1779,       209,      1928,      1952,       210
      1780,       210,      1952,      1948,       211
      1781,      1941,      1953,      1927,      1926
      1782,      1953,      1952,      1928,      1927
      1783,      1940,      1949,      1953,      1941
      1784,      1949,      1948,      1952,      1953
      1785,      1960,      1967,      1955,      1956
      1786,      1967,      1968,      1954,      1955
      1787,      1968,      1469,      1468,      1954
      1788,      1962,      1965,      1969,      1961
      1789,      1961,      1969,      1967,      1960
      1790,      1470,      1970,      1966,      1471
      1791,      1970,      1969,      1965,      1966
      1792,      1469,      1968,      1970,      1470
      1793,      1968,      1967,      1969,      1970
      1794,       137,       138,      1971,      1964
      1795,      1964,      1971,      1972,      1963
      1796,      1963,      1972,      1965,      1962
      1797,      1473,      1973,       139,       140
      1798,      1973,      1971,       138,       139
      1799,      1471,      1966,      1974,      1472
      1800,      1472,      1974,      1973,      1473
      1801,      1966,      1965,      1972,      1974
      1802,      1974,      1972,      1971,      1973
      1803,      1978,      1980,      1975,      1976
      1804,      1980,      1885,      1884,      1975
      1805,      1958,      1959,      1981,      1979
      1806,      1979,      1981,      1980,      1978
      1807,      1959,      1887,      1886,      1981
      1808,      1981,      1886,      1885,      1980
      1809,      1961,      1982,      1977,      1962
      1810,      1982,      1978,      1976,      1977
      1811,      1956,      1957,      1983,      1960
      1812,      1960,      1983,      1982,      1961
      1813,      1957,      1958,      1979,      1983
      1814,      1983,      1979,      1978,      1982
      1815,      1984,      1986,       134,       135
      1816,      1986,      1882,       133,       134
      1817,      1976,      1975,      1987,      1985
      1818,      1985,      1987,      1986,      1984
      1819,      1975,      1884,      1883,      1987
      1820,      1987,      1883,      1882,      1986
      1821,      1964,      1988,       136,       137
      1822,      1988,      1984,       135,       136
      1823,      1963,      1989,      1988,      1964
      1824,      1989,      1985,      1984,      1988
      1825,      1962,      1977,      1989,      1963
      1826,      1977,      1976,      1985,      1989
      1827,      1465,      1990,      1998,      1466
      1828,      1466,      1998,      1999,      1467
      1829,      1467,      1999,      1954,      1468
      1830,      1996,      2000,      1991,      1992
      1831,      2000,      1998,      1990,      1991
      1832,      1956,      1955,      2001,      1997
      1833,      1997,      2001,      2000,      1996
      1834,      1955,      1954,      1999,      2001
      1835,      2001,      1999,      1998,      2000
      1836,      2002,      2004,      1993,      1994
      1837,      2004,      1996,      1992,      1993
      1838,      1958,      1957,      2005,      2003
      1839,      2003,      2005,      2004,      2002
      1840,      1957,      1956,      1997,      2005
      1841,      2005,      1997,      1996,      2004
      1842,      1889,      2006,      1995,      1890
      1843,      2006,      2002,      1994,      1995
      1844,      1887,      1959,      2007,      1888
      1845,      1888,      2007,      2006,      1889
      1846,      1959,      1958,      2003,      2007
      1847,      2007,      2003,      2002,      2006
      1848,      2009,      2011,      2013,      2008
      1849,      2008,      2013,      1748,      1747
      1850,      1462,      2014,      2012,      1463
      1851,      2014,      2013,      2011,      2012
      1852,      1461,      1749,      2014,      1462
      1853,      1749,      1748,      2013,      2014
      1854,      1992,      1991,      2015,      2010
      1855,      2010,      2015,      2011,      2009
      1856,      1464,      2016,      1990,      1465
      1857,      2016,      2015,      1991,      1990
      1858,      1463,      2012,      2016,      1464
      1859,      2012,      2011,      2015,      2016
      1860,      2018,      2020,      2021,      2017
      1861,      2017,      2021,      1746,      1745
      1862,      2020,      2009,      2008,      2021
      1863,      2021,      2008,      1747,      1746
      1864,      1994,      1993,      2022,      2019
      1865,      2019,      2022,      2020,      2018
      1866,      1993,      1992,      2010,      2022
      1867,      2022,      2010,      2009,      2020
      1868,      1892,      2023,      2024,      1893
      1869,      1893,      2024,      1744,      1743
      1870,      2023,      2018,      2017,      2024
      1871,      2024,      2017,      1745,      1744
      1872,      1891,      2025,      2023,      1892
      1873,      2025,      2019,      2018,      2023
      1874,      1890,      1995,      2025,      1891
      1875,      1995,      1994,      2019,      2025
      1876,      2082,      2084,      2078,      2079
      1877,      2084,      2085,      2077,      2078
      1878,      2085,      2062,      2063,      2077
      1879,      2052,      2053,      2086,      2083
      1880,      2083,      2086,      2084,      2082
      1881,      2061,      2087,      2054,      2055
      1882,      2087,      2086,      2053,      2054
      1883,      2062,      2085,      2087,      2061
      1884,      2085,      2084,      2086,      2087
      1885,      2035,      2088,      2081,      2034
      1886,      2088,      2089,      2080,      2081
      1887,      2089,      2082,      2079,      2080
      1888,      2037,      2050,      2090,      2036
      1889,      2036,      2090,      2088,      2035
      1890,      2050,      2051,      2091,      2090
      1891,      2090,      2091,      2089,      2088
      1892,      2051,      2052,      2083,      2091
      1893,      2091,      2083,      2082,      2089
      1894,      2092,      2094,      2073,      2074
      1895,      2094,      2095,      2072,      2073
      1896,      2095,      2065,      2066,      2072
      1897,      2079,      2078,      2096,      2093
      1898,      2093,      2096,      2094,      2092
      1899,      2078,      2077,      2097,      2096
      1900,      2096,      2097,      2095,      2094
      1901,      2077,      2063,      2064,      2097
      1902,      2097,      2064,      2065,      2095
      1903,      2074,      2075,      2098,      2092
      1904,      2092,      2098,      2099,      2093
      1905,      2093,      2099,      2080,      2079
      1906,      2032,      2100,      2076,      2031
      1907,      2100,      2098,      2075,      2076
      1908,      2033,      2101,      2100,      2032
      1909,      2101,      2099,      2098,      2100
      1910,      2034,      2081,      2101,      2033
      1911,      2081,      2080,      2099,      2101
      1912,      2104,      2107,      2109,      2103
      1913,      2103,      2109,      2110,      2102
      1914,      2102,      2110,        12,        13
      1915,      2070,      2111,      2108,      2069
      1916,      2111,      2109,      2107,      2108
      1917,        10,        11,      2112,      2071
      1918,      2071,      2112,      2111,      2070
      1919,        11,        12,      2110,      2112
      1920,      2112,      2110,      2109,      2111
      1921,      2105,      2113,      2107,      2104
      1922,      2113,      2114,      2108,      2107
      1923,      2114,      2068,      2069,      2108
      1924,      2074,      2073,      2115,      2106
      1925,      2106,      2115,      2113,      2105
      1926,      2073,      2072,      2116,      2115
      1927,      2115,      2116,      2114,      2113
      1928,      2072,      2066,      2067,      2116
      1929,      2116,      2067,      2068,      2114
      1930,      2028,      2117,      2119,      2027
      1931,      2027,      2119,      2120,      2026
      1932,      2026,      2120,        15,        16
      1933,      2103,      2121,      2118,      2104
      1934,      2121,      2119,      2117,      2118
      1935,        13,        14,      2122,      2102
      1936,      2102,      2122,      2121,      2103
      1937,        14,        15,      2120,      2122
      1938,      2122,      2120,      2119,      2121
      1939,      2031,      2076,      2123,      2030
      1940,      2030,      2123,      2124,      2029
      1941,      2029,      2124,      2117,      2028
      1942,      2106,      2125,      2075,      2074
      1943,      2125,      2123,      2076,      2075
      1944,      2104,      2118,      2126,      2105
      1945,      2105,      2126,      2125,      2106
      1946,      2118,      2117,      2124,      2126
      1947,      2126,      2124,      2123,      2125
      1948,      2132,      2139,      2128,      2129
      1949,      2139,      2140,      2127,      2128
      1950,      2140,       194,       195,      2127
      1951,      2134,      2137,      2141,      2133
      1952,      2133,      2141,      2139,      2132
      1953,       193,      2142,      2138,       192
      1954,      2142,      2141,      2137,      2138
      1955,       194,      2140,      2142,       193
      1956,      2140,      2139,      2141,      2142
      1957,      2058,      2059,      2143,      2136
      1958,      2136,      2143,      2144,      2135
      1959,      2135,      2144,      2137,      2134
      1960,       190,      2145,      2060,       189
      1961,      2145,      2143,      2059,      2060
      1962,       191,      2146,      2145,       190
      1963,      2146,      2144,      2143,      2145
      1964,       192,      2138,      2146,       191
      1965,      2138,      2137,      2144,      2146
      1966,      2063,      2147,      2149,      2064
      1967,      2064,      2149,      2150,      2065
      1968,      2065,      2150,      2131,      2066
      1969,      2133,      2151,      2148,      2134
      1970,      2151,      2149,      2147,      2148
      1971,      2129,      2130,      2152,      2132
      1972,      2132,      2152,      2151,      2133
      1973,      2130,      2131,      2150,      2152
      1974,      2152,      2150,      2149,      2151
      1975,      2055,      2056,      2153,      2061
      1976,      2061,      2153,      2154,      2062
      1977,      2062,      2154,      2147,      2063
      1978,      2136,      2155,      2057,      2058
      1979,      2155,      2153,      2056,      2057
      1980,      2134,      2148,      2156,      2135
      1981,      2135,      2156,      2155,      2136
      1982,      2148,      2147,      2154,      2156
      1983,      2156,      2154,      2153,      2155
      1984,      2159,      2162,      2164,      2158
      1985,      2158,      2164,      2165,      2157
      1986,      2157,      2165,         6,         7
      1987,       199,      2166,      2163,       198
      1988,      2166,      2164,      2162,      2163
      1989,         1,         5,      2167,       200
      1990,       200,      2167,      2166,       199
      1991,         5,         6,      2165,      2167
      1992,      2167,      2165,      2164,      2166
      1993,      2129,      2128,      2168,      2161
      1994,      2161,      2168,      2169,      2160
      1995,      2160,      2169,      2162,      2159
      1996,       196,      2170,      2127,       195
      1997,      2170,      2168,      2128,      2127
      1998,       197,      2171,      2170,       196
      1999,      2171,      2169,      2168,      2170
      2000,       198,      2163,      2171,       197
      2001,      2163,      2162,      2169,      2171
      2002,      2069,      2172,      2174,      2070
      2003,      2070,      2174,      2175,      2071
      2004,      2071,      2175,         9,        10
      2005,      2158,      2176,      2173,      2159
      2006,      2176,      2174,      2172,      2173
      2007,      2157,      2177,      2176,      2158
      2008,      2177,      2175,      2174,      2176
      2009,         7,         8,      2177,      2157
      2010,         8,         9,      2175,      2177
      2011,      2066,      2131,      2178,      2067
      2012,      2067,      2178,      2179,      2068
      2013,      2068,      2179,      2172,      2069
      2014,      2161,      2180,      2130,      2129
      2015,      2180,      2178,      2131,      2130
      2016,      2159,      2173,      2181,      2160
      2017,      2160,      2181,      2180,      2161
      2018,      2173,      2172,      2179,      2181
      2019,      2181,      2179,      2178,      2180
      2020,      2203,      2205,      2199,      2200
      2021,      2205,      2206,      2198,      2199
      2022,      2206,      2194,      2195,      2198
      2023,      2184,      2185,      2207,      2204
      2024,      2204,      2207,      2205,      2203
      2025,      2193,      2208,      2186,      2187
      2026,      2208,      2207,      2185,      2186
      2027,      2194,      2206,      2208,      2193
      2028,      2206,      2205,      2207,      2208
      2029,      2200,      2201,      2209,      2203
      2030,      2203,      2209,      2210,      2204
      2031,      2204,      2210,      2183,      2184
      2032,      2041,      2211,      2202,      2040
      2033,      2211,      2209,      2201,      2202
      2034,      2043,      2182,      2212,      2042
      2035,      2042,      2212,      2211,      2041
      2036,      2182,      2183,      2210,      2212
      2037,      2212,      2210,      2209,      2211
      2038,      2213,      2215,      2053,      2052
      2039,      2215,      2216,      2054,      2053
      2040,      2216,      2197,      2055,      2054
      2041,      2200,      2199,      2217,      2214
      2042,      2214,      2217,      2215,      2213
      2043,      2196,      2218,      2198,      2195
      2044,      2218,      2217,      2199,      2198
      2045,      2197,      2216,      2218,      2196
      2046,      2216,      2215,      2217,      2218
      2047,      2052,      2051,      2219,      2213
      2048,      2213,      2219,      2220,      2214
      2049,      2214,      2220,      2201,      2200
      2050,      2038,      2221,      2050,      2037
      2051,      2221,      2219,      2051,      2050
      2052,      2040,      2202,      2222,      2039
      2053,      2039,      2222,      2221,      2038
      2054,      2202,      2201,      2220,      2222
      2055,      2222,      2220,      2219,      2221
      2056,      2228,      2230,      2224,      2225
      2057,      2230,      2231,      2223,      2224
      2058,      2231,       185,       186,      2223
      2059,      2190,      2191,      2232,      2229
      2060,      2229,      2232,      2230,      2228
      2061,       184,      2233,      2192,       183
      2062,      2233,      2232,      2191,      2192
      2063,       185,      2231,      2233,       184
      2064,      2231,      2230,      2232,      2233
      2065,      2225,      2226,      2234,      2228
      2066,      2228,      2234,      2235,      2229
      2067,      2229,      2235,      2189,      2190
      2068,      2194,      2236,      2227,      2195
      2069,      2236,      2234,      2226,      2227
      2070,      2187,      2188,      2237,      2193
      2071,      2193,      2237,      2236,      2194
      2072,      2188,      2189,      2235,      2237
      2073,      2237,      2235,      2234,      2236
      2074,      2238,      2240,      2059,      2058
      2075,      2240,      2241,      2060,      2059
      2076,      2241,       188,       189,      2060
      2077,      2225,      2224,      2242,      2239
      2078,      2239,      2242,      2240,      2238
      2079,       187,      2243,      2223,       186
      2080,      2243,      2242,      2224,      2223
      2081,       188,      2241,      2243,       187
      2082,      2241,      2240,      2242,      2243
      2083,      2197,      2244,      2056,      2055
      2084,      2244,      2245,      2057,      2056
      2085,      2245,      2238,      2058,      2057
      2086,      2195,      2227,      2246,      2196
      2087,      2196,      2246,      2244,      2197
      2088,      2239,      2247,      2226,      2225
      2089,      2247,      2246,      2227,      2226
      2090,      2238,      2245,      2247,      2239
      2091,      2245,      2244,      2246,      2247
      2092,      2259,      2261,      2255,      2256
      2093,      2261,      2262,      2254,      2255
      2094,      2262,      2249,      2250,      2254
      2095,      1434,      1433,      2263,      2260
      2096,      2260,      2263,      2261,      2259
      2097,      2248,      2264,      1432,      1431
      2098,      2264,      2263,      1433,      1432
      2099,      2249,      2262,      2264,      2248
      2100,      2262,      2261,      2263,      2264
      2101,      2256,      2257,      2265,      2259
      2102,      2259,      2265,      2266,      2260
      2103,      2260,      2266,      1435,      1434
      2104,      2048,      2267,      2258,      2047
      2105,      2267,      2265,      2257,      2258
      2106,      2049,      2268,      2267,      2048
      2107,      2268,      2266,      2265,      2267
      2108,      1437,      1436,      2268,      2049
      2109,      1436,      1435,      2266,      2268
      2110,      2270,      2272,      2274,      2269
      2111,      2269,      2274,      2185,      2184
      2112,      2253,      2275,      2273,      2252
      2113,      2275,      2274,      2272,      2273
      2114,      2187,      2186,      2275,      2253
      2115,      2186,      2185,      2274,      2275
      2116,      2256,      2255,      2276,      2271
      2117,      2271,      2276,      2272,      2270
      2118,      2251,      2277,      2254,      2250
      2119,      2277,      2276,      2255,      2254
      2120,      2252,      2273,      2277,      2251
      2121,      2273,      2272,      2276,      2277
      2122,      2045,      2278,      2280,      2044
      2123,      2044,      2280,      2182,      2043
      2124,      2269,      2281,      2279,      2270
      2125,      2281,      2280,      2278,      2279
      2126,      2184,      2183,      2281,      2269
      2127,      2183,      2182,      2280,      2281
      2128,      2047,      2258,      2282,      2046
      2129,      2046,      2282,      2278,      2045
      2130,      2258,      2257,      2283,      2282
      2131,      2282,      2283,      2279,      2278
      2132,      2257,      2256,      2271,      2283
      2133,      2283,      2271,      2270,      2279
      2134,      2289,      2291,      2285,      2286
      2135,      2291,      2292,      2284,      2285
      2136,      2292,       178,       179,      2284
      2137,      1428,      1427,      2293,      2290
      2138,      2290,      2293,      2291,      2289
      2139,       177,      2294,      1426,       176
      2140,      2294,      2293,      1427,      1426
      2141,       178,      2292,      2294,       177
      2142,      2292,      2291,      2293,      2294
      2143,      2286,      2287,      2295,      2289
      2144,      2289,      2295,      2296,      2290
      2145,      2290,      2296,      1429,      1428
      2146,      2249,      2297,      2288,      2250
      2147,      2297,      2295,      2287,      2288
      2148,      1431,      1430,      2298,      2248
      2149,      2248,      2298,      2297,      2249
      2150,      1430,      1429,      2296,      2298
      2151,      2298,      2296,      2295,      2297
      2152,      2300,      2302,      2304,      2299
      2153,      2299,      2304,      2191,      2190
      2154,       182,      2305,      2303,       181
      2155,      2305,      2304,      2302,      2303
      2156,       183,      2192,      2305,       182
      2157,      2192,      2191,      2304,      2305
      2158,      2286,      2285,      2306,      2301
      2159,      2301,      2306,      2302,      2300
      2160,      2285,      2284,      2307,      2306
      2161,      2306,      2307,      2303,      2302
      2162,      2284,       179,       180,      2307
      2163,      2307,       180,       181,      2303
      2164,      2252,      2308,      2310,      2253
      2165,      2253,      2310,      2188,      2187
      2166,      2308,      2309,      2311,      2310
      2167,      2310,      2311,      2189,      2188
      2168,      2309,      2300,      2299,      2311
      2169,      2311,      2299,      2190,      2189
      2170,      2250,      2288,      2312,      2251
      2171,      2251,      2312,      2308,      2252
      2172,      2301,      2313,      2287,      2286
      2173,      2313,      2312,      2288,      2287
      2174,      2300,      2309,      2313,      2301
      2175,      2309,      2308,      2312,      2313
      2176,      2328,      2342,      2349,      2327
      2177,      2327,      2349,      2350,      2326
      2178,      2326,      2350,      2318,      2319
      2179,      2347,      2351,      2343,      2344
      2180,      2351,      2349,      2342,      2343
      2181,      2348,      2352,      2351,      2347
      2182,      2352,      2350,      2349,      2351
      2183,      2316,      2317,      2352,      2348
      2184,      2317,      2318,      2350,      2352
      2185,      2344,      2345,      2353,      2347
      2186,      2347,      2353,      2354,      2348
      2187,      2348,      2354,      2315,      2316
      2188,       240,      2355,      2346,       241
      2189,      2355,      2353,      2345,      2346
      2190,       239,      2356,      2355,       240
      2191,      2356,      2354,      2353,      2355
      2192,       238,      2314,      2356,       239
      2193,      2314,      2315,      2354,      2356
      2194,      2357,      2359,      2338,      2339
      2195,      2359,      2360,      2337,      2338
      2196,      2360,      2330,      2331,      2337
      2197,      2344,      2343,      2361,      2358
      2198,      2358,      2361,      2359,      2357
      2199,      2329,      2362,      2342,      2328
      2200,      2362,      2361,      2343,      2342
      2201,      2330,      2360,      2362,      2329
      2202,      2360,      2359,      2361,      2362
      2203,      2339,      2340,      2363,      2357
      2204,      2357,      2363,      2364,      2358
      2205,      2358,      2364,      2345,      2344
      2206,       243,      2365,      2341,       244
      2207,      2365,      2363,      2340,      2341
      2208,       241,      2346,      2366,       242
      2209,       242,      2366,      2365,       243
      2210,      2346,      2345,      2364,      2366
      2211,      2366,      2364,      2363,      2365
      2212,      2367,      2374,        25,        26
      2213,      2374,      2375,        24,        25
      2214,      2375,      2336,        23,        24
      2215,      2369,      2372,      2376,      2368
      2216,      2368,      2376,      2374,      2367
      2217,      2372,      2373,      2377,      2376
      2218,      2376,      2377,      2375,      2374
      2219,      2373,      2334,      2335,      2377
      2220,      2377,      2335,      2336,      2375
      2221,      2339,      2338,      2378,      2371
      2222,      2371,      2378,      2379,      2370
      2223,      2370,      2379,      2372,      2369
      2224,      2332,      2380,      2337,      2331
      2225,      2380,      2378,      2338,      2337
      2226,      2334,      2373,      2381,      2333
      2227,      2333,      2381,      2380,      2332
      2228,      2373,      2372,      2379,      2381
      2229,      2381,      2379,      2378,      2380
      2230,       247,      2382,      2384,       248
      2231,       248,      2384,      2385,       249
      2232,       249,      2385,        28,        29
      2233,      2368,      2386,      2383,      2369
      2234,      2386,      2384,      2382,      2383
      2235,        26,        27,      2387,      2367
      2236,      2367,      2387,      2386,      2368
      2237,        27,        28,      2385,      2387
      2238,      2387,      2385,      2384,      2386
      2239,       244,      2341,      2388,       245
      2240,       245,      2388,      2389,       246
      2241,       246,      2389,      2382,       247
      2242,      2371,      2390,      2340,      2339
      2243,      2390,      2388,      2341,      2340
      2244,      2369,      2383,      2391,      2370
      2245,      2370,      2391,      2390,      2371
      2246,      2383,      2382,      2389,      2391
      2247,      2391,      2389,      2388,      2390
      2248,      2400,      2403,      2405,      2399
      2249,      2399,      2405,      2406,      2398
      2250,      2398,      2406,      2393,      2394
      2251,      2033,      2407,      2404,      2034
      2252,      2407,      2405,      2403,      2404
      2253,      2032,      2408,      2407,      2033
      2254,      2408,      2406,      2405,      2407
      2255,      2031,      2392,      2408,      2032
      2256,      2392,      2393,      2406,      2408
      2257,      2401,      2409,      2403,      2400
      2258,      2409,      2410,      2404,      2403
      2259,      2410,      2035,      2034,      2404
      2260,      2323,      2324,      2411,      2402
      2261,      2402,      2411,      2409,      2401
      2262,      2036,      2412,      2325,      2037
      2263,      2412,      2411,      2324,      2325
      2264,      2035,      2410,      2412,      2036
      2265,      2410,      2409,      2411,      2412
      2266,      2416,      2418,      2413,      2414
      2267,      2418,      2329,      2328,      2413
      2268,      2417,      2419,      2418,      2416
      2269,      2419,      2330,      2329,      2418
      2270,      2396,      2397,      2419,      2417
      2271,      2397,      2331,      2330,      2419
      2272,      2399,      2420,      2415,      2400
      2273,      2420,      2416,      2414,      2415
      2274,      2398,      2421,      2420,      2399
      2275,      2421,      2417,      2416,      2420
      2276,      2394,      2395,      2421,      2398
      2277,      2395,      2396,      2417,      2421
      2278,      2422,      2424,      2320,      2321
      2279,      2424,      2326,      2319,      2320
      2280,      2414,      2413,      2425,      2423
      2281,      2423,      2425,      2424,      2422
      2282,      2413,      2328,      2327,      2425
      2283,      2425,      2327,      2326,      2424
      2284,      2402,      2426,      2322,      2323
      2285,      2426,      2422,      2321,      2322
      2286,      2401,      2427,      2426,      2402
      2287,      2427,      2423,      2422,      2426
      2288,      2400,      2415,      2427,      2401
      2289,      2415,      2414,      2423,      2427
      2290,      2430,      2433,      2435,      2429
      2291,      2429,      2435,      2436,      2428
      2292,      2428,      2436,        18,        19
      2293,      2027,      2437,      2434,      2028
      2294,      2437,      2435,      2433,      2434
      2295,        16,        17,      2438,      2026
      2296,      2026,      2438,      2437,      2027
      2297,        17,        18,      2436,      2438
      2298,      2438,      2436,      2435,      2437
      2299,      2394,      2393,      2439,      2432
      2300,      2432,      2439,      2440,      2431
      2301,      2431,      2440,      2433,      2430
      2302,      2030,      2441,      2392,      2031
      2303,      2441,      2439,      2393,      2392
      2304,      2028,      2434,      2442,      2029
      2305,      2029,      2442,      2441,      2030
      2306,      2434,      2433,      2440,      2442
      2307,      2442,      2440,      2439,      2441
      2308,      2446,      2448,      2443,      2444
      2309,      2448,      2335,      2334,      2443
      2310,      2447,      2449,      2448,      2446
      2311,      2449,      2336,      2335,      2448
      2312,        21,        22,      2449,      2447
      2313,        22,        23,      2336,      2449
      2314,      2429,      2450,      2445,      2430
      2315,      2450,      2446,      2444,      2445
      2316,        19,        20,      2451,      2428
      2317,      2428,      2451,      2450,      2429
      2318,        20,        21,      2447,      2451
      2319,      2451,      2447,      2446,      2450
      2320,      2452,      2454,      2397,      2396
      2321,      2454,      2332,      2331,      2397
      2322,      2444,      2443,      2455,      2453
      2323,      2453,      2455,      2454,      2452
      2324,      2443,      2334,      2333,      2455
      2325,      2455,      2333,      2332,      2454
      2326,      2432,      2456,      2395,      2394
      2327,      2456,      2452,      2396,      2395
      2328,      2430,      2445,      2457,      2431
      2329,      2431,      2457,      2456,      2432
      2330,      2445,      2444,      2453,      2457
      2331,      2457,      2453,      2452,      2456
      2332,      2480,      2482,      2476,      2477
      2333,      2482,      2483,      2475,      2476
      2334,      2483,      2459,      2460,      2475
      2335,      1447,      1446,      2484,      2481
      2336,      2481,      2484,      2482,      2480
      2337,      1446,      1445,      2485,      2484
      2338,      2484,      2485,      2483,      2482
      2339,      1445,      1444,      2458,      2485
      2340,      2485,      2458,      2459,      2483
      2341,       227,      2486,      2479,       228
      2342,      2486,      2487,      2478,      2479
      2343,      2487,      2480,      2477,      2478
      2344,       225,      1449,      2488,       226
      2345,       226,      2488,      2486,       227
      2346,      1449,      1448,      2489,      2488
      2347,      2488,      2489,      2487,      2486
      2348,      1448,      1447,      2481,      2489
      2349,      2489,      2481,      2480,      2487
      2350,      2463,      2470,      2492,      2462
      2351,      2462,      2492,      2493,      2461
      2352,      2461,      2493,      2475,      2460
      2353,      2490,      2494,      2471,      2472
      2354,      2494,      2492,      2470,      2471
      2355,      2477,      2476,      2495,      2491
      2356,      2491,      2495,      2494,      2490
      2357,      2476,      2475,      2493,      2495
      2358,      2495,      2493,      2492,      2494
      2359,      2472,      2473,      2496,      2490
      2360,      2490,      2496,      2497,      2491
      2361,      2491,      2497,      2478,      2477
      2362,       230,      2498,      2474,       231
      2363,      2498,      2496,      2473,      2474
      2364,       229,      2499,      2498,       230
      2365,      2499,      2497,      2496,      2498
      2366,       228,      2479,      2499,       229
      2367,      2479,      2478,      2497,      2499
      2368,      2466,      2500,      2507,      2465
      2369,      2465,      2507,      2508,      2464
      2370,      2464,      2508,      2470,      2463
      2371,      2505,      2509,      2501,      2502
      2372,      2509,      2507,      2500,      2501
      2373,      2506,      2510,      2509,      2505
      2374,      2510,      2508,      2507,      2509
      2375,      2472,      2471,      2510,      2506
      2376,      2471,      2470,      2508,      2510
      2377,       233,      2511,      2504,       234
      2378,      2511,      2512,      2503,      2504
      2379,      2512,      2505,      2502,      2503
      2380,       231,      2474,      2513,       232
      2381,       232,      2513,      2511,       233
      2382,      2474,      2473,      2514,      2513
      2383,      2513,      2514,      2512,      2511
      2384,      2473,      2472,      2506,      2514
      2385,      2514,      2506,      2505,      2512
      2386,      2516,      2518,      2520,      2515
      2387,      2515,      2520,      2317,      2316
      2388,      2469,      2521,      2519,      2468
      2389,      2521,      2520,      2518,      2519
      2390,      2319,      2318,      2521,      2469
      2391,      2318,      2317,      2520,      2521
      2392,      2502,      2501,      2522,      2517
      2393,      2517,      2522,      2518,      2516
      2394,      2467,      2523,      2500,      2466
      2395,      2523,      2522,      2501,      2500
      2396,      2468,      2519,      2523,      2467
      2397,      2519,      2518,      2522,      2523
      2398,       236,      2524,      2526,       237
      2399,       237,      2526,      2314,       238
      2400,      2524,      2525,      2527,      2526
      2401,      2526,      2527,      2315,      2314
      2402,      2525,      2516,      2515,      2527
      2403,      2527,      2515,      2316,      2315
      2404,       234,      2504,      2528,       235
      2405,       235,      2528,      2524,       236
      2406,      2504,      2503,      2529,      2528
      2407,      2528,      2529,      2525,      2524
      2408,      2503,      2502,      2517,      2529
      2409,      2529,      2517,      2516,      2525
      2410,      2538,      2541,      2543,      2537
      2411,      2537,      2543,      2544,      2536
      2412,      2536,      2544,      2531,      2532
      2413,      2046,      2545,      2542,      2047
      2414,      2545,      2543,      2541,      2542
      2415,      2044,      2530,      2546,      2045
      2416,      2045,      2546,      2545,      2046
      2417,      2530,      2531,      2544,      2546
      2418,      2546,      2544,      2543,      2545
      2419,      2539,      2547,      2541,      2538
      2420,      2547,      2548,      2542,      2541
      2421,      2548,      2048,      2047,      2542
      2422,      1440,      1439,      2549,      2540
      2423,      2540,      2549,      2547,      2539
      2424,      1439,      1438,      2550,      2549
      2425,      2549,      2550,      2548,      2547
      2426,      1438,      1437,      2049,      2550
      2427,      2550,      2049,      2048,      2548
      2428,      2554,      2556,      2551,      2552
      2429,      2556,      2461,      2460,      2551
      2430,      2534,      2535,      2557,      2555
      2431,      2555,      2557,      2556,      2554
      2432,      2535,      2463,      2462,      2557
      2433,      2557,      2462,      2461,      2556
      2434,      2537,      2558,      2553,      2538
      2435,      2558,      2554,      2552,      2553
      2436,      2536,      2559,      2558,      2537
      2437,      2559,      2555,      2554,      2558
      2438,      2532,      2533,      2559,      2536
      2439,      2533,      2534,      2555,      2559
      2440,      2560,      2562,      1443,      1442
      2441,      2562,      2458,      1444,      1443
      2442,      2561,      2563,      2562,      2560
      2443,      2563,      2459,      2458,      2562
      2444,      2552,      2551,      2563,      2561
      2445,      2551,      2460,      2459,      2563
      2446,      2540,      2564,      1441,      1440
      2447,      2564,      2560,      1442,      1441
      2448,      2538,      2553,      2565,      2539
      2449,      2539,      2565,      2564,      2540
      2450,      2553,      2552,      2561,      2565
      2451,      2565,      2561,      2560,      2564
      2452,      2568,      2572,      2574,      2567
      2453,      2567,      2574,      2575,      2566
      2454,      2566,      2575,      2324,      2323
      2455,      2039,      2576,      2573,      2040
      2456,      2576,      2574,      2572,      2573
      2457,      2037,      2325,      2577,      2038
      2458,      2038,      2577,      2576,      2039
      2459,      2325,      2324,      2575,      2577
      2460,      2577,      2575,      2574,      2576
      2461,      2570,      2578,      2580,      2569
      2462,      2569,      2580,      2572,      2568
      2463,      2578,      2579,      2581,      2580
      2464,      2580,      2581,      2573,      2572
      2465,      2579,      2042,      2041,      2581
      2466,      2581,      2041,      2040,      2573
      2467,      2532,      2531,      2582,      2571
      2468,      2571,      2582,      2578,      2570
      2469,      2043,      2583,      2530,      2044
      2470,      2583,      2582,      2531,      2530
      2471,      2042,      2579,      2583,      2043
      2472,      2579,      2578,      2582,      2583
      2473,      2587,      2589,      2584,      2585
      2474,      2589,      2468,      2467,      2584
      2475,      2588,      2590,      2589,      2587
      2476,      2590,      2469,      2468,      2589
      2477,      2321,      2320,      2590,      2588
      2478,      2320,      2319,      2469,      2590
      2479,      2567,      2591,      2586,      2568
      2480,      2591,      2587,      2585,      2586
      2481,      2566,      2592,      2591,      2567
      2482,      2592,      2588,      2587,      2591
      2483,      2323,      2322,      2592,      2566
      2484,      2322,      2321,      2588,      2592
      2485,      2593,      2597,      2535,      2534
      2486,      2597,      2464,      2463,      2535
      2487,      2594,      2596,      2597,      2593
      2488,      2596,      2465,      2464,      2597
      2489,      2585,      2584,      2598,      2595
      2490,      2595,      2598,      2596,      2594
      2491,      2584,      2467,      2466,      2598
      2492,      2598,      2466,      2465,      2596
      2493,      2571,      2600,      2533,      2532
      2494,      2600,      2593,      2534,      2533
      2495,      2570,      2599,      2600,      2571
      2496,      2599,      2594,      2593,      2600
      2497,      2568,      2586,      2601,      2569
      2498,      2569,      2601,      2599,      2570
      2499,      2586,      2585,      2595,      2601
      2500,      2601,      2595,      2594,      2599
*****
